2026-07-24 12:41:36,481 [INFO] Activator:176 - 


2026-07-24 12:41:36,485 [INFO] Activator:177 - !SESSION log4j initialized
2026-07-24 12:41:39,662 [INFO] LogOutputStream:77 - [STDOUT_REDIRECT] 
2026-07-24 12:41:40,288 [INFO] ApplicationProperties:184 - Using Application install path: /opt/st/stm32cubeide_1.19.0/plugins/com.st.stm32cube.common.mx_6.15.0.202507011659
2026-07-24 12:41:40,305 [INFO] DbMcusXml:78 - Set database path to: /opt/st/stm32cubeide_1.19.0/plugins/com.st.stm32cube.common.mx_6.15.0.202507011659//db//mcu/
2026-07-24 12:41:40,305 [INFO] ApiDb:274 - Set plugin database path to: /opt/st/stm32cubeide_1.19.0/plugins/com.st.stm32cube.common.mx_6.15.0.202507011659//db//plugins/boardmanager/
2026-07-24 12:41:40,305 [WARN] ApiDb:259 - Overriding images path with different value:  => /opt/st/stm32cubeide_1.19.0/plugins/com.st.stm32cube.common.mx_6.15.0.202507011659//db//plugins/mcufinder/images/
2026-07-24 12:41:40,312 [INFO] ApiDb:250 - Set database path to: /home/sakshi/.stmcufinder/plugins/mcufinder//mcu/
2026-07-24 12:41:40,313 [INFO] DbMcusAds:125 - Set database path to: /home/sakshi/.stmcufinder/plugins/mcufinder//mcu/
2026-07-24 12:41:40,316 [INFO] CrossReferenceDbSqlite:203 - Set database path to: /home/sakshi/.stmcufinder/plugins/mcufinder//mcu/cs/
2026-07-24 12:41:40,449 [INFO] RulesReader:64 - Compatibility file has been processed (317 Rules)
2026-07-24 12:41:40,516 [INFO] DbMcusXml:78 - Set database path to: /opt/st/stm32cubeide_1.19.0/plugins/com.st.stm32cube.common.mx_6.15.0.202507011659//db//mcu/
2026-07-24 12:41:40,516 [INFO] ApiDb:274 - Set plugin database path to: /opt/st/stm32cubeide_1.19.0/plugins/com.st.stm32cube.common.mx_6.15.0.202507011659//db//plugins/boardmanager/
2026-07-24 12:41:40,516 [INFO] ApiDb:261 - Set plugin images path to: /opt/st/stm32cubeide_1.19.0/plugins/com.st.stm32cube.common.mx_6.15.0.202507011659//db//plugins/mcufinder/images/
2026-07-24 12:41:40,517 [WARN] DbFile:41 - Overriding database path with different value: /home/sakshi/.stmcufinder/plugins/mcufinder/ => /home/sakshi/.stmcufinder/plugins/mcufinder
2026-07-24 12:41:40,517 [INFO] ApiDb:250 - Set database path to: /home/sakshi/.stmcufinder/plugins/mcufinder//mcu/
2026-07-24 12:41:40,517 [WARN] DbFile:41 - Overriding database path with different value: /home/sakshi/.stmcufinder/plugins/mcufinder/ => /home/sakshi/.stmcufinder/plugins/mcufinder
2026-07-24 12:41:40,517 [INFO] DbMcusAds:125 - Set database path to: /home/sakshi/.stmcufinder/plugins/mcufinder//mcu/
2026-07-24 12:41:40,517 [WARN] DbFile:41 - Overriding database path with different value: /home/sakshi/.stmcufinder/plugins/mcufinder/ => /home/sakshi/.stmcufinder/plugins/mcufinder
2026-07-24 12:41:40,517 [WARN] DbFile:41 - Overriding database path with different value: /home/sakshi/.stmcufinder/plugins/mcufinder/ => /home/sakshi/.stmcufinder/plugins/mcufinder
2026-07-24 12:41:40,517 [INFO] CrossReferenceDbSqlite:203 - Set database path to: /home/sakshi/.stmcufinder/plugins/mcufinder//mcu/cs/
2026-07-24 12:41:40,587 [INFO] MainPanel:274 - HeapMemory: 268435456
2026-07-24 12:41:40,718 [INFO] DbMcusXml:78 - Set database path to: /opt/st/stm32cubeide_1.19.0/plugins/com.st.stm32cube.common.mx_6.15.0.202507011659//db//mcu/
2026-07-24 12:41:40,718 [INFO] ApiDb:274 - Set plugin database path to: /opt/st/stm32cubeide_1.19.0/plugins/com.st.stm32cube.common.mx_6.15.0.202507011659//db//plugins/boardmanager/
2026-07-24 12:41:40,718 [INFO] ApiDb:261 - Set plugin images path to: /opt/st/stm32cubeide_1.19.0/plugins/com.st.stm32cube.common.mx_6.15.0.202507011659//db//plugins/mcufinder/images/
2026-07-24 12:41:40,718 [WARN] DbFile:41 - Overriding database path with different value: /home/sakshi/.stmcufinder/plugins/mcufinder/ => /home/sakshi/.stmcufinder/plugins/mcufinder
2026-07-24 12:41:40,719 [INFO] ApiDb:250 - Set database path to: /home/sakshi/.stmcufinder/plugins/mcufinder//mcu/
2026-07-24 12:41:40,719 [WARN] DbFile:41 - Overriding database path with different value: /home/sakshi/.stmcufinder/plugins/mcufinder/ => /home/sakshi/.stmcufinder/plugins/mcufinder
2026-07-24 12:41:40,719 [INFO] DbMcusAds:125 - Set database path to: /home/sakshi/.stmcufinder/plugins/mcufinder//mcu/
2026-07-24 12:41:40,719 [WARN] DbFile:41 - Overriding database path with different value: /home/sakshi/.stmcufinder/plugins/mcufinder/ => /home/sakshi/.stmcufinder/plugins/mcufinder
2026-07-24 12:41:40,719 [WARN] DbFile:41 - Overriding database path with different value: /home/sakshi/.stmcufinder/plugins/mcufinder/ => /home/sakshi/.stmcufinder/plugins/mcufinder
2026-07-24 12:41:40,719 [INFO] CrossReferenceDbSqlite:203 - Set database path to: /home/sakshi/.stmcufinder/plugins/mcufinder//mcu/cs/
2026-07-24 12:41:40,736 [INFO] ApplicationProperties:184 - Using Application install path: /opt/st/stm32cubeide_1.19.0/plugins/com.st.stm32cube.common.mx_6.15.0.202507011659
2026-07-24 12:41:40,737 [INFO] PluginManage:196 - Search for loadable plugins [exclusion list=, ]
2026-07-24 12:41:40,739 [INFO] PluginManage:310 - Check plugin analytics
2026-07-24 12:41:40,890 [INFO] AnalyticsPlugin:253 - Accepted Software Licenses: 
2026-07-24 12:41:40,890 [INFO] AnalyticsPlugin:255 - Accepted CMSIS Pack Licenses: 
2026-07-24 12:41:40,891 [INFO] AnalyticsPlugin:257 - Accepted Firmware Licenses: 
2026-07-24 12:41:40,893 [INFO] PluginManage:359 - Loaded plugin analytics (category:tool,tabindex:-1)
2026-07-24 12:41:40,893 [INFO] PluginManage:310 - Check plugin cadmodel
2026-07-24 12:41:40,897 [INFO] CADModel:105 - Init CAD model plugin
2026-07-24 12:41:40,897 [INFO] PluginManage:359 - Loaded plugin cadmodel (category:power,tabindex:5)
2026-07-24 12:41:40,897 [INFO] PluginManage:310 - Check plugin clock
2026-07-24 12:41:40,905 [INFO] PluginManage:359 - Loaded plugin clock (category:base,tabindex:2)
2026-07-24 12:41:40,905 [INFO] PluginManage:310 - Check plugin ddr
2026-07-24 12:41:40,907 [INFO] PluginManage:359 - Loaded plugin ddr (category:tool,tabindex:6)
2026-07-24 12:41:40,907 [INFO] PluginManage:310 - Check plugin filemanager
2026-07-24 12:41:41,038 [INFO] PluginManage:359 - Loaded plugin filemanager (category:base,tabindex:10)
2026-07-24 12:41:41,039 [INFO] PluginManage:310 - Check plugin ipmanager
2026-07-24 12:41:41,043 [INFO] PluginManage:359 - Loaded plugin ipmanager (category:base,tabindex:5)
2026-07-24 12:41:41,043 [INFO] PluginManage:310 - Check plugin lpbam
2026-07-24 12:41:41,052 [INFO] PluginManage:359 - Loaded plugin lpbam (category:base,tabindex:0)
2026-07-24 12:41:41,052 [INFO] PluginManage:310 - Check plugin memorymap
2026-07-24 12:41:41,063 [INFO] PluginManage:359 - Loaded plugin memorymap (category:base,tabindex:4)
2026-07-24 12:41:41,063 [INFO] PluginManage:310 - Check plugin pinoutandconfiguration
2026-07-24 12:41:41,071 [INFO] PluginManage:359 - Loaded plugin pinoutandconfiguration (category:base,tabindex:1)
2026-07-24 12:41:41,071 [INFO] PluginManage:310 - Check plugin pinoutconfig
2026-07-24 12:41:41,149 [WARN] SupportedApi:132 - Cannot load RTOS API schema: s4s-elt-must-match.1: The content of 'definitions' must match (annotation?, (simpleType | complexType)?, (unique | key | keyref)*)). A problem was found starting at: attribute.
2026-07-24 12:41:41,270 [INFO] PluginManage:359 - Loaded plugin pinoutconfig (category:base,tabindex:0)
2026-07-24 12:41:41,270 [INFO] PluginManage:310 - Check plugin power
2026-07-24 12:41:41,278 [INFO] PluginManage:359 - Loaded plugin power (category:power,tabindex:4)
2026-07-24 12:41:41,278 [INFO] PluginManage:310 - Check plugin projectmanager
2026-07-24 12:41:41,292 [INFO] PluginManage:359 - Loaded plugin projectmanager (category:projectmanager,tabindex:4)
2026-07-24 12:41:41,292 [INFO] PluginManage:310 - Check plugin rif
2026-07-24 12:41:41,301 [INFO] PluginManage:359 - Loaded plugin rif (category:base,tabindex:3)
2026-07-24 12:41:41,301 [INFO] PluginManage:310 - Check plugin thirdparty
2026-07-24 12:41:41,409 [INFO] PluginManage:359 - Loaded plugin thirdparty (category:base,tabindex:-1)
2026-07-24 12:41:41,409 [INFO] PluginManage:310 - Check plugin tools
2026-07-24 12:41:41,409 [WARN] IntegrityCheckThread:84 - waiting for thirdparty lock release [integrity check]
2026-07-24 12:41:41,409 [INFO] IntegrityCheckThread:86 - entering critical section [integrity check]
2026-07-24 12:41:41,410 [INFO] ThirdPartyUpdaterWithRetryManager:70 - Updater plugin not ready yet. [1/15]
2026-07-24 12:41:41,411 [INFO] PluginManage:359 - Loaded plugin tools (category:base,tabindex:7)
2026-07-24 12:41:41,411 [INFO] PluginManage:310 - Check plugin tutovideos
2026-07-24 12:41:41,591 [INFO] PluginManage:359 - Loaded plugin tutovideos (category:base,tabindex:-1)
2026-07-24 12:41:41,592 [INFO] PluginManage:310 - Check plugin updater
2026-07-24 12:41:41,614 [INFO] PluginManage:359 - Loaded plugin updater (category:base,tabindex:12)
2026-07-24 12:41:41,614 [INFO] PluginManage:310 - Check plugin userauth
2026-07-24 12:41:41,618 [INFO] UserAuth:118 - Init User Auth plugin
2026-07-24 12:41:41,618 [INFO] PluginManage:359 - Loaded plugin userauth (category:base,tabindex:14)
2026-07-24 12:41:41,619 [INFO] PluginManage:283 - PluginManage : Loaded plugins [18]
2026-07-24 12:41:41,777 [INFO] PinOutPanel:1589 - setPackage(No Configuration,No Configuration)
2026-07-24 12:41:41,857 [INFO] CADModel:165 - CPN selected for project level
2026-07-24 12:41:41,857 [INFO] CADModel:114 - Register for checkConnection events
2026-07-24 12:41:41,871 [INFO] IPUIPlugin:80 - create IPUIPlugin
2026-07-24 12:41:41,871 [INFO] PluginManager:220 - loadIPPluginJar : add lorawan
2026-07-24 12:41:41,873 [INFO] IPUIPlugin:80 - create IPUIPlugin
2026-07-24 12:41:41,873 [INFO] PluginManager:220 - loadIPPluginJar : add extmemmanager
2026-07-24 12:41:41,875 [INFO] IPUIPlugin:80 - create IPUIPlugin
2026-07-24 12:41:41,875 [INFO] PluginManager:220 - loadIPPluginJar : add dma3
2026-07-24 12:41:41,877 [INFO] IPUIPlugin:80 - create IPUIPlugin
2026-07-24 12:41:41,877 [INFO] PluginManager:220 - loadIPPluginJar : add gtzc
2026-07-24 12:41:41,883 [INFO] IPUIPlugin:80 - create IPUIPlugin
2026-07-24 12:41:41,884 [INFO] PluginManager:220 - loadIPPluginJar : add dma
2026-07-24 12:41:41,886 [INFO] IPUIPlugin:80 - create IPUIPlugin
2026-07-24 12:41:41,886 [INFO] PluginManager:220 - loadIPPluginJar : add spi
2026-07-24 12:41:41,889 [INFO] IPUIPlugin:80 - create IPUIPlugin
2026-07-24 12:41:41,890 [INFO] PluginManager:220 - loadIPPluginJar : add ipddr
2026-07-24 12:41:41,893 [INFO] IPUIPlugin:80 - create IPUIPlugin
2026-07-24 12:41:41,894 [INFO] PluginManager:220 - loadIPPluginJar : add gpio
2026-07-24 12:41:41,900 [INFO] IPUIPlugin:80 - create IPUIPlugin
2026-07-24 12:41:41,901 [INFO] PluginManager:220 - loadIPPluginJar : add linkedlist
2026-07-24 12:41:41,903 [INFO] IPUIPlugin:80 - create IPUIPlugin
2026-07-24 12:41:41,903 [INFO] PluginManager:220 - loadIPPluginJar : add pdm2pcm
2026-07-24 12:41:41,907 [INFO] IPUIPlugin:80 - create IPUIPlugin
2026-07-24 12:41:41,907 [INFO] PluginManager:220 - loadIPPluginJar : add gic
2026-07-24 12:41:41,909 [INFO] IPUIPlugin:80 - create IPUIPlugin
2026-07-24 12:41:41,909 [INFO] PluginManager:220 - loadIPPluginJar : add dfsdm
2026-07-24 12:41:41,915 [INFO] IPUIPlugin:80 - create IPUIPlugin
2026-07-24 12:41:41,916 [INFO] PluginManager:220 - loadIPPluginJar : add adc
2026-07-24 12:41:41,917 [INFO] IPUIPlugin:80 - create IPUIPlugin
2026-07-24 12:41:41,917 [INFO] PluginManager:220 - loadIPPluginJar : add fatfs
2026-07-24 12:41:41,919 [INFO] IPUIPlugin:80 - create IPUIPlugin
2026-07-24 12:41:41,919 [INFO] PluginManager:220 - loadIPPluginJar : add opamp
2026-07-24 12:41:41,920 [INFO] IPUIPlugin:80 - create IPUIPlugin
2026-07-24 12:41:41,920 [INFO] PluginManager:220 - loadIPPluginJar : add gfxmmu
2026-07-24 12:41:41,921 [INFO] IPUIPlugin:80 - create IPUIPlugin
2026-07-24 12:41:41,921 [INFO] PluginManager:220 - loadIPPluginJar : add tracer_emb
2026-07-24 12:41:41,923 [INFO] IPUIPlugin:80 - create IPUIPlugin
2026-07-24 12:41:41,923 [INFO] PluginManager:220 - loadIPPluginJar : add usbx
2026-07-24 12:41:41,924 [INFO] IPUIPlugin:80 - create IPUIPlugin
2026-07-24 12:41:41,925 [INFO] PluginManager:220 - loadIPPluginJar : add comp
2026-07-24 12:41:41,925 [INFO] IPUIPlugin:80 - create IPUIPlugin
2026-07-24 12:41:41,926 [INFO] PluginManager:220 - loadIPPluginJar : add genericplugin
2026-07-24 12:41:41,927 [INFO] IPUIPlugin:80 - create IPUIPlugin
2026-07-24 12:41:41,927 [INFO] PluginManager:220 - loadIPPluginJar : add aes
2026-07-24 12:41:41,929 [INFO] IPUIPlugin:80 - create IPUIPlugin
2026-07-24 12:41:41,929 [INFO] PluginManager:220 - loadIPPluginJar : add cryp
2026-07-24 12:41:41,930 [INFO] IPUIPlugin:80 - create IPUIPlugin
2026-07-24 12:41:41,930 [INFO] PluginManager:220 - loadIPPluginJar : add quadspi
2026-07-24 12:41:41,933 [INFO] IPUIPlugin:80 - create IPUIPlugin
2026-07-24 12:41:41,934 [INFO] PluginManager:220 - loadIPPluginJar : add fmc
2026-07-24 12:41:41,935 [INFO] IPUIPlugin:80 - create IPUIPlugin
2026-07-24 12:41:41,935 [INFO] PluginManager:220 - loadIPPluginJar : add hash
2026-07-24 12:41:41,939 [INFO] IPUIPlugin:80 - create IPUIPlugin
2026-07-24 12:41:41,940 [INFO] PluginManager:220 - loadIPPluginJar : add freertos
2026-07-24 12:41:41,940 [INFO] IPUIPlugin:80 - create IPUIPlugin
2026-07-24 12:41:41,941 [INFO] PluginManager:220 - loadIPPluginJar : add ltdc
2026-07-24 12:41:41,943 [INFO] IPUIPlugin:80 - create IPUIPlugin
2026-07-24 12:41:41,943 [INFO] PluginManager:220 - loadIPPluginJar : add nvic
2026-07-24 12:41:41,945 [INFO] IPUIPlugin:80 - create IPUIPlugin
2026-07-24 12:41:41,945 [INFO] PluginManager:220 - loadIPPluginJar : add ucpd
2026-07-24 12:41:41,946 [INFO] IPUIPlugin:80 - create IPUIPlugin
2026-07-24 12:41:41,947 [INFO] PluginManager:220 - loadIPPluginJar : add usart
2026-07-24 12:41:41,948 [INFO] IPUIPlugin:80 - create IPUIPlugin
2026-07-24 12:41:41,948 [INFO] PluginManager:220 - loadIPPluginJar : add ts
2026-07-24 12:41:41,950 [INFO] IPUIPlugin:80 - create IPUIPlugin
2026-07-24 12:41:41,951 [INFO] PluginManager:220 - loadIPPluginJar : add resmgrutility
2026-07-24 12:41:41,956 [INFO] IPUIPlugin:80 - create IPUIPlugin
2026-07-24 12:41:41,958 [INFO] PluginManager:220 - loadIPPluginJar : add plateformsettings
2026-07-24 12:41:41,960 [INFO] IPUIPlugin:80 - create IPUIPlugin
2026-07-24 12:41:41,960 [INFO] PluginManager:220 - loadIPPluginJar : add ddr_ctrl_phy
2026-07-24 12:41:41,965 [INFO] IPUIPlugin:80 - create IPUIPlugin
2026-07-24 12:41:41,965 [INFO] PluginManager:220 - loadIPPluginJar : add mdma
2026-07-24 12:41:41,970 [INFO] IPUIPlugin:80 - create IPUIPlugin
2026-07-24 12:41:41,970 [INFO] PluginManager:220 - loadIPPluginJar : add stm32_wpan
2026-07-24 12:41:41,972 [INFO] IPUIPlugin:80 - create IPUIPlugin
2026-07-24 12:41:41,972 [INFO] PluginManager:220 - loadIPPluginJar : add openamp
2026-07-24 12:41:41,973 [INFO] IPUIPlugin:80 - create IPUIPlugin
2026-07-24 12:41:41,973 [INFO] PluginManager:220 - loadIPPluginJar : add tim
2026-07-24 12:41:41,974 [INFO] IPUIPlugin:80 - create IPUIPlugin
2026-07-24 12:41:41,975 [INFO] PluginManager:220 - loadIPPluginJar : add i2s
2026-07-24 12:41:41,977 [INFO] IPUIPlugin:80 - create IPUIPlugin
2026-07-24 12:41:41,977 [INFO] PluginManager:220 - loadIPPluginJar : add sai
2026-07-24 12:41:41,979 [INFO] IPUIPlugin:80 - create IPUIPlugin
2026-07-24 12:41:41,979 [INFO] PluginManager:220 - loadIPPluginJar : add i2c
2026-07-24 12:41:41,980 [INFO] IPUIPlugin:80 - create IPUIPlugin
2026-07-24 12:41:41,980 [INFO] PluginManager:220 - loadIPPluginJar : add can
2026-07-24 12:41:41,981 [INFO] IPUIPlugin:80 - create IPUIPlugin
2026-07-24 12:41:41,982 [INFO] PluginManager:220 - loadIPPluginJar : add radio
2026-07-24 12:41:41,983 [INFO] IPUIPlugin:80 - create IPUIPlugin
2026-07-24 12:41:41,983 [INFO] PluginManager:220 - loadIPPluginJar : add tsc
2026-07-24 12:41:41,985 [INFO] IPUIPlugin:80 - create IPUIPlugin
2026-07-24 12:41:41,985 [INFO] PluginManager:220 - loadIPPluginJar : add touchsensing
2026-07-24 12:41:41,987 [INFO] IPUIPlugin:80 - create IPUIPlugin
2026-07-24 12:41:41,987 [INFO] PluginManager:220 - loadIPPluginJar : add i3c
2026-07-24 12:41:42,085 [FATAL] Updater:351 - Updater called before beeing initialized
2026-07-24 12:41:42,110 [INFO] RulesReader:64 - Compatibility file has been processed (317 Rules)
2026-07-24 12:41:42,120 [INFO] RulesReader:64 - Compatibility file has been processed (317 Rules)
2026-07-24 12:41:42,126 [INFO] CADModel:165 - CPN selected for project level
2026-07-24 12:41:42,127 [INFO] CADModel:114 - Register for checkConnection events
2026-07-24 12:41:42,127 [FATAL] Updater:351 - Updater called before beeing initialized
2026-07-24 12:41:42,127 [ERROR] CADModel:125 - Updater not yet initialized, retry later 
2026-07-24 12:41:42,242 [FATAL] Updater:351 - Updater called before beeing initialized
2026-07-24 12:41:42,244 [INFO] CADModel:165 - CPN selected for project level
2026-07-24 12:41:42,244 [INFO] CADModel:114 - Register for checkConnection events
2026-07-24 12:41:42,245 [FATAL] Updater:351 - Updater called before beeing initialized
2026-07-24 12:41:42,245 [ERROR] CADModel:125 - Updater not yet initialized, retry later 
2026-07-24 12:41:42,248 [FATAL] Updater:351 - Updater called before beeing initialized
2026-07-24 12:41:42,346 [FATAL] Updater:351 - Updater called before beeing initialized
2026-07-24 12:41:42,349 [INFO] DbMcusAds:53 - JSON generation date=Wed Jul 15 15:16:00 IST 2026 (1784108760991)
2026-07-24 12:41:42,350 [FATAL] Updater:351 - Updater called before beeing initialized
2026-07-24 12:41:42,381 [WARN] DetailPanel:346 - Failed to get advertising image, set to default
2026-07-24 12:41:42,459 [FATAL] Updater:351 - Updater called before beeing initialized
2026-07-24 12:41:42,461 [FATAL] Updater:351 - Updater called before beeing initialized
2026-07-24 12:41:42,461 [FATAL] Updater:351 - Updater called before beeing initialized
2026-07-24 12:41:42,461 [WARN] DetailPanel:346 - Failed to get advertising image, set to default
2026-07-24 12:41:42,462 [FATAL] Updater:351 - Updater called before beeing initialized
2026-07-24 12:41:42,491 [ERROR] Updater:1198 - MainUpdater not yet initialized. External WinMGr cannot be set.
2026-07-24 12:41:42,492 [INFO] Updater:1134 - Updater Version found : 6.15.0
2026-07-24 12:41:42,506 [INFO] ApplicationProperties:184 - Using Application install path: /opt/st/stm32cubeide_1.19.0/plugins/com.st.stm32cube.common.mx_6.15.0.202507011659
2026-07-24 12:41:42,517 [ERROR] LogOutputStream:75 - [STDERR_REDIRECT] Jul 24, 2026 12:41:42 PM java.util.prefs.FileSystemPreferences$2 run
2026-07-24 12:41:42,518 [ERROR] LogOutputStream:75 - [STDERR_REDIRECT] WARNING: Could not create system preferences directory. System preferences are unusable.
2026-07-24 12:41:42,518 [ERROR] LogOutputStream:75 - [STDERR_REDIRECT] 
2026-07-24 12:41:42,670 [INFO] MainUpdater:2872 - connection check result : 22
2026-07-24 12:41:42,671 [INFO] MainUpdater:289 - Updater Check For Update Now.
2026-07-24 12:41:42,671 [INFO] MicroXplorer:498 - Change Database Version : DB.6.0.150
2026-07-24 12:41:42,674 [INFO] McuFinderGlobals:63 - Set McuFinder mode to 2 (CubeIDE integrated)
2026-07-24 12:41:42,675 [INFO] UserAuth:171 - activating auth plugin
2026-07-24 12:41:42,677 [INFO] UserAuth:487 - Internet connection configuration mode: 2
2026-07-24 12:41:42,681 [INFO] UserAuth:487 - Internet connection configuration mode: 2
2026-07-24 12:41:42,842 [INFO] CheckServerUpdateThread:120 - End of CheckServer Thread
2026-07-24 12:41:44,586 [WARN] PackLoader:240 - Cannot read IP mode file for STMicroelectronics.X-CUBE-AZRTOS-H7.3.5.0
2026-07-24 12:41:44,596 [WARN] PackLoader:240 - Cannot read IP mode file for STMicroelectronics.FP-ATR-ASTRA1.2.0.3
2026-07-24 12:41:44,600 [WARN] PackLoader:240 - Cannot read IP mode file for STMicroelectronics.FP-ATR-ASTRA1.2.0.2
2026-07-24 12:41:44,605 [ERROR] Engine:466 - /home/sakshi/.stm32cubemx/thirdparties/pdsc/STMicroelectronics.X-CUBE-SMBUS.2.1.1.pdsc: PDSC version is not supported
2026-07-24 12:41:44,607 [WARN] PackLoader:240 - Cannot read IP mode file for STMicroelectronics.X-CUBE-SMBUS.2.1.0
2026-07-24 12:41:44,623 [WARN] PackLoader:240 - Cannot read IP mode file for STMicroelectronics.X-CUBE-AZRTOS-F7.1.1.0
2026-07-24 12:41:44,633 [WARN] PackLoader:240 - Cannot read IP mode file for STMicroelectronics.X-CUBE-FREERTOS.1.6.0
2026-07-24 12:41:44,638 [WARN] PackLoader:240 - Cannot read IP mode file for STMicroelectronics.FP-SNS-MOTENV1.5.1.0
2026-07-24 12:41:44,664 [WARN] PackLoader:240 - Cannot read IP mode file for STMicroelectronics.X-CUBE-AZRTOS-H7RS.1.3.0
2026-07-24 12:41:44,675 [WARN] PackLoader:240 - Cannot read IP mode file for WES.I-CUBE-Cesium.1.4.0
2026-07-24 12:41:44,681 [WARN] PackLoader:240 - Cannot read IP mode file for STMicroelectronics.X-CUBE-DISPLAY.3.0.0
2026-07-24 12:41:44,692 [WARN] PackLoader:240 - Cannot read IP mode file for STMicroelectronics.X-CUBE-GNSS1.7.1.1
2026-07-24 12:41:44,698 [WARN] PackLoader:240 - Cannot read IP mode file for STMicroelectronics.FP-SNS-MOTENVWB1.1.5.0
2026-07-24 12:41:44,703 [WARN] PackLoader:240 - Cannot read IP mode file for STMicroelectronics.X-CUBE-NFC10.1.0.0
2026-07-24 12:41:44,709 [WARN] PackLoader:240 - Cannot read IP mode file for STMicroelectronics.X-CUBE-ST60.1.1.0
2026-07-24 12:41:44,714 [WARN] PackLoader:240 - Cannot read IP mode file for emotas.I-CUBE-CANOPEN.1.3.0
2026-07-24 12:41:44,716 [ERROR] Engine:466 - /home/sakshi/.stm32cubemx/thirdparties/pdsc/STMicroelectronics.X-CUBE-WBA.1.1.0.pdsc: PDSC version is not supported
2026-07-24 12:41:44,720 [WARN] PackLoader:240 - Cannot read IP mode file for STMicroelectronics.X-CUBE-GNSS1.7.1.0
2026-07-24 12:41:44,728 [WARN] PackLoader:240 - Cannot read IP mode file for STMicroelectronics.FP-SNS-STBOX1.2.1.0
2026-07-24 12:41:44,734 [WARN] PackLoader:240 - Cannot read IP mode file for STMicroelectronics.FP-SNS-SMARTAG2.1.2.0
2026-07-24 12:41:44,738 [WARN] PackLoader:240 - Cannot read IP mode file for STMicroelectronics.FP-SNS-FLIGHT1.5.1.0
2026-07-24 12:41:44,745 [INFO] LogOutputStream:77 - [STDOUT_REDIRECT] 1 : Invalid condition id : UX_CORESTACK_Condition cause : null
2026-07-24 12:41:44,745 [INFO] LogOutputStream:77 - [STDOUT_REDIRECT] 1 : Invalid condition id : UX_CORESTACK_Condition cause : null
2026-07-24 12:41:44,746 [INFO] LogOutputStream:77 - [STDOUT_REDIRECT] 1 : Invalid condition id : UX_CORESTACK_Condition cause : null
2026-07-24 12:41:44,746 [INFO] LogOutputStream:77 - [STDOUT_REDIRECT] 1 : Invalid condition id : UX_CORESTACK_Condition cause : null
2026-07-24 12:41:44,746 [INFO] LogOutputStream:77 - [STDOUT_REDIRECT] 1 : Invalid condition id : UX_CORESTACK_Condition cause : null
2026-07-24 12:41:44,749 [WARN] PackLoader:240 - Cannot read IP mode file for STMicroelectronics.X-CUBE-AZRTOS-WL.2.0.0
2026-07-24 12:41:44,764 [WARN] PackLoader:240 - Cannot read IP mode file for STMicroelectronics.X-CUBE-AZRTOS-H7RS.1.2.0
2026-07-24 12:41:44,771 [WARN] PackLoader:240 - Cannot read IP mode file for STMicroelectronics.X-CUBE-BLE2.3.3.0
2026-07-24 12:41:44,797 [WARN] PackLoader:240 - Cannot read IP mode file for Infineon.AIROC-Wi-Fi-Bluetooth-STM32.1.8.0
2026-07-24 12:41:44,807 [WARN] PackLoader:240 - Cannot read IP mode file for STMicroelectronics.X-CUBE-NFC9.1.0.0
2026-07-24 12:41:44,812 [WARN] PackLoader:240 - Cannot read IP mode file for STMicroelectronics.X-CUBE-BLE1.7.1.0
2026-07-24 12:41:44,816 [WARN] PackLoader:240 - Cannot read IP mode file for wolfSSL.I-CUBE-wolfMQTT.1.19.2
2026-07-24 12:41:44,822 [WARN] PackLoader:240 - Cannot read IP mode file for STMicroelectronics.X-CUBE-EEPRMA1.5.2.0
2026-07-24 12:41:44,827 [WARN] PackLoader:240 - Cannot read IP mode file for wolfSSL.I-CUBE-wolfSSL.5.8.4
2026-07-24 12:41:44,830 [WARN] PackLoader:240 - Cannot read IP mode file for Cesanta.I-CUBE-Mongoose.7.20.0
2026-07-24 12:41:44,834 [WARN] PackLoader:240 - Cannot read IP mode file for STMicroelectronics.FP-SNS-STAIOTCFT.1.1.0
2026-07-24 12:41:44,897 [WARN] PackLoader:240 - Cannot read IP mode file for STMicroelectronics.X-CUBE-MEMS1.12.0.0
2026-07-24 12:41:44,981 [WARN] PackLoader:240 - Cannot read IP mode file for STMicroelectronics.X-CUBE-AZRTOS-G0.1.1.0
2026-07-24 12:41:44,988 [WARN] PackLoader:240 - Cannot read IP mode file for STMicroelectronics.X-CUBE-NFC4.3.0.0
2026-07-24 12:41:44,994 [WARN] PackLoader:240 - Cannot read IP mode file for EmbeddedOffice.I-CUBE-FS-RTOS.1.0.1
2026-07-24 12:41:44,998 [WARN] PackLoader:240 - Cannot read IP mode file for STMicroelectronics.X-CUBE-WB05N.2.0.0
2026-07-24 12:41:45,001 [WARN] PackLoader:240 - Cannot read IP mode file for wolfSSL.I-CUBE-wolfTPM.3.8.0
2026-07-24 12:41:45,004 [WARN] PackLoader:240 - Cannot read IP mode file for STMicroelectronics.X-CUBE-TCPP.4.2.0
2026-07-24 12:41:45,015 [WARN] PackLoader:240 - Cannot read IP mode file for RealThread.X-CUBE-RT-Thread_Nano.4.1.1
2026-07-24 12:41:45,020 [WARN] PackLoader:240 - Cannot read IP mode file for STMicroelectronics.FP-ATR-SIGFOX1.3.2.0
2026-07-24 12:41:45,024 [WARN] PackLoader:240 - Cannot read IP mode file for STMicroelectronics.X-CUBE-FREERTOS.1.5.0
2026-07-24 12:41:45,028 [WARN] PackLoader:240 - Cannot read IP mode file for ITTIA_DB.I-CUBE-ITTIADB.8.9.0
2026-07-24 12:41:45,033 [WARN] PackLoader:240 - Cannot read IP mode file for STMicroelectronics.X-CUBE-NFC6.3.2.0
2026-07-24 12:41:45,038 [WARN] PackLoader:240 - Cannot read IP mode file for STMicroelectronics.X-CUBE-AI.10.2.1
2026-07-24 12:41:45,041 [WARN] PackLoader:240 - Cannot read IP mode file for STMicroelectronics.X-CUBE-AI.10.2.0
2026-07-24 12:41:45,076 [WARN] PackLoader:240 - Cannot read IP mode file for STMicroelectronics.X-CUBE-MEMS1.12.1.0
2026-07-24 12:41:45,206 [WARN] PackLoader:240 - Cannot read IP mode file for SEGGER.I-CUBE-embOS.1.3.1
2026-07-24 12:41:45,237 [WARN] PackLoader:240 - Cannot read IP mode file for STMicroelectronics.X-CUBE-ALGOBUILD.1.4.0
2026-07-24 12:41:45,242 [WARN] PackLoader:240 - Cannot read IP mode file for STMicroelectronics.X-CUBE-NFC13.1.0.0
2026-07-24 12:41:45,245 [WARN] PackLoader:240 - Cannot read IP mode file for STMicroelectronics.X-CUBE-PM33A1.1.0.0
2026-07-24 12:41:45,255 [WARN] PackLoader:240 - Cannot read IP mode file for STMicroelectronics.X-CUBE-AZRTOS-F4.1.1.0
2026-07-24 12:41:45,260 [WARN] PackLoader:240 - Cannot read IP mode file for STMicroelectronics.X-CUBE-ISPU.2.1.0
2026-07-24 12:41:45,268 [WARN] PackLoader:240 - Cannot read IP mode file for STMicroelectronics.X-CUBE-IPS.3.2.0
2026-07-24 12:41:45,275 [WARN] PackLoader:240 - Cannot read IP mode file for STMicroelectronics.eDS-WB_DPC_TT-BIDIR.2.1.1
2026-07-24 12:41:45,278 [WARN] PackLoader:240 - Cannot read IP mode file for STMicroelectronics.X-CUBE-NFC12.1.0.0
2026-07-24 12:41:45,289 [WARN] PackLoader:240 - Cannot read IP mode file for STMicroelectronics.X-CUBE-AZRTOS-L5.2.0.0
2026-07-24 12:41:45,294 [WARN] PackLoader:240 - Cannot read IP mode file for STMicroelectronics.X-CUBE-ALGOBUILD.1.5.0
2026-07-24 12:41:45,296 [WARN] PackLoader:240 - Cannot read IP mode file for STMicroelectronics.eDS-WB_DPC_VIENNA.1.2.0
2026-07-24 12:41:45,298 [WARN] PackLoader:240 - Cannot read IP mode file for STMicroelectronics.eDS-WB_DPC_3PH2L-BIDIR.1.1.1
2026-07-24 12:41:45,300 [ERROR] Engine:466 - /home/sakshi/.stm32cubemx/thirdparties/pdsc/STMicroelectronics.X-CUBE-ST67W61.1.3.0.pdsc: PDSC version is not supported
2026-07-24 12:41:45,302 [WARN] PackLoader:240 - Cannot read IP mode file for STMicroelectronics.X-CUBE-TOUCHGFX.4.26.1
2026-07-24 12:41:45,304 [WARN] PackLoader:240 - Cannot read IP mode file for STMicroelectronics.FP-SNS-STAIOTCFT.1.0.0
2026-07-24 12:41:45,307 [WARN] PackLoader:240 - Cannot read IP mode file for STMicroelectronics.X-CUBE-DPower.1.3.0
2026-07-24 12:41:45,317 [WARN] ConditionMgr:438 - getConditionDescription Invalid condition id : LAN8742 Phy interface Condition cause : null
2026-07-24 12:41:45,318 [WARN] PackLoader:240 - Cannot read IP mode file for STMicroelectronics.X-CUBE-AZRTOS-L4.2.0.0
2026-07-24 12:41:45,318 [WARN] ConditionMgr:1044 - genDependencies : Invalid condition id : LAN8742 Phy interface Condition cause : null
2026-07-24 12:41:45,319 [WARN] ConditionMgr:1044 - genDependencies : Invalid condition id : LAN8742 Phy interface Condition cause : null
2026-07-24 12:41:45,319 [WARN] ConditionMgr:1044 - genDependencies : Invalid condition id : LAN8742 Phy interface Condition cause : null
2026-07-24 12:41:45,324 [WARN] PackLoader:240 - Cannot read IP mode file for STMicroelectronics.X-CUBE-SFXS2LP1.4.0.0
2026-07-24 12:41:45,328 [WARN] PackLoader:240 - Cannot read IP mode file for STMicroelectronics.X-CUBE-WB05N.2.1.0
2026-07-24 12:41:45,331 [WARN] PackLoader:240 - Cannot read IP mode file for STMicroelectronics.X-CUBE-ST67W61.1.2.0
2026-07-24 12:41:45,338 [WARN] PackLoader:240 - Cannot read IP mode file for STMicroelectronics.X-CUBE-BLEMGR.4.1.0
2026-07-24 12:41:45,347 [WARN] ConditionMgr:438 - getConditionDescription Invalid condition id : UX DEVICE CLASS RTOS Condition cause : null
2026-07-24 12:41:45,347 [WARN] ConditionMgr:438 - getConditionDescription Invalid condition id : UX DEVICE CLASS RTOS Condition cause : null
2026-07-24 12:41:45,348 [WARN] PackLoader:240 - Cannot read IP mode file for STMicroelectronics.X-CUBE-AZRTOS-WB.2.0.0
2026-07-24 12:41:45,349 [WARN] ConditionMgr:1044 - genDependencies : Invalid condition id : UX DEVICE CLASS RTOS Condition cause : null
2026-07-24 12:41:45,349 [WARN] ConditionMgr:1044 - genDependencies : Invalid condition id : UX DEVICE CLASS RTOS Condition cause : null
2026-07-24 12:41:45,349 [WARN] ConditionMgr:1044 - genDependencies : Invalid condition id : UX DEVICE CLASS RTOS Condition cause : null
2026-07-24 12:41:45,349 [WARN] ConditionMgr:1044 - genDependencies : Invalid condition id : UX DEVICE CLASS RTOS Condition cause : null
2026-07-24 12:41:45,349 [WARN] ConditionMgr:1044 - genDependencies : Invalid condition id : UX DEVICE CLASS RTOS Condition cause : null
2026-07-24 12:41:45,352 [WARN] ConditionMgr:438 - getConditionDescription Invalid condition id : Cortex-A Device cause : null
2026-07-24 12:41:45,356 [WARN] ConditionMgr:1044 - genDependencies : Invalid condition id : Cortex-A Device cause : null
2026-07-24 12:41:45,357 [WARN] ConditionMgr:1044 - genDependencies : Invalid condition id : Cortex-A Device cause : null
2026-07-24 12:41:45,357 [WARN] ConditionMgr:1044 - genDependencies : Invalid condition id : Cortex-A Device cause : null
2026-07-24 12:41:45,360 [WARN] PackLoader:240 - Cannot read IP mode file for STMicroelectronics.X-CUBE-STSE01.2.0.0
2026-07-24 12:41:45,367 [WARN] PackLoader:240 - Cannot read IP mode file for STMicroelectronics.X-CUBE-SUBG2.5.0.0
2026-07-24 12:41:45,378 [WARN] PackLoader:240 - Cannot read IP mode file for STMicroelectronics.X-CUBE-AZRTOS-G4.2.0.0
2026-07-24 12:41:45,381 [WARN] PackLoader:240 - Cannot read IP mode file for wolfSSL.I-CUBE-wolfSSH.1.4.20
2026-07-24 12:41:45,384 [WARN] PackLoader:240 - Cannot read IP mode file for STMicroelectronics.X-CUBE-NFC7.2.0.0
2026-07-24 12:41:45,387 [ERROR] Engine:466 - /home/sakshi/.stm32cubemx/thirdparties/pdsc/STMicroelectronics.X-CUBE-BLEMGR.4.2.0.pdsc: PDSC version is not supported
2026-07-24 12:41:45,389 [WARN] PackLoader:240 - Cannot read IP mode file for STMicroelectronics.X-CUBE-ALS.1.0.2
2026-07-24 12:41:45,395 [WARN] PackLoader:240 - Cannot read IP mode file for STMicroelectronics.X-CUBE-TOF1.3.4.3
2026-07-24 12:41:45,410 [INFO] ThirdParty:978 - Integrity check success = true
2026-07-24 12:41:45,411 [INFO] IntegrityCheckThread:100 - exiting critical section [integrity check]
2026-07-24 12:41:45,411 [INFO] IntegrityCheckThread:103 - End integrity checks thread
2026-07-24 12:42:10,565 [ERROR] LogOutputStream:75 - [STDERR_REDIRECT] Jul 24, 2026 12:42:10 PM java.util.prefs.FileSystemPreferences checkLockFile0ErrorCode
2026-07-24 12:42:10,565 [ERROR] LogOutputStream:75 - [STDERR_REDIRECT] WARNING: Could not lock System prefs. Unix error code 2.
2026-07-24 12:42:10,566 [ERROR] LogOutputStream:75 - [STDERR_REDIRECT] 
2026-07-24 12:42:10,566 [ERROR] LogOutputStream:75 - [STDERR_REDIRECT] Jul 24, 2026 12:42:10 PM java.util.prefs.FileSystemPreferences syncWorld
2026-07-24 12:42:10,566 [ERROR] LogOutputStream:75 - [STDERR_REDIRECT] WARNING: Couldn't flush system prefs: java.util.prefs.BackingStoreException: Couldn't get file lock.
2026-07-24 12:42:10,566 [ERROR] LogOutputStream:75 - [STDERR_REDIRECT] 
2026-07-24 12:42:40,559 [ERROR] LogOutputStream:75 - [STDERR_REDIRECT] Jul 24, 2026 12:42:40 PM java.util.prefs.FileSystemPreferences checkLockFile0ErrorCode
2026-07-24 12:42:40,560 [ERROR] LogOutputStream:75 - [STDERR_REDIRECT] WARNING: Could not lock System prefs. Unix error code 2.
2026-07-24 12:42:40,560 [ERROR] LogOutputStream:75 - [STDERR_REDIRECT] 
2026-07-24 12:42:40,560 [ERROR] LogOutputStream:75 - [STDERR_REDIRECT] Jul 24, 2026 12:42:40 PM java.util.prefs.FileSystemPreferences syncWorld
2026-07-24 12:42:40,561 [ERROR] LogOutputStream:75 - [STDERR_REDIRECT] WARNING: Couldn't flush system prefs: java.util.prefs.BackingStoreException: Couldn't get file lock.
2026-07-24 12:42:40,561 [ERROR] LogOutputStream:75 - [STDERR_REDIRECT] 
2026-07-24 12:43:10,557 [ERROR] LogOutputStream:75 - [STDERR_REDIRECT] Jul 24, 2026 12:43:10 PM java.util.prefs.FileSystemPreferences checkLockFile0ErrorCode
2026-07-24 12:43:10,558 [ERROR] LogOutputStream:75 - [STDERR_REDIRECT] WARNING: Could not lock System prefs. Unix error code 2.
2026-07-24 12:43:10,558 [ERROR] LogOutputStream:75 - [STDERR_REDIRECT] 
2026-07-24 12:43:10,559 [ERROR] LogOutputStream:75 - [STDERR_REDIRECT] Jul 24, 2026 12:43:10 PM java.util.prefs.FileSystemPreferences syncWorld
2026-07-24 12:43:10,559 [ERROR] LogOutputStream:75 - [STDERR_REDIRECT] WARNING: Couldn't flush system prefs: java.util.prefs.BackingStoreException: Couldn't get file lock.
2026-07-24 12:43:10,559 [ERROR] LogOutputStream:75 - [STDERR_REDIRECT] 
2026-07-24 12:43:40,558 [ERROR] LogOutputStream:75 - [STDERR_REDIRECT] Jul 24, 2026 12:43:40 PM java.util.prefs.FileSystemPreferences checkLockFile0ErrorCode
2026-07-24 12:43:40,559 [ERROR] LogOutputStream:75 - [STDERR_REDIRECT] WARNING: Could not lock System prefs. Unix error code 2.
2026-07-24 12:43:40,559 [ERROR] LogOutputStream:75 - [STDERR_REDIRECT] 
2026-07-24 12:43:40,560 [ERROR] LogOutputStream:75 - [STDERR_REDIRECT] Jul 24, 2026 12:43:40 PM java.util.prefs.FileSystemPreferences syncWorld
2026-07-24 12:43:40,560 [ERROR] LogOutputStream:75 - [STDERR_REDIRECT] WARNING: Couldn't flush system prefs: java.util.prefs.BackingStoreException: Couldn't get file lock.
2026-07-24 12:43:40,560 [ERROR] LogOutputStream:75 - [STDERR_REDIRECT] 
2026-07-24 12:43:57,967 [INFO] McuFinderGlobals:63 - Set McuFinder mode to 2 (CubeIDE integrated)
2026-07-24 12:43:57,974 [INFO] MainUpdater:2872 - connection check result : 22
2026-07-24 12:43:57,976 [INFO] MainUpdater:2872 - connection check result : 22
2026-07-24 12:44:10,559 [ERROR] LogOutputStream:75 - [STDERR_REDIRECT] Jul 24, 2026 12:44:10 PM java.util.prefs.FileSystemPreferences checkLockFile0ErrorCode
2026-07-24 12:44:10,560 [ERROR] LogOutputStream:75 - [STDERR_REDIRECT] WARNING: Could not lock System prefs. Unix error code 2.
2026-07-24 12:44:10,560 [ERROR] LogOutputStream:75 - [STDERR_REDIRECT] 
2026-07-24 12:44:10,561 [ERROR] LogOutputStream:75 - [STDERR_REDIRECT] Jul 24, 2026 12:44:10 PM java.util.prefs.FileSystemPreferences syncWorld
2026-07-24 12:44:10,561 [ERROR] LogOutputStream:75 - [STDERR_REDIRECT] WARNING: Couldn't flush system prefs: java.util.prefs.BackingStoreException: Couldn't get file lock.
2026-07-24 12:44:10,561 [ERROR] LogOutputStream:75 - [STDERR_REDIRECT] 
2026-07-24 12:44:23,116 [INFO] MainUpdater:2872 - connection check result : 22
2026-07-24 12:44:28,484 [INFO] MainUpdater:2872 - connection check result : 22
2026-07-24 12:44:38,048 [INFO] MainUpdater:2872 - connection check result : 22
2026-07-24 12:44:40,062 [INFO] MicroXplorer:468 - Change Database Path : 
2026-07-24 12:44:40,063 [INFO] MicroXplorer:498 - Change Database Version : DB.6.0.150
2026-07-24 12:44:40,069 [WARN] ThirdParty:871 - waiting for thirdparty lock release [close project]
2026-07-24 12:44:40,069 [INFO] ThirdParty:873 - entering critical section [close project]
2026-07-24 12:44:40,070 [INFO] ThirdParty:883 - exiting critical section [close project]
2026-07-24 12:44:40,072 [INFO] PinOutPanel:1589 - setPackage(No Configuration,No Configuration)
2026-07-24 12:44:40,074 [INFO] UtilMem:75 - Begin LoadConfig() Used Memory: 213126832 Bytes (319815680)
2026-07-24 12:44:40,081 [INFO] MicroXplorer:468 - Change Database Path : /home/sakshi/.stm32cubemx/databases/DB.6.0.130/db/
2026-07-24 12:44:40,082 [INFO] MicroXplorer:498 - Change Database Version : DB.6.0.130
2026-07-24 12:44:40,559 [ERROR] LogOutputStream:75 - [STDERR_REDIRECT] Jul 24, 2026 12:44:40 PM java.util.prefs.FileSystemPreferences checkLockFile0ErrorCode
2026-07-24 12:44:40,560 [ERROR] LogOutputStream:75 - [STDERR_REDIRECT] WARNING: Could not lock System prefs. Unix error code 2.
2026-07-24 12:44:40,560 [ERROR] LogOutputStream:75 - [STDERR_REDIRECT] 
2026-07-24 12:44:40,560 [ERROR] LogOutputStream:75 - [STDERR_REDIRECT] Jul 24, 2026 12:44:40 PM java.util.prefs.FileSystemPreferences syncWorld
2026-07-24 12:44:40,560 [ERROR] LogOutputStream:75 - [STDERR_REDIRECT] WARNING: Couldn't flush system prefs: java.util.prefs.BackingStoreException: Couldn't get file lock.
2026-07-24 12:44:40,560 [ERROR] LogOutputStream:75 - [STDERR_REDIRECT] 
2026-07-24 12:44:42,798 [INFO] OpenFileManager:355 - Change cursor
2026-07-24 12:44:42,817 [INFO] Mcu:2029 - Initializing MCU STM32F407V(E-G)Tx STM32F407VGTx STM32F407VGT6
2026-07-24 12:44:44,127 [INFO] Context:786 - Trying to add GPIOservice into a context  which must be forbidden
2026-07-24 12:44:44,609 [INFO] ImportTextPane:234 - (OptionalMessage_ERROR) Pin16 (VP_RIF_VS_RIF1) cannot be retrieved for this MCU
2026-07-24 12:44:44,801 [INFO] RtosManager:558 - Registered RTOS mode: class=CMSIS, group=RTOS, mode=CMSIS_V1, owner=FREERTOS
2026-07-24 12:44:44,801 [INFO] RtosManager:558 - Registered RTOS mode: class=CMSIS, group=RTOS2, mode=CMSIS_V2, owner=FREERTOS
2026-07-24 12:44:44,801 [INFO] RtosManager:558 - Registered RTOS mode: class=RTOS, group=Core, mode=CMSIS_V1, owner=FREERTOS
2026-07-24 12:44:44,801 [INFO] RtosManager:558 - Registered RTOS mode: class=RTOS, group=Core, mode=CMSIS_V2, owner=FREERTOS
2026-07-24 12:44:44,802 [WARN] ModelIntegratedComponent:184 - Missing modes for component STMicroelectronics:FreeRTOS:0.0.1:STMicroelectronics:RTOS:FreeRTOS:Core:::10.2.0:
2026-07-24 12:44:44,820 [WARN] ModelIntegratedComponent:63 - No mode defined for component null
2026-07-24 12:44:44,821 [WARN] ModelIntegratedComponent:63 - No mode defined for component null
2026-07-24 12:44:44,821 [WARN] ModelIntegratedComponent:63 - No mode defined for component null
2026-07-24 12:44:44,821 [WARN] ModelIntegratedComponent:63 - No mode defined for component null
2026-07-24 12:44:44,821 [WARN] ModelIntegratedComponent:63 - No mode defined for component null
2026-07-24 12:44:44,821 [WARN] ModelIntegratedComponent:63 - No mode defined for component null
2026-07-24 12:44:44,821 [WARN] ModelIntegratedComponent:63 - No mode defined for component null
2026-07-24 12:44:44,821 [WARN] ModelIntegratedComponent:63 - No mode defined for component null
2026-07-24 12:44:44,821 [WARN] ModelIntegratedComponent:63 - No mode defined for component null
2026-07-24 12:44:44,821 [WARN] ModelIntegratedComponent:63 - No mode defined for component null
2026-07-24 12:44:44,821 [WARN] ModelIntegratedComponent:63 - No mode defined for component null
2026-07-24 12:44:44,821 [WARN] ModelIntegratedComponent:63 - No mode defined for component null
2026-07-24 12:44:44,821 [WARN] ModelIntegratedComponent:63 - No mode defined for component null
2026-07-24 12:44:44,821 [WARN] ModelIntegratedComponent:63 - No mode defined for component null
2026-07-24 12:44:44,821 [WARN] ModelIntegratedComponent:63 - No mode defined for component null
2026-07-24 12:44:44,821 [WARN] ModelIntegratedComponent:63 - No mode defined for component null
2026-07-24 12:44:44,821 [WARN] ModelIntegratedComponent:63 - No mode defined for component null
2026-07-24 12:44:44,821 [WARN] ModelIntegratedComponent:63 - No mode defined for component null
2026-07-24 12:44:44,821 [WARN] ModelIntegratedComponent:63 - No mode defined for component null
2026-07-24 12:44:44,821 [WARN] ModelIntegratedComponent:63 - No mode defined for component null
2026-07-24 12:44:44,822 [WARN] ModelIntegratedComponent:63 - No mode defined for component null
2026-07-24 12:44:44,822 [WARN] ModelIntegratedComponent:63 - No mode defined for component null
2026-07-24 12:44:44,822 [WARN] ModelIntegratedComponent:63 - No mode defined for component null
2026-07-24 12:44:44,822 [WARN] ModelIntegratedComponent:63 - No mode defined for component null
2026-07-24 12:44:44,822 [WARN] ModelIntegratedComponent:63 - No mode defined for component null
2026-07-24 12:44:44,822 [WARN] ModelIntegratedComponent:63 - No mode defined for component null
2026-07-24 12:44:44,822 [WARN] ModelIntegratedComponent:63 - No mode defined for component null
2026-07-24 12:44:44,822 [WARN] ModelIntegratedComponent:63 - No mode defined for component null
2026-07-24 12:44:44,822 [WARN] ModelIntegratedComponent:63 - No mode defined for component null
2026-07-24 12:44:44,822 [WARN] ModelIntegratedComponent:63 - No mode defined for component null
2026-07-24 12:44:44,822 [WARN] ModelIntegratedComponent:63 - No mode defined for component null
2026-07-24 12:44:44,822 [WARN] ModelIntegratedComponent:63 - No mode defined for component null
2026-07-24 12:44:44,822 [WARN] ModelIntegratedComponent:63 - No mode defined for component null
2026-07-24 12:44:44,822 [WARN] ModelIntegratedComponent:63 - No mode defined for component null
2026-07-24 12:44:44,822 [WARN] ModelIntegratedComponent:63 - No mode defined for component null
2026-07-24 12:44:44,822 [WARN] ModelPack:524 - Component already loaded: STMicroelectronics:HAL Drivers:0.0.0:STMicroelectronics:Device:STMicro_Driver:XSPI:HAL::0.0.1:HAL_XSPI
2026-07-24 12:44:44,898 [INFO] ThirdPartyModel:298 - Start build external matchings
2026-07-24 12:44:45,455 [INFO] ThirdPartyModel:316 - End build external matchings
2026-07-24 12:44:45,479 [INFO] ImportTextPane:234 - (OptionalMessage_ERROR) IP (RCC) : Parameter (RTCHSEDivFreq_Value) has invalid value (4000000)
2026-07-24 12:44:45,749 [INFO] ApiDb:581 - Connected to CubeFinder SQLite database (/home/sakshi/.stmcufinder/plugins/mcufinder/mcu/cube-finder-db.db)
2026-07-24 12:44:45,817 [INFO] ApiDb:668 - CubeFinder database Data Model version=2.1
2026-07-24 12:44:45,817 [INFO] ApiDb:669 - CubeFinder database Configuration version=3.0.42
2026-07-24 12:44:45,817 [INFO] ApiDb:670 - CubeFinder database generation date=2026-06-23 (1782213372)
2026-07-24 12:44:45,817 [INFO] ApiDb:671 - CubeFinder database FW Pack versions=[FP-ATR-ASTRA1_V2.0.0, FP-SNS-FLIGHT1_V5.1.0, FP-SNS-MOTENV1_V5.1.0, FP-SNS-MOTENVWB1_V1.5.0, FP-SNS-SMARTAG2_V1.2.0, FP-SNS-STBOX1_V2.1.0, STM32Cube_FW_C0_V1.4.0, STM32Cube_FW_F4_V1.28.3, STM32Cube_FW_F7_V1.17.4, STM32Cube_FW_G0_V1.6.3, STM32Cube_FW_G4_V1.6.2, STM32Cube_FW_H5_V1.7.0, STM32Cube_FW_H7RS_V1.3.0, STM32Cube_FW_H7_V1.13.0, STM32Cube_FW_L0_V1.12.2, STM32Cube_FW_L4_V1.18.2, STM32Cube_FW_L5_V1.6.0, STM32Cube_FW_N6_V1.4.0, STM32Cube_FW_U0_V1.3.0, STM32Cube_FW_U3_V1.4.0, STM32Cube_FW_U5_V1.9.0, STM32Cube_FW_WB0_V1.5.0, STM32Cube_FW_WBA_V1.10.0, STM32Cube_FW_WB_V1.24.0, STM32Cube_FW_WL3_V1.5.0, STM32Cube_FW_WL_V1.6.0, X-CUBE-ALGOBUILD_V1.5.0, X-CUBE-ALS_V1.0.2, X-CUBE-AZRTOS-F4_V1.1.0, X-CUBE-AZRTOS-F7_V1.1.0, X-CUBE-AZRTOS-G0_V1.1.0, X-CUBE-AZRTOS-G4_V2.0.0, X-CUBE-AZRTOS-H7RS_V1.1.0, X-CUBE-AZRTOS-H7_V3.5.0, X-CUBE-AZRTOS-L4_V2.0.0, X-CUBE-AZRTOS-L5_V2.0.0, X-CUBE-AZRTOS-WB_V2.0.0, X-CUBE-AZRTOS-WL_V2.0.0, X-CUBE-BLE1_V7.1.0, X-CUBE-BLE2_V3.3.0, X-CUBE-BLEMGR_V4.1.0, X-CUBE-EEPRMA1_V5.2.0, X-CUBE-FREERTOS_V1.5.0, X-CUBE-GNSS1_V7.1.1, X-CUBE-MEMS1_V12.1.0, X-CUBE-NFC4_V3.0.0, X-CUBE-NFC7_V2.0.0, X-CUBE-SFXS2LP1_V4.0.0, X-CUBE-ST67W61_V1.3.0, X-CUBE-SUBG2_V5.0.0, X-CUBE-TOF1_V3.4.3]
2026-07-24 12:44:45,915 [INFO] DbBoardsSqlite:226 - include board P-NUCLEO-WB55-NUCLEO as a kit item of type 'Nucleo-64'
2026-07-24 12:44:45,915 [INFO] DbBoardsSqlite:226 - include board P-NUCLEO-WB55-USBDONGLE as a kit item of type 'Nucleo USB Dongle'
2026-07-24 12:44:45,916 [INFO] DbBoardsSqlite:226 - include board STEVAL-IDP005V1 as a kit item of type 'Evaluation Board'
2026-07-24 12:44:45,916 [INFO] DbBoardsSqlite:226 - include board STEVAL-IDP005V2 as a kit item of type 'Evaluation Board'
2026-07-24 12:44:46,047 [INFO] ApiDb:240 - Found 880 in-development CPN: [B-G473E-ZEST1S, B-WB1M-WPAN1, B-WBA5M-WPAN, B-WL5M-SUBG1, NUCLEO-C031C6, NUCLEO-C051C8, NUCLEO-C071RB, NUCLEO-C092RC, NUCLEO-H503RB, NUCLEO-H533RE, NUCLEO-H563ZI, NUCLEO-H7S3L8, NUCLEO-N657X0-Q, NUCLEO-U031R8, NUCLEO-U083RC, NUCLEO-U385RG-Q, NUCLEO-U545RE-Q, NUCLEO-U5A5ZJ-Q, NUCLEO-WB05KZ, NUCLEO-WB07CC, NUCLEO-WB09KE, NUCLEO-WBA52CG, NUCLEO-WBA55CG, NUCLEO-WL33CC1, NUCLEO-WL33CC2, STEVAL-PROTEUS1, STEVAL-SMARTAG2, STEVAL-STWINBX1, STM320518-EVAL, STM32C0116-DK, STM32C011D6Y3TR, STM32C011D6Y6TR, STM32C011F4P3, STM32C011F4P6, STM32C011F4U3, STM32C011F4U6TR, STM32C011F6P3, STM32C011F6P6, STM32C011F6U3, STM32C011F6U6TR, STM32C011J4M3, STM32C011J4M6, STM32C011J6M3, STM32C011J6M6, STM32C0316-DK, STM32C031C4T3, STM32C031C4T6, STM32C031C4U3, STM32C031C4U6, STM32C031C6T3, STM32C031C6T6, STM32C031C6U3, STM32C031C6U6, STM32C031F4P3, STM32C031F4P6, STM32C031F6P3, STM32C031F6P6, STM32C031G4U3, STM32C031G4U6, STM32C031G6U3, STM32C031G6U6, STM32C031K4T3, STM32C031K4T6, STM32C031K4U3, STM32C031K4U6, STM32C031K6T3, STM32C031K6T6, STM32C031K6U3, STM32C031K6U6, STM32C051C6T6, STM32C051C6U6, STM32C051C8T6, STM32C051C8U6, STM32C051D8Y6TR, STM32C051F6P6, STM32C051F8P6, STM32C051G6U6, STM32C051G8U6, STM32C051K6T6, STM32C051K6U6, STM32C051K8T6, STM32C071C8T6, STM32C071C8T6N, STM32C071C8U6, STM32C071C8U6N, STM32C071CBT6, STM32C071CBT6N, STM32C071CBU6, STM32C071CBU6N, STM32C071F8P6, STM32C071F8P6N, STM32C071FBP6, STM32C071FBP6N, STM32C071FBY6TR, STM32C071G8U6, STM32C071G8U6N, STM32C071GBU6, STM32C071GBU6N, STM32C071K8T6, STM32C071K8T6N, STM32C071K8U6, STM32C071K8U6N, STM32C071KBT6, STM32C071KBT6N, STM32C071KBU6, STM32C071KBU6N, STM32C071R8T6, STM32C071R8T6N, STM32C071RBI6N, STM32C071RBT6, STM32C071RBT6N, STM32C091CBT6, STM32C091CBU6, STM32C091CCT6, STM32C091CCU6, STM32C091ECY6TR, STM32C091FBP6, STM32C091FCP6, STM32C091GBU6, STM32C091GCU6, STM32C091KBT6, STM32C091KBU6, STM32C091KCT6, STM32C091KCU6, STM32C091RBT6, STM32C091RCI6, STM32C091RCT6, STM32C092CBT6, STM32C092CBU6, STM32C092CCT6, STM32C092CCU6, STM32C092ECY6TR, STM32C092FBP6, STM32C092FCP6, STM32C092GBU6, STM32C092GCU6, STM32C092KBT6, STM32C092KBU6, STM32C092KCT6, STM32C092KCU6, STM32C092RBT6, STM32C092RCI6, STM32C092RCT6, STM32G071K8TXN, STM32G071K8UXN, STM32G081GBU6N, STM32G081KBT6N, STM32G081KBUXN, STM32G0B1CCT6N, STM32G0B1KCT6, STM32G0B1NEY6TR, STM32G0B1RCT6N, STM32G0C1CCT6, STM32G0C1CCT6N, STM32G0C1CCU6N, STM32G0C1CET6N, STM32G0C1CEU6N, STM32G0C1KCT6, STM32G0C1NEY6TR, STM32G0C1RCI6N, STM32G0C1RCT6N, STM32G0C1REI6N, STM32G0C1RET6N, STM32G0C1VCI6, STM32G0C1VEI6, STM32G411C6T3, STM32G411C6T6, STM32G411C6U3, STM32G411C6U6, STM32G411C8T3, STM32G411C8T6, STM32G411C8U3, STM32G411C8U6, STM32G411CBT3, STM32G411CBT6, STM32G411CBU3, STM32G411CBU6, STM32G411K6T3, STM32G411K6T6, STM32G411K6U3, STM32G411K6U6, STM32G411K8T3, STM32G411K8T6, STM32G411K8U3, STM32G411K8U6, STM32G411KBT3, STM32G411KBT6, STM32G411KBU3, STM32G411KBU6, STM32G411M6T3, STM32G411M6T6, STM32G411M8T3, STM32G411M8T6, STM32G411MBT3, STM32G411MBT6, STM32G411R6T3, STM32G411R6T6, STM32G411R8T3, STM32G411R8T6, STM32G411RBT3, STM32G411RBT6, STM32G414CBT3, STM32G414CBT6, STM32G414CBU3, STM32G414CBU6, STM32G414CCT3, STM32G414CCT6, STM32G414CCU3, STM32G414CCU6, STM32G414MBT3, STM32G414MBT6, STM32G414MCT3, STM32G414MCT6, STM32G414RBT3, STM32G414RBT6, STM32G414RCT3, STM32G414RCT6, STM32G414VBT3, STM32G414VBT6, STM32G414VCT3, STM32G414VCT6, STM32G431CBT3Z, STM32G431RBT3Z, STM32G471CCT6, STM32G471CCU6, STM32G471CET3, STM32G471CET6, STM32G471CEU3, STM32G471CEU6, STM32G471MCT6, STM32G471MET3, STM32G471MET6, STM32G471MEY6TR, STM32G471QCT6, STM32G471QET3, STM32G471RCT6, STM32G471RET3, STM32G471RET6, STM32G471VCH6, STM32G471VCI6, STM32G471VCT6, STM32G471VEH3, STM32G471VEH6, STM32G471VEI3, STM32G471VEI6, STM32G471VET3, STM32G471VET6, STM32G473QET3Z, STM32G473RET3Z, STM32G474CCT6, STM32G491RET3Z, STM32H503CBT6, STM32H503CBU6, STM32H503EBY6TR, STM32H503KBU6, STM32H503RBT6, STM32H523CCT6, STM32H523CCU6, STM32H523CET6, STM32H523CEU6, STM32H523HEY6TR, STM32H523RCT6, STM32H523RET6, STM32H523VCI6, STM32H523VCT6, STM32H523VEI6, STM32H523VET6, STM32H523ZCJ6, STM32H523ZCT6, STM32H523ZEJ6, STM32H523ZET6, STM32H533CET6, STM32H533CEU6, STM32H533HEY6TR, STM32H533RET6, STM32H533VEI6, STM32H533VET6, STM32H533ZEJ6, STM32H533ZET6, STM32H562AGI6, STM32H562AII6, STM32H562IGK6, STM32H562IGT6, STM32H562IIK6, STM32H562IIT6, STM32H562RGT6, STM32H562RGV6, STM32H562RIT6, STM32H562RIV6, STM32H562VGT6, STM32H562VIT6, STM32H562ZGT6, STM32H562ZIT6, STM32H563AGI6, STM32H563AII3Q, STM32H563AII6, STM32H563IGK6, STM32H563IGT6, STM32H563IIK3Q, STM32H563IIK6, STM32H563IIT3Q, STM32H563IIT6, STM32H563MIY3QTR, STM32H563RGT6, STM32H563RGV6, STM32H563RIT6, STM32H563RIV6, STM32H563VGT6, STM32H563VIT3Q, STM32H563VIT6, STM32H563ZGT6, STM32H563ZIT3Q, STM32H563ZIT6, STM32H573AII3Q, STM32H573AII6, STM32H573I-DK, STM32H573IIK3Q, STM32H573IIK6, STM32H573IIT3Q, STM32H573IIT6, STM32H573MIY3QTR, STM32H573RIT6, STM32H573RIV6, STM32H573VIT3Q, STM32H573VIT6, STM32H573ZIT3Q, STM32H573ZIT6, STM32H7R3A8I6, STM32H7R3I8K6, STM32H7R3I8T6, STM32H7R3L8H6, STM32H7R3L8H6H, STM32H7R3R8V6, STM32H7R3V8H6, STM32H7R3V8T6, STM32H7R3V8Y6TR, STM32H7R3Z8J6, STM32H7R3Z8T6, STM32H7R7A8I6, STM32H7R7I8K6, STM32H7R7I8T6, STM32H7R7L8H6, STM32H7R7L8H6H, STM32H7R7Z8J6, STM32H7S3A8I6, STM32H7S3I8K6, STM32H7S3I8T6, STM32H7S3L8H6, STM32H7S3L8H6H, STM32H7S3R8V6, STM32H7S3V8H6, STM32H7S3V8T6, STM32H7S3V8Y6TR, STM32H7S3Z8J6, STM32H7S3Z8T6, STM32H7S78-DK, STM32H7S7A8I6, STM32H7S7I8K6, STM32H7S7I8T6, STM32H7S7L8H6, STM32H7S7L8H6H, STM32H7S7Z8J6, STM32L4R5QGI6STR, STM32MP131AAE3, STM32MP131AAF3, STM32MP131AAG3, STM32MP131CAE3, STM32MP131CAF3, STM32MP131CAG3, STM32MP131DAE7, STM32MP131DAF7, STM32MP131DAG7, STM32MP131FAE7, STM32MP131FAF7, STM32MP131FAG7, STM32MP133AAE3, STM32MP133AAF3, STM32MP133AAG3, STM32MP133CAE3, STM32MP133CAF3, STM32MP133CAG3, STM32MP133DAE7, STM32MP133DAF7, STM32MP133DAG7, STM32MP133FAE7, STM32MP133FAF7, STM32MP133FAG7, STM32MP135AAE3, STM32MP135AAF3, STM32MP135AAG3, STM32MP135CAE3, STM32MP135CAF3, STM32MP135CAG3, STM32MP135DAE7, STM32MP135DAF7, STM32MP135DAG7, STM32MP135F-DK, STM32MP135FAE7, STM32MP135FAF7, STM32MP135FAF7T, STM32MP135FAF7U, STM32MP135FAG7, STM32MP211AAL3, STM32MP211AAM3, STM32MP211AAN3, STM32MP211AAO3, STM32MP211CAL3, STM32MP211CAM3, STM32MP211CAN3, STM32MP211CAO3, STM32MP211DAL3, STM32MP211DAM3, STM32MP211DAN3, STM32MP211DAO3, STM32MP211FAL3, STM32MP211FAM3, STM32MP211FAN3, STM32MP211FAO3, STM32MP213AAL3, STM32MP213AAM3, STM32MP213AAN3, STM32MP213AAO3, STM32MP213CAL3, STM32MP213CAM3, STM32MP213CAN3, STM32MP213CAO3, STM32MP213DAL3, STM32MP213DAM3, STM32MP213DAN3, STM32MP213DAO3, STM32MP213FAL3, STM32MP213FAM3, STM32MP213FAN3, STM32MP213FAO3, STM32MP215AAL3, STM32MP215AAM3, STM32MP215AAN3, STM32MP215AAO3, STM32MP215CAL3, STM32MP215CAM3, STM32MP215CAN3, STM32MP215CAO3, STM32MP215DAL3, STM32MP215DAM3, STM32MP215DAN3, STM32MP215DAO3, STM32MP215F-DK, STM32MP215FAL3, STM32MP215FAM3, STM32MP215FAN3, STM32MP215FAO3, STM32MP231AAJ3, STM32MP231AAK3, STM32MP231AAL3, STM32MP231CAJ3, STM32MP231CAK3, STM32MP231CAL3, STM32MP231DAJ3, STM32MP231DAK3, STM32MP231DAL3, STM32MP231FAJ3, STM32MP231FAK3, STM32MP231FAL3, STM32MP233AAJ3, STM32MP233AAK3, STM32MP233AAL3, STM32MP233CAJ3, STM32MP233CAK3, STM32MP233CAL3, STM32MP233DAJ3, STM32MP233DAK3, STM32MP233DAL3, STM32MP233FAJ3, STM32MP233FAK3, STM32MP233FAL3, STM32MP235AAJ3, STM32MP235AAK3, STM32MP235AAL3, STM32MP235CAJ3, STM32MP235CAK3, STM32MP235CAL3, STM32MP235DAJ3, STM32MP235DAK3, STM32MP235DAL3, STM32MP235FAJ3, STM32MP235FAK3, STM32MP235FAL3, STM32MP251AAI3, STM32MP251AAK3, STM32MP251AAL3, STM32MP251CAI3, STM32MP251CAK3, STM32MP251CAL3, STM32MP251DAI3, STM32MP251DAK3, STM32MP251DAL3, STM32MP251FAI3, STM32MP251FAK3, STM32MP251FAL3, STM32MP253AAI3, STM32MP253AAK3, STM32MP253AAL3, STM32MP253CAI3, STM32MP253CAK3, STM32MP253CAL3, STM32MP253DAI3, STM32MP253DAK3, STM32MP253DAL3, STM32MP253FAI3, STM32MP253FAK3, STM32MP253FAL3, STM32MP255AAI3, STM32MP255AAK3, STM32MP255AAL3, STM32MP255CAI3, STM32MP255CAK3, STM32MP255CAL3, STM32MP255DAI3, STM32MP255DAK3, STM32MP255DAL3, STM32MP255FAI3, STM32MP255FAK3, STM32MP255FAL3, STM32MP257AAI3, STM32MP257AAK3, STM32MP257AAL3, STM32MP257CAI3, STM32MP257CAK3, STM32MP257CAL3, STM32MP257DAI3, STM32MP257DAK3, STM32MP257DAL3, STM32MP257F-DK, STM32MP257F-EV1, STM32MP257FAI3, STM32MP257FAK3, STM32MP257FAL3, STM32N645A0H3Q, STM32N645B0H3Q, STM32N645I0H3Q, STM32N645L0H3Q, STM32N645X0H3Q, STM32N645Z0H3Q, STM32N647A0H3Q, STM32N647B0H3Q, STM32N647I0H3Q, STM32N647L0H3Q, STM32N647X0H3Q, STM32N647Z0H3Q, STM32N655A0H3Q, STM32N655B0H3Q, STM32N655I0H3Q, STM32N655L0H3Q, STM32N655X0H3Q, STM32N655Z0H3Q, STM32N6570-DK, STM32N657A0H3Q, STM32N657B0H3Q, STM32N657I0H3Q, STM32N657L0H3Q, STM32N657X0H3Q, STM32N657Z0H3Q, STM32U031C6T6, STM32U031C6U6, STM32U031C8T6, STM32U031C8U6, STM32U031F4P6, STM32U031F6P6, STM32U031F8P6, STM32U031G6Y6TR, STM32U031G8Y6TR, STM32U031K4U6, STM32U031K6U6, STM32U031K8U6, STM32U031R6I6, STM32U031R6T6, STM32U031R8I6, STM32U031R8T6, STM32U073C8T6, STM32U073C8U6, STM32U073CBT6, STM32U073CBU6, STM32U073CCT6, STM32U073CCU6, STM32U073H8Y6TR, STM32U073HBY6TR, STM32U073HCY6TR, STM32U073K8U6, STM32U073KBU6, STM32U073KCU6, STM32U073M8I6, STM32U073M8T6, STM32U073MBI6, STM32U073MBT6, STM32U073MCI6, STM32U073MCT6, STM32U073R8I6, STM32U073R8T6, STM32U073RBI6, STM32U073RBT6, STM32U073RCI6, STM32U073RCT6, STM32U083C-DK, STM32U083CCT6, STM32U083CCU6, STM32U083HCY6TR, STM32U083KCU6, STM32U083MCI6, STM32U083MCT6, STM32U083RCI6, STM32U083RCT6, STM32U375CET6, STM32U375CET6Q, STM32U375CEU6, STM32U375CEU6Q, STM32U375CEY6QTR, STM32U375CGT6, STM32U375CGT6Q, STM32U375CGU6, STM32U375CGU6Q, STM32U375CGY6QTR, STM32U375KEU6, STM32U375KGU6, STM32U375REI6, STM32U375REI6Q, STM32U375RET6, STM32U375RET6Q, STM32U375REY6GTR, STM32U375REY6QTR, STM32U375RGI6, STM32U375RGI6Q, STM32U375RGT6, STM32U375RGT6Q, STM32U375RGY6GTR, STM32U375RGY6QTR, STM32U375VEI6, STM32U375VEI6Q, STM32U375VET6, STM32U375VET6Q, STM32U375VGI6, STM32U375VGI6Q, STM32U375VGT6, STM32U375VGT6Q, STM32U385CGT6, STM32U385CGT6Q, STM32U385CGU6, STM32U385CGU6Q, STM32U385CGY6QTR, STM32U385KGU6, STM32U385RGI6, STM32U385RGI6Q, STM32U385RGT6, STM32U385RGT6Q, STM32U385RGY6GTR, STM32U385RGY6QTR, STM32U385VGI6, STM32U385VGI6Q, STM32U385VGT6, STM32U385VGT6Q, STM32U535CBT6, STM32U535CBT6Q, STM32U535CBU6, STM32U535CBU6Q, STM32U535CCT6, STM32U535CCT6Q, STM32U535CCU6, STM32U535CCU6Q, STM32U535CET6, STM32U535CET6Q, STM32U535CEU6, STM32U535CEU6Q, STM32U535JEY6QTR, STM32U535NCY6QTR, STM32U535NEY6QTR, STM32U535RBI6, STM32U535RBI6Q, STM32U535RBT6, STM32U535RBT6Q, STM32U535RCI6, STM32U535RCI6Q, STM32U535RCT6, STM32U535RCT6Q, STM32U535REI6, STM32U535REI6Q, STM32U535RET6, STM32U535RET6Q, STM32U535VCI6, STM32U535VCI6Q, STM32U535VCT6, STM32U535VCT6Q, STM32U535VEI6, STM32U535VEI6Q, STM32U535VET6, STM32U535VET6Q, STM32U545CET6, STM32U545CET6Q, STM32U545CEU6, STM32U545CEU6Q, STM32U545JEY6QTR, STM32U545NEY6QTR, STM32U545REI6, STM32U545REI6Q, STM32U545RET6, STM32U545RET6Q, STM32U545VEI6, STM32U545VEI6Q, STM32U545VET6, STM32U545VET6Q, STM32U595AIH6, STM32U595AIH6Q, STM32U595AJH6, STM32U595AJH6Q, STM32U595QII6, STM32U595QII6Q, STM32U595QJI6, STM32U595QJI6Q, STM32U595RIT6, STM32U595RIT6Q, STM32U595RJT6, STM32U595RJT6Q, STM32U595VIT6, STM32U595VIT6Q, STM32U595VJT6, STM32U595VJT6Q, STM32U595ZIT6, STM32U595ZIT6Q, STM32U595ZIY6QTR, STM32U595ZJT6, STM32U595ZJT6Q, STM32U595ZJY6QTR, STM32U599BJY6QTR, STM32U599NIH6Q, STM32U599NJH6Q, STM32U599VIT6Q, STM32U599VJT6, STM32U599VJT6Q, STM32U599ZIT6Q, STM32U599ZIY6QTR, STM32U599ZJT6Q, STM32U599ZJY6QTR, STM32U5A5AJH6, STM32U5A5AJH6Q, STM32U5A5QII3Q , STM32U5A5QJI6, STM32U5A5QJI6Q, STM32U5A5RJT6, STM32U5A5RJT6Q, STM32U5A5VJT6, STM32U5A5VJT6Q, STM32U5A5ZJT6, STM32U5A5ZJT6Q, STM32U5A5ZJY6QTR, STM32U5A9BJY6QTR, STM32U5A9J-DK, STM32U5A9NJH6Q, STM32U5A9VJT6Q, STM32U5A9ZJT6Q, STM32U5A9ZJY6QTR, STM32U5F7VIT6, STM32U5F7VIT6Q, STM32U5F7VJT6, STM32U5F7VJT6Q, STM32U5F9BJY6QTR, STM32U5F9NJH6Q, STM32U5F9VIT6Q, STM32U5F9VJT6Q, STM32U5F9ZIJ6QTR, STM32U5F9ZIT6Q, STM32U5F9ZJJ6QTR, STM32U5F9ZJT6Q, STM32U5G7VJT6, STM32U5G7VJT6Q, STM32U5G9BJY6QTR, STM32U5G9J-DK1, STM32U5G9J-DK2, STM32U5G9NJH6Q, STM32U5G9VJT6Q, STM32U5G9ZJJ6QTR, STM32U5G9ZJT6Q, STM32WB05KZV6TR, STM32WB05KZV7TR, STM32WB05TZF6TR, STM32WB05TZF7TR, STM32WB06CCF6TR, STM32WB06CCF7TR, STM32WB06CCV6TR, STM32WB06CCV7TR, STM32WB06KCV6TR, STM32WB06KCV7TR, STM32WB07CCF6TR, STM32WB07CCF7TR, STM32WB07CCV6TR, STM32WB07CCV7TR, STM32WB07KCV6TR, STM32WB07KCV7TR, STM32WB09KEV6TR, STM32WB09KEV7TR, STM32WB09TEF6TR, STM32WB09TEF7TR, STM32WB1MMCH6, STM32WBA50KGU6, STM32WBA50KGU6TR, STM32WBA52CEU6, STM32WBA52CEU6TR, STM32WBA52CEU7, STM32WBA52CEU7TR, STM32WBA52CGU6, STM32WBA52CGU6TR, STM32WBA52CGU6U, STM32WBA52CGU7, STM32WBA52CGU7TR, STM32WBA52KEU6, STM32WBA52KEU6TR, STM32WBA52KGU6, STM32WBA52KGU6TR, STM32WBA54CEU6, STM32WBA54CEU6TR, STM32WBA54CEU7, STM32WBA54CEU7TR, STM32WBA54CGU6, STM32WBA54CGU6TR, STM32WBA54CGU7, STM32WBA54CGU7TR, STM32WBA54KEU6, STM32WBA54KEU6TR, STM32WBA54KEU7, STM32WBA54KEU7TR, STM32WBA54KGU6, STM32WBA54KGU6TR, STM32WBA54KGU7, STM32WBA54KGU7TR, STM32WBA55CEU6, STM32WBA55CEU6TR, STM32WBA55CEU7, STM32WBA55CEU7TR, STM32WBA55CGU6, STM32WBA55CGU6TR, STM32WBA55CGU6U, STM32WBA55CGU7, STM32WBA55CGU7TR, STM32WBA55G-DK1, STM32WBA55HEF6, STM32WBA55HEF7, STM32WBA55HGF6, STM32WBA55HGF7, STM32WBA55UEI6, STM32WBA55UEI6TR, STM32WBA55UEI7, STM32WBA55UEI7TR, STM32WBA55UGI6, STM32WBA55UGI6TR, STM32WBA55UGI7, STM32WBA55UGI7TR, STM32WBA5MMGH6TR, STM32WBA62MGF6, STM32WBA62MIF6, STM32WBA65MGF7, STM32WBA65MIF6, STM32WBA65MIF7, STM32WL30K8V6, STM32WL30KBV6, STM32WL31C8V6, STM32WL31CBV6, STM32WL31K8V6, STM32WL31KBV6, STM32WL33C8V6, STM32WL33C8V6X, STM32WL33CBV6, STM32WL33CBV6X, STM32WL33CCV6, STM32WL33CCV6A, STM32WL33CCV6X, STM32WL33K8V7, STM32WL33K8V7X, STM32WL33KBV7 , STM32WL33KBV7X, STM32WL33KCV7, STM32WL33KCV7X, STM32WL5MOCH6, STM32WL5MOCH6TR]
2026-07-24 12:44:46,053 [INFO] ApiDb:668 - CubeFinder database Data Model version=2.1
2026-07-24 12:44:46,053 [INFO] ApiDb:669 - CubeFinder database Configuration version=3.0.42
2026-07-24 12:44:46,053 [INFO] ApiDb:670 - CubeFinder database generation date=2026-06-23 (1782213372)
2026-07-24 12:44:46,053 [INFO] ApiDb:671 - CubeFinder database FW Pack versions=[FP-ATR-ASTRA1_V2.0.0, FP-SNS-FLIGHT1_V5.1.0, FP-SNS-MOTENV1_V5.1.0, FP-SNS-MOTENVWB1_V1.5.0, FP-SNS-SMARTAG2_V1.2.0, FP-SNS-STBOX1_V2.1.0, STM32Cube_FW_C0_V1.4.0, STM32Cube_FW_F4_V1.28.3, STM32Cube_FW_F7_V1.17.4, STM32Cube_FW_G0_V1.6.3, STM32Cube_FW_G4_V1.6.2, STM32Cube_FW_H5_V1.7.0, STM32Cube_FW_H7RS_V1.3.0, STM32Cube_FW_H7_V1.13.0, STM32Cube_FW_L0_V1.12.2, STM32Cube_FW_L4_V1.18.2, STM32Cube_FW_L5_V1.6.0, STM32Cube_FW_N6_V1.4.0, STM32Cube_FW_U0_V1.3.0, STM32Cube_FW_U3_V1.4.0, STM32Cube_FW_U5_V1.9.0, STM32Cube_FW_WB0_V1.5.0, STM32Cube_FW_WBA_V1.10.0, STM32Cube_FW_WB_V1.24.0, STM32Cube_FW_WL3_V1.5.0, STM32Cube_FW_WL_V1.6.0, X-CUBE-ALGOBUILD_V1.5.0, X-CUBE-ALS_V1.0.2, X-CUBE-AZRTOS-F4_V1.1.0, X-CUBE-AZRTOS-F7_V1.1.0, X-CUBE-AZRTOS-G0_V1.1.0, X-CUBE-AZRTOS-G4_V2.0.0, X-CUBE-AZRTOS-H7RS_V1.1.0, X-CUBE-AZRTOS-H7_V3.5.0, X-CUBE-AZRTOS-L4_V2.0.0, X-CUBE-AZRTOS-L5_V2.0.0, X-CUBE-AZRTOS-WB_V2.0.0, X-CUBE-AZRTOS-WL_V2.0.0, X-CUBE-BLE1_V7.1.0, X-CUBE-BLE2_V3.3.0, X-CUBE-BLEMGR_V4.1.0, X-CUBE-EEPRMA1_V5.2.0, X-CUBE-FREERTOS_V1.5.0, X-CUBE-GNSS1_V7.1.1, X-CUBE-MEMS1_V12.1.0, X-CUBE-NFC4_V3.0.0, X-CUBE-NFC7_V2.0.0, X-CUBE-SFXS2LP1_V4.0.0, X-CUBE-ST67W61_V1.3.0, X-CUBE-SUBG2_V5.0.0, X-CUBE-TOF1_V3.4.3]
2026-07-24 12:44:49,247 [INFO] ApiDb:240 - Found 880 in-development CPN: [B-G473E-ZEST1S, B-WB1M-WPAN1, B-WBA5M-WPAN, B-WL5M-SUBG1, NUCLEO-C031C6, NUCLEO-C051C8, NUCLEO-C071RB, NUCLEO-C092RC, NUCLEO-H503RB, NUCLEO-H533RE, NUCLEO-H563ZI, NUCLEO-H7S3L8, NUCLEO-N657X0-Q, NUCLEO-U031R8, NUCLEO-U083RC, NUCLEO-U385RG-Q, NUCLEO-U545RE-Q, NUCLEO-U5A5ZJ-Q, NUCLEO-WB05KZ, NUCLEO-WB07CC, NUCLEO-WB09KE, NUCLEO-WBA52CG, NUCLEO-WBA55CG, NUCLEO-WL33CC1, NUCLEO-WL33CC2, STEVAL-PROTEUS1, STEVAL-SMARTAG2, STEVAL-STWINBX1, STM320518-EVAL, STM32C0116-DK, STM32C011D6Y3TR, STM32C011D6Y6TR, STM32C011F4P3, STM32C011F4P6, STM32C011F4U3, STM32C011F4U6TR, STM32C011F6P3, STM32C011F6P6, STM32C011F6U3, STM32C011F6U6TR, STM32C011J4M3, STM32C011J4M6, STM32C011J6M3, STM32C011J6M6, STM32C0316-DK, STM32C031C4T3, STM32C031C4T6, STM32C031C4U3, STM32C031C4U6, STM32C031C6T3, STM32C031C6T6, STM32C031C6U3, STM32C031C6U6, STM32C031F4P3, STM32C031F4P6, STM32C031F6P3, STM32C031F6P6, STM32C031G4U3, STM32C031G4U6, STM32C031G6U3, STM32C031G6U6, STM32C031K4T3, STM32C031K4T6, STM32C031K4U3, STM32C031K4U6, STM32C031K6T3, STM32C031K6T6, STM32C031K6U3, STM32C031K6U6, STM32C051C6T6, STM32C051C6U6, STM32C051C8T6, STM32C051C8U6, STM32C051D8Y6TR, STM32C051F6P6, STM32C051F8P6, STM32C051G6U6, STM32C051G8U6, STM32C051K6T6, STM32C051K6U6, STM32C051K8T6, STM32C071C8T6, STM32C071C8T6N, STM32C071C8U6, STM32C071C8U6N, STM32C071CBT6, STM32C071CBT6N, STM32C071CBU6, STM32C071CBU6N, STM32C071F8P6, STM32C071F8P6N, STM32C071FBP6, STM32C071FBP6N, STM32C071FBY6TR, STM32C071G8U6, STM32C071G8U6N, STM32C071GBU6, STM32C071GBU6N, STM32C071K8T6, STM32C071K8T6N, STM32C071K8U6, STM32C071K8U6N, STM32C071KBT6, STM32C071KBT6N, STM32C071KBU6, STM32C071KBU6N, STM32C071R8T6, STM32C071R8T6N, STM32C071RBI6N, STM32C071RBT6, STM32C071RBT6N, STM32C091CBT6, STM32C091CBU6, STM32C091CCT6, STM32C091CCU6, STM32C091ECY6TR, STM32C091FBP6, STM32C091FCP6, STM32C091GBU6, STM32C091GCU6, STM32C091KBT6, STM32C091KBU6, STM32C091KCT6, STM32C091KCU6, STM32C091RBT6, STM32C091RCI6, STM32C091RCT6, STM32C092CBT6, STM32C092CBU6, STM32C092CCT6, STM32C092CCU6, STM32C092ECY6TR, STM32C092FBP6, STM32C092FCP6, STM32C092GBU6, STM32C092GCU6, STM32C092KBT6, STM32C092KBU6, STM32C092KCT6, STM32C092KCU6, STM32C092RBT6, STM32C092RCI6, STM32C092RCT6, STM32G071K8TXN, STM32G071K8UXN, STM32G081GBU6N, STM32G081KBT6N, STM32G081KBUXN, STM32G0B1CCT6N, STM32G0B1KCT6, STM32G0B1NEY6TR, STM32G0B1RCT6N, STM32G0C1CCT6, STM32G0C1CCT6N, STM32G0C1CCU6N, STM32G0C1CET6N, STM32G0C1CEU6N, STM32G0C1KCT6, STM32G0C1NEY6TR, STM32G0C1RCI6N, STM32G0C1RCT6N, STM32G0C1REI6N, STM32G0C1RET6N, STM32G0C1VCI6, STM32G0C1VEI6, STM32G411C6T3, STM32G411C6T6, STM32G411C6U3, STM32G411C6U6, STM32G411C8T3, STM32G411C8T6, STM32G411C8U3, STM32G411C8U6, STM32G411CBT3, STM32G411CBT6, STM32G411CBU3, STM32G411CBU6, STM32G411K6T3, STM32G411K6T6, STM32G411K6U3, STM32G411K6U6, STM32G411K8T3, STM32G411K8T6, STM32G411K8U3, STM32G411K8U6, STM32G411KBT3, STM32G411KBT6, STM32G411KBU3, STM32G411KBU6, STM32G411M6T3, STM32G411M6T6, STM32G411M8T3, STM32G411M8T6, STM32G411MBT3, STM32G411MBT6, STM32G411R6T3, STM32G411R6T6, STM32G411R8T3, STM32G411R8T6, STM32G411RBT3, STM32G411RBT6, STM32G414CBT3, STM32G414CBT6, STM32G414CBU3, STM32G414CBU6, STM32G414CCT3, STM32G414CCT6, STM32G414CCU3, STM32G414CCU6, STM32G414MBT3, STM32G414MBT6, STM32G414MCT3, STM32G414MCT6, STM32G414RBT3, STM32G414RBT6, STM32G414RCT3, STM32G414RCT6, STM32G414VBT3, STM32G414VBT6, STM32G414VCT3, STM32G414VCT6, STM32G431CBT3Z, STM32G431RBT3Z, STM32G471CCT6, STM32G471CCU6, STM32G471CET3, STM32G471CET6, STM32G471CEU3, STM32G471CEU6, STM32G471MCT6, STM32G471MET3, STM32G471MET6, STM32G471MEY6TR, STM32G471QCT6, STM32G471QET3, STM32G471RCT6, STM32G471RET3, STM32G471RET6, STM32G471VCH6, STM32G471VCI6, STM32G471VCT6, STM32G471VEH3, STM32G471VEH6, STM32G471VEI3, STM32G471VEI6, STM32G471VET3, STM32G471VET6, STM32G473QET3Z, STM32G473RET3Z, STM32G474CCT6, STM32G491RET3Z, STM32H503CBT6, STM32H503CBU6, STM32H503EBY6TR, STM32H503KBU6, STM32H503RBT6, STM32H523CCT6, STM32H523CCU6, STM32H523CET6, STM32H523CEU6, STM32H523HEY6TR, STM32H523RCT6, STM32H523RET6, STM32H523VCI6, STM32H523VCT6, STM32H523VEI6, STM32H523VET6, STM32H523ZCJ6, STM32H523ZCT6, STM32H523ZEJ6, STM32H523ZET6, STM32H533CET6, STM32H533CEU6, STM32H533HEY6TR, STM32H533RET6, STM32H533VEI6, STM32H533VET6, STM32H533ZEJ6, STM32H533ZET6, STM32H562AGI6, STM32H562AII6, STM32H562IGK6, STM32H562IGT6, STM32H562IIK6, STM32H562IIT6, STM32H562RGT6, STM32H562RGV6, STM32H562RIT6, STM32H562RIV6, STM32H562VGT6, STM32H562VIT6, STM32H562ZGT6, STM32H562ZIT6, STM32H563AGI6, STM32H563AII3Q, STM32H563AII6, STM32H563IGK6, STM32H563IGT6, STM32H563IIK3Q, STM32H563IIK6, STM32H563IIT3Q, STM32H563IIT6, STM32H563MIY3QTR, STM32H563RGT6, STM32H563RGV6, STM32H563RIT6, STM32H563RIV6, STM32H563VGT6, STM32H563VIT3Q, STM32H563VIT6, STM32H563ZGT6, STM32H563ZIT3Q, STM32H563ZIT6, STM32H573AII3Q, STM32H573AII6, STM32H573I-DK, STM32H573IIK3Q, STM32H573IIK6, STM32H573IIT3Q, STM32H573IIT6, STM32H573MIY3QTR, STM32H573RIT6, STM32H573RIV6, STM32H573VIT3Q, STM32H573VIT6, STM32H573ZIT3Q, STM32H573ZIT6, STM32H7R3A8I6, STM32H7R3I8K6, STM32H7R3I8T6, STM32H7R3L8H6, STM32H7R3L8H6H, STM32H7R3R8V6, STM32H7R3V8H6, STM32H7R3V8T6, STM32H7R3V8Y6TR, STM32H7R3Z8J6, STM32H7R3Z8T6, STM32H7R7A8I6, STM32H7R7I8K6, STM32H7R7I8T6, STM32H7R7L8H6, STM32H7R7L8H6H, STM32H7R7Z8J6, STM32H7S3A8I6, STM32H7S3I8K6, STM32H7S3I8T6, STM32H7S3L8H6, STM32H7S3L8H6H, STM32H7S3R8V6, STM32H7S3V8H6, STM32H7S3V8T6, STM32H7S3V8Y6TR, STM32H7S3Z8J6, STM32H7S3Z8T6, STM32H7S78-DK, STM32H7S7A8I6, STM32H7S7I8K6, STM32H7S7I8T6, STM32H7S7L8H6, STM32H7S7L8H6H, STM32H7S7Z8J6, STM32L4R5QGI6STR, STM32MP131AAE3, STM32MP131AAF3, STM32MP131AAG3, STM32MP131CAE3, STM32MP131CAF3, STM32MP131CAG3, STM32MP131DAE7, STM32MP131DAF7, STM32MP131DAG7, STM32MP131FAE7, STM32MP131FAF7, STM32MP131FAG7, STM32MP133AAE3, STM32MP133AAF3, STM32MP133AAG3, STM32MP133CAE3, STM32MP133CAF3, STM32MP133CAG3, STM32MP133DAE7, STM32MP133DAF7, STM32MP133DAG7, STM32MP133FAE7, STM32MP133FAF7, STM32MP133FAG7, STM32MP135AAE3, STM32MP135AAF3, STM32MP135AAG3, STM32MP135CAE3, STM32MP135CAF3, STM32MP135CAG3, STM32MP135DAE7, STM32MP135DAF7, STM32MP135DAG7, STM32MP135F-DK, STM32MP135FAE7, STM32MP135FAF7, STM32MP135FAF7T, STM32MP135FAF7U, STM32MP135FAG7, STM32MP211AAL3, STM32MP211AAM3, STM32MP211AAN3, STM32MP211AAO3, STM32MP211CAL3, STM32MP211CAM3, STM32MP211CAN3, STM32MP211CAO3, STM32MP211DAL3, STM32MP211DAM3, STM32MP211DAN3, STM32MP211DAO3, STM32MP211FAL3, STM32MP211FAM3, STM32MP211FAN3, STM32MP211FAO3, STM32MP213AAL3, STM32MP213AAM3, STM32MP213AAN3, STM32MP213AAO3, STM32MP213CAL3, STM32MP213CAM3, STM32MP213CAN3, STM32MP213CAO3, STM32MP213DAL3, STM32MP213DAM3, STM32MP213DAN3, STM32MP213DAO3, STM32MP213FAL3, STM32MP213FAM3, STM32MP213FAN3, STM32MP213FAO3, STM32MP215AAL3, STM32MP215AAM3, STM32MP215AAN3, STM32MP215AAO3, STM32MP215CAL3, STM32MP215CAM3, STM32MP215CAN3, STM32MP215CAO3, STM32MP215DAL3, STM32MP215DAM3, STM32MP215DAN3, STM32MP215DAO3, STM32MP215F-DK, STM32MP215FAL3, STM32MP215FAM3, STM32MP215FAN3, STM32MP215FAO3, STM32MP231AAJ3, STM32MP231AAK3, STM32MP231AAL3, STM32MP231CAJ3, STM32MP231CAK3, STM32MP231CAL3, STM32MP231DAJ3, STM32MP231DAK3, STM32MP231DAL3, STM32MP231FAJ3, STM32MP231FAK3, STM32MP231FAL3, STM32MP233AAJ3, STM32MP233AAK3, STM32MP233AAL3, STM32MP233CAJ3, STM32MP233CAK3, STM32MP233CAL3, STM32MP233DAJ3, STM32MP233DAK3, STM32MP233DAL3, STM32MP233FAJ3, STM32MP233FAK3, STM32MP233FAL3, STM32MP235AAJ3, STM32MP235AAK3, STM32MP235AAL3, STM32MP235CAJ3, STM32MP235CAK3, STM32MP235CAL3, STM32MP235DAJ3, STM32MP235DAK3, STM32MP235DAL3, STM32MP235FAJ3, STM32MP235FAK3, STM32MP235FAL3, STM32MP251AAI3, STM32MP251AAK3, STM32MP251AAL3, STM32MP251CAI3, STM32MP251CAK3, STM32MP251CAL3, STM32MP251DAI3, STM32MP251DAK3, STM32MP251DAL3, STM32MP251FAI3, STM32MP251FAK3, STM32MP251FAL3, STM32MP253AAI3, STM32MP253AAK3, STM32MP253AAL3, STM32MP253CAI3, STM32MP253CAK3, STM32MP253CAL3, STM32MP253DAI3, STM32MP253DAK3, STM32MP253DAL3, STM32MP253FAI3, STM32MP253FAK3, STM32MP253FAL3, STM32MP255AAI3, STM32MP255AAK3, STM32MP255AAL3, STM32MP255CAI3, STM32MP255CAK3, STM32MP255CAL3, STM32MP255DAI3, STM32MP255DAK3, STM32MP255DAL3, STM32MP255FAI3, STM32MP255FAK3, STM32MP255FAL3, STM32MP257AAI3, STM32MP257AAK3, STM32MP257AAL3, STM32MP257CAI3, STM32MP257CAK3, STM32MP257CAL3, STM32MP257DAI3, STM32MP257DAK3, STM32MP257DAL3, STM32MP257F-DK, STM32MP257F-EV1, STM32MP257FAI3, STM32MP257FAK3, STM32MP257FAL3, STM32N645A0H3Q, STM32N645B0H3Q, STM32N645I0H3Q, STM32N645L0H3Q, STM32N645X0H3Q, STM32N645Z0H3Q, STM32N647A0H3Q, STM32N647B0H3Q, STM32N647I0H3Q, STM32N647L0H3Q, STM32N647X0H3Q, STM32N647Z0H3Q, STM32N655A0H3Q, STM32N655B0H3Q, STM32N655I0H3Q, STM32N655L0H3Q, STM32N655X0H3Q, STM32N655Z0H3Q, STM32N6570-DK, STM32N657A0H3Q, STM32N657B0H3Q, STM32N657I0H3Q, STM32N657L0H3Q, STM32N657X0H3Q, STM32N657Z0H3Q, STM32U031C6T6, STM32U031C6U6, STM32U031C8T6, STM32U031C8U6, STM32U031F4P6, STM32U031F6P6, STM32U031F8P6, STM32U031G6Y6TR, STM32U031G8Y6TR, STM32U031K4U6, STM32U031K6U6, STM32U031K8U6, STM32U031R6I6, STM32U031R6T6, STM32U031R8I6, STM32U031R8T6, STM32U073C8T6, STM32U073C8U6, STM32U073CBT6, STM32U073CBU6, STM32U073CCT6, STM32U073CCU6, STM32U073H8Y6TR, STM32U073HBY6TR, STM32U073HCY6TR, STM32U073K8U6, STM32U073KBU6, STM32U073KCU6, STM32U073M8I6, STM32U073M8T6, STM32U073MBI6, STM32U073MBT6, STM32U073MCI6, STM32U073MCT6, STM32U073R8I6, STM32U073R8T6, STM32U073RBI6, STM32U073RBT6, STM32U073RCI6, STM32U073RCT6, STM32U083C-DK, STM32U083CCT6, STM32U083CCU6, STM32U083HCY6TR, STM32U083KCU6, STM32U083MCI6, STM32U083MCT6, STM32U083RCI6, STM32U083RCT6, STM32U375CET6, STM32U375CET6Q, STM32U375CEU6, STM32U375CEU6Q, STM32U375CEY6QTR, STM32U375CGT6, STM32U375CGT6Q, STM32U375CGU6, STM32U375CGU6Q, STM32U375CGY6QTR, STM32U375KEU6, STM32U375KGU6, STM32U375REI6, STM32U375REI6Q, STM32U375RET6, STM32U375RET6Q, STM32U375REY6GTR, STM32U375REY6QTR, STM32U375RGI6, STM32U375RGI6Q, STM32U375RGT6, STM32U375RGT6Q, STM32U375RGY6GTR, STM32U375RGY6QTR, STM32U375VEI6, STM32U375VEI6Q, STM32U375VET6, STM32U375VET6Q, STM32U375VGI6, STM32U375VGI6Q, STM32U375VGT6, STM32U375VGT6Q, STM32U385CGT6, STM32U385CGT6Q, STM32U385CGU6, STM32U385CGU6Q, STM32U385CGY6QTR, STM32U385KGU6, STM32U385RGI6, STM32U385RGI6Q, STM32U385RGT6, STM32U385RGT6Q, STM32U385RGY6GTR, STM32U385RGY6QTR, STM32U385VGI6, STM32U385VGI6Q, STM32U385VGT6, STM32U385VGT6Q, STM32U535CBT6, STM32U535CBT6Q, STM32U535CBU6, STM32U535CBU6Q, STM32U535CCT6, STM32U535CCT6Q, STM32U535CCU6, STM32U535CCU6Q, STM32U535CET6, STM32U535CET6Q, STM32U535CEU6, STM32U535CEU6Q, STM32U535JEY6QTR, STM32U535NCY6QTR, STM32U535NEY6QTR, STM32U535RBI6, STM32U535RBI6Q, STM32U535RBT6, STM32U535RBT6Q, STM32U535RCI6, STM32U535RCI6Q, STM32U535RCT6, STM32U535RCT6Q, STM32U535REI6, STM32U535REI6Q, STM32U535RET6, STM32U535RET6Q, STM32U535VCI6, STM32U535VCI6Q, STM32U535VCT6, STM32U535VCT6Q, STM32U535VEI6, STM32U535VEI6Q, STM32U535VET6, STM32U535VET6Q, STM32U545CET6, STM32U545CET6Q, STM32U545CEU6, STM32U545CEU6Q, STM32U545JEY6QTR, STM32U545NEY6QTR, STM32U545REI6, STM32U545REI6Q, STM32U545RET6, STM32U545RET6Q, STM32U545VEI6, STM32U545VEI6Q, STM32U545VET6, STM32U545VET6Q, STM32U595AIH6, STM32U595AIH6Q, STM32U595AJH6, STM32U595AJH6Q, STM32U595QII6, STM32U595QII6Q, STM32U595QJI6, STM32U595QJI6Q, STM32U595RIT6, STM32U595RIT6Q, STM32U595RJT6, STM32U595RJT6Q, STM32U595VIT6, STM32U595VIT6Q, STM32U595VJT6, STM32U595VJT6Q, STM32U595ZIT6, STM32U595ZIT6Q, STM32U595ZIY6QTR, STM32U595ZJT6, STM32U595ZJT6Q, STM32U595ZJY6QTR, STM32U599BJY6QTR, STM32U599NIH6Q, STM32U599NJH6Q, STM32U599VIT6Q, STM32U599VJT6, STM32U599VJT6Q, STM32U599ZIT6Q, STM32U599ZIY6QTR, STM32U599ZJT6Q, STM32U599ZJY6QTR, STM32U5A5AJH6, STM32U5A5AJH6Q, STM32U5A5QII3Q , STM32U5A5QJI6, STM32U5A5QJI6Q, STM32U5A5RJT6, STM32U5A5RJT6Q, STM32U5A5VJT6, STM32U5A5VJT6Q, STM32U5A5ZJT6, STM32U5A5ZJT6Q, STM32U5A5ZJY6QTR, STM32U5A9BJY6QTR, STM32U5A9J-DK, STM32U5A9NJH6Q, STM32U5A9VJT6Q, STM32U5A9ZJT6Q, STM32U5A9ZJY6QTR, STM32U5F7VIT6, STM32U5F7VIT6Q, STM32U5F7VJT6, STM32U5F7VJT6Q, STM32U5F9BJY6QTR, STM32U5F9NJH6Q, STM32U5F9VIT6Q, STM32U5F9VJT6Q, STM32U5F9ZIJ6QTR, STM32U5F9ZIT6Q, STM32U5F9ZJJ6QTR, STM32U5F9ZJT6Q, STM32U5G7VJT6, STM32U5G7VJT6Q, STM32U5G9BJY6QTR, STM32U5G9J-DK1, STM32U5G9J-DK2, STM32U5G9NJH6Q, STM32U5G9VJT6Q, STM32U5G9ZJJ6QTR, STM32U5G9ZJT6Q, STM32WB05KZV6TR, STM32WB05KZV7TR, STM32WB05TZF6TR, STM32WB05TZF7TR, STM32WB06CCF6TR, STM32WB06CCF7TR, STM32WB06CCV6TR, STM32WB06CCV7TR, STM32WB06KCV6TR, STM32WB06KCV7TR, STM32WB07CCF6TR, STM32WB07CCF7TR, STM32WB07CCV6TR, STM32WB07CCV7TR, STM32WB07KCV6TR, STM32WB07KCV7TR, STM32WB09KEV6TR, STM32WB09KEV7TR, STM32WB09TEF6TR, STM32WB09TEF7TR, STM32WB1MMCH6, STM32WBA50KGU6, STM32WBA50KGU6TR, STM32WBA52CEU6, STM32WBA52CEU6TR, STM32WBA52CEU7, STM32WBA52CEU7TR, STM32WBA52CGU6, STM32WBA52CGU6TR, STM32WBA52CGU6U, STM32WBA52CGU7, STM32WBA52CGU7TR, STM32WBA52KEU6, STM32WBA52KEU6TR, STM32WBA52KGU6, STM32WBA52KGU6TR, STM32WBA54CEU6, STM32WBA54CEU6TR, STM32WBA54CEU7, STM32WBA54CEU7TR, STM32WBA54CGU6, STM32WBA54CGU6TR, STM32WBA54CGU7, STM32WBA54CGU7TR, STM32WBA54KEU6, STM32WBA54KEU6TR, STM32WBA54KEU7, STM32WBA54KEU7TR, STM32WBA54KGU6, STM32WBA54KGU6TR, STM32WBA54KGU7, STM32WBA54KGU7TR, STM32WBA55CEU6, STM32WBA55CEU6TR, STM32WBA55CEU7, STM32WBA55CEU7TR, STM32WBA55CGU6, STM32WBA55CGU6TR, STM32WBA55CGU6U, STM32WBA55CGU7, STM32WBA55CGU7TR, STM32WBA55G-DK1, STM32WBA55HEF6, STM32WBA55HEF7, STM32WBA55HGF6, STM32WBA55HGF7, STM32WBA55UEI6, STM32WBA55UEI6TR, STM32WBA55UEI7, STM32WBA55UEI7TR, STM32WBA55UGI6, STM32WBA55UGI6TR, STM32WBA55UGI7, STM32WBA55UGI7TR, STM32WBA5MMGH6TR, STM32WBA62MGF6, STM32WBA62MIF6, STM32WBA65MGF7, STM32WBA65MIF6, STM32WBA65MIF7, STM32WL30K8V6, STM32WL30KBV6, STM32WL31C8V6, STM32WL31CBV6, STM32WL31K8V6, STM32WL31KBV6, STM32WL33C8V6, STM32WL33C8V6X, STM32WL33CBV6, STM32WL33CBV6X, STM32WL33CCV6, STM32WL33CCV6A, STM32WL33CCV6X, STM32WL33K8V7, STM32WL33K8V7X, STM32WL33KBV7 , STM32WL33KBV7X, STM32WL33KCV7, STM32WL33KCV7X, STM32WL5MOCH6, STM32WL5MOCH6TR]
2026-07-24 12:44:49,252 [INFO] DbMcus:218 - Found 5250 MCUs, 5097 are supported
2026-07-24 12:44:49,253 [INFO] ApiDb:423 - Load user favorites file /home/sakshi/.stm32cubeide/favorites.mcus.txt: 0 item(s)
2026-07-24 12:44:49,253 [INFO] ApiDb:427 - User favorites MCUs=[]
2026-07-24 12:44:49,253 [INFO] DbMcus:224 - Set 0 / 0 favorites MCUs
2026-07-24 12:44:49,788 [INFO] BoardInfo:889 - No configuration file found for board NUCLEO-H5E5ZJ
2026-07-24 12:44:49,789 [INFO] DbBoards:161 - Board is not supported: NUCLEO-H5E5ZJ
2026-07-24 12:44:49,832 [INFO] BoardInfo:889 - No configuration file found for board NUCLEO-U3C5ZI-Q
2026-07-24 12:44:49,832 [INFO] DbBoards:161 - Board is not supported: NUCLEO-U3C5ZI-Q
2026-07-24 12:44:49,847 [INFO] BoardInfo:889 - No configuration file found for board NUCLEO-WBA25CE1
2026-07-24 12:44:49,847 [INFO] DbBoards:161 - Board is not supported: NUCLEO-WBA25CE1
2026-07-24 12:44:49,857 [INFO] BoardInfo:889 - No configuration file found for board NUCLEO-WL3RKB1
2026-07-24 12:44:49,857 [INFO] DbBoards:161 - Board is not supported: NUCLEO-WL3RKB1
2026-07-24 12:44:49,859 [INFO] BoardInfo:889 - No configuration file found for board NUCLEO-WL3RKB2
2026-07-24 12:44:49,859 [INFO] DbBoards:161 - Board is not supported: NUCLEO-WL3RKB2
2026-07-24 12:44:49,865 [INFO] BoardInfo:889 - No configuration file found for board P-NUCLEO-WB55
2026-07-24 12:44:49,865 [INFO] DbBoards:161 - Kit is not supported: P-NUCLEO-WB55
2026-07-24 12:44:49,869 [INFO] BoardInfo:889 - No configuration file found for board STEVAL-BFA001V1B
2026-07-24 12:44:49,869 [INFO] DbBoards:161 - Kit is not supported: STEVAL-BFA001V1B
2026-07-24 12:44:49,870 [INFO] BoardInfo:889 - No configuration file found for board STEVAL-BFA001V2B
2026-07-24 12:44:49,870 [INFO] DbBoards:161 - Kit is not supported: STEVAL-BFA001V2B
2026-07-24 12:44:49,963 [INFO] BoardInfo:889 - No configuration file found for board STM32H5F5J-DK
2026-07-24 12:44:49,964 [INFO] DbBoards:161 - Board is not supported: STM32H5F5J-DK
2026-07-24 12:44:50,007 [INFO] DbBoards:168 - Found 218 boards, 209 are supported
2026-07-24 12:44:50,007 [INFO] DbBoards:169 - Found 218 boards, 43 of them is supported for  Bsp
2026-07-24 12:44:50,011 [INFO] ApiDb:423 - Load user favorites file /home/sakshi/.stm32cubeide/favorites.boards.txt: 1 item(s)
2026-07-24 12:44:50,011 [INFO] ApiDb:427 - User favorites Boards=[STM32F407G-DISC1]
2026-07-24 12:44:50,011 [INFO] DbBoards:198 - Set 1 / 1 favorites Boards
2026-07-24 12:44:50,054 [INFO] UtilMem:75 - End LoadConfig() Used Memory: 346512008 Bytes (413138944)
2026-07-24 12:44:50,170 [WARN] ThirdParty:833 - waiting for thirdparty lock release [change project]
2026-07-24 12:44:50,171 [INFO] ThirdParty:835 - entering critical section [change project]
2026-07-24 12:44:50,171 [INFO] ThirdParty:1030 - CMSIS Pack Vendor :STMicroelectronics X-CUBE-AZRTOS-H7 3.5.0
2026-07-24 12:44:50,171 [INFO] ThirdParty:1030 - CMSIS Pack Vendor :STMicroelectronics X-CUBE-PM33A1 1.0.0
2026-07-24 12:44:50,171 [INFO] ThirdParty:1030 - CMSIS Pack Vendor :STMicroelectronics USBPD 4.1
2026-07-24 12:44:50,171 [INFO] ThirdParty:1030 - CMSIS Pack Vendor :STMicroelectronics X-CUBE-NFC9 1.0.0
2026-07-24 12:44:50,171 [INFO] ThirdParty:1030 - CMSIS Pack Vendor :STMicroelectronics USB_HOST 2.0.0
2026-07-24 12:44:50,171 [INFO] ThirdParty:1030 - CMSIS Pack Vendor :STMicroelectronics FP-ATR-ASTRA1 2.0.3
2026-07-24 12:44:50,171 [INFO] ThirdParty:1030 - CMSIS Pack Vendor :STMicroelectronics X-CUBE-AZRTOS-F4 1.1.0
2026-07-24 12:44:50,171 [INFO] ThirdParty:1030 - CMSIS Pack Vendor :STMicroelectronics LIBJPEG 8.0.0
2026-07-24 12:44:50,171 [INFO] ThirdParty:1030 - CMSIS Pack Vendor :STMicroelectronics FP-ATR-ASTRA1 2.0.2
2026-07-24 12:44:50,171 [INFO] ThirdParty:1030 - CMSIS Pack Vendor :STMicroelectronics X-CUBE-BLE1 7.1.0
2026-07-24 12:44:50,171 [INFO] ThirdParty:1030 - CMSIS Pack Vendor :STMicroelectronics X-CUBE-SMBUS 2.1.0
2026-07-24 12:44:50,171 [INFO] ThirdParty:1030 - CMSIS Pack Vendor :wolfSSL I-CUBE-wolfMQTT 1.19.2
2026-07-24 12:44:50,171 [INFO] ThirdParty:1030 - CMSIS Pack Vendor :STMicroelectronics USB_DEVICE 3.0.0
2026-07-24 12:44:50,172 [INFO] ThirdParty:1030 - CMSIS Pack Vendor :STMicroelectronics X-CUBE-ISPU 2.1.0
2026-07-24 12:44:50,172 [INFO] ThirdParty:1030 - CMSIS Pack Vendor :STMicroelectronics X-CUBE-EEPRMA1 5.2.0
2026-07-24 12:44:50,172 [INFO] ThirdParty:1030 - CMSIS Pack Vendor :STMicroelectronics X-CUBE-IPS 3.2.0
2026-07-24 12:44:50,172 [INFO] ThirdParty:1030 - CMSIS Pack Vendor :STMicroelectronics X-CUBE-BLEMGR 4.1.0
2026-07-24 12:44:50,172 [INFO] ThirdParty:1030 - CMSIS Pack Vendor :STMicroelectronics eDS-WB_DPC_TT-BIDIR 2.1.1
2026-07-24 12:44:50,172 [INFO] ThirdParty:1030 - CMSIS Pack Vendor :STMicroelectronics X-CUBE-AZRTOS-WB 2.0.0
2026-07-24 12:44:50,172 [INFO] ThirdParty:1030 - CMSIS Pack Vendor :wolfSSL I-CUBE-wolfSSL 5.8.4
2026-07-24 12:44:50,172 [INFO] ThirdParty:1030 - CMSIS Pack Vendor :Cesanta I-CUBE-Mongoose 7.20.0
2026-07-24 12:44:50,172 [INFO] ThirdParty:1030 - CMSIS Pack Vendor :STMicroelectronics X-CUBE-NFC12 1.0.0
2026-07-24 12:44:50,172 [INFO] ThirdParty:1030 - CMSIS Pack Vendor :STMicroelectronics X-CUBE-AZRTOS-F7 1.1.0
2026-07-24 12:44:50,172 [INFO] ThirdParty:1030 - CMSIS Pack Vendor :STMicroelectronics X-CUBE-AZRTOS-L5 2.0.0
2026-07-24 12:44:50,172 [INFO] ThirdParty:1030 - CMSIS Pack Vendor :STMicroelectronics USB_DEVICE 2.0.0
2026-07-24 12:44:50,172 [INFO] ThirdParty:1030 - CMSIS Pack Vendor :STMicroelectronics X-CUBE-FREERTOS 1.6.0
2026-07-24 12:44:50,172 [INFO] ThirdParty:1030 - CMSIS Pack Vendor :STMicroelectronics FP-SNS-STAIOTCFT 1.1.0
2026-07-24 12:44:50,172 [INFO] ThirdParty:1030 - CMSIS Pack Vendor :quantropi X-CUBE-qispace-sdk-base 2.1.0
2026-07-24 12:44:50,172 [INFO] ThirdParty:1030 - CMSIS Pack Vendor :STMicroelectronics X-CUBE-MEMS1 12.0.0
2026-07-24 12:44:50,172 [INFO] ThirdParty:1030 - CMSIS Pack Vendor :STMicroelectronics X-CUBE-STSE01 2.0.0
2026-07-24 12:44:50,173 [INFO] ThirdParty:1030 - CMSIS Pack Vendor :STMicroelectronics X-CUBE-ALGOBUILD 1.5.0
2026-07-24 12:44:50,173 [INFO] ThirdParty:1030 - CMSIS Pack Vendor :STMicroelectronics FP-SNS-MOTENV1 5.1.0
2026-07-24 12:44:50,173 [INFO] ThirdParty:1030 - CMSIS Pack Vendor :STMicroelectronics FreeRTOS 0.0.1
2026-07-24 12:44:50,173 [INFO] ThirdParty:1030 - CMSIS Pack Vendor :STMicroelectronics X-CUBE-AZRTOS-H7RS 1.3.0
2026-07-24 12:44:50,173 [INFO] ThirdParty:1030 - CMSIS Pack Vendor :STMicroelectronics X-CUBE-AZRTOS-G0 1.1.0
2026-07-24 12:44:50,173 [INFO] ThirdParty:1030 - CMSIS Pack Vendor :STMicroelectronics X-CUBE-NFC4 3.0.0
2026-07-24 12:44:50,173 [INFO] ThirdParty:1030 - CMSIS Pack Vendor :STMicroelectronics X-CUBE-SUBG2 5.0.0
2026-07-24 12:44:50,173 [INFO] ThirdParty:1030 - CMSIS Pack Vendor :STMicroelectronics STM32_WPAN 1.0.0
2026-07-24 12:44:50,173 [INFO] ThirdParty:1030 - CMSIS Pack Vendor :STMicroelectronics eDS-WB_DPC_VIENNA 1.2.0
2026-07-24 12:44:50,173 [INFO] ThirdParty:1030 - CMSIS Pack Vendor :EmbeddedOffice I-CUBE-FS-RTOS 1.0.1
2026-07-24 12:44:50,173 [INFO] ThirdParty:1030 - CMSIS Pack Vendor :STMicroelectronics lwIP 2.0.3
2026-07-24 12:44:50,173 [INFO] ThirdParty:1030 - CMSIS Pack Vendor :WES I-CUBE-Cesium 1.4.0
2026-07-24 12:44:50,173 [INFO] ThirdParty:1030 - CMSIS Pack Vendor :STMicroelectronics eDS-WB_DPC_3PH2L-BIDIR 1.1.1
2026-07-24 12:44:50,173 [INFO] ThirdParty:1030 - CMSIS Pack Vendor :STMicroelectronics USB_HOST 1.0.0
2026-07-24 12:44:50,174 [INFO] ThirdParty:1030 - CMSIS Pack Vendor :STMicroelectronics X-CUBE-AZRTOS-G4 2.0.0
2026-07-24 12:44:50,174 [INFO] ThirdParty:1030 - CMSIS Pack Vendor :STMicroelectronics X-CUBE-WB05N 2.0.0
2026-07-24 12:44:50,174 [INFO] ThirdParty:1030 - CMSIS Pack Vendor :STMicroelectronics PDM2PCM 3.1.0
2026-07-24 12:44:50,174 [INFO] ThirdParty:1030 - CMSIS Pack Vendor :STMicroelectronics PDM2PCM 3.3.0
2026-07-24 12:44:50,174 [INFO] ThirdParty:1030 - CMSIS Pack Vendor :wolfSSL I-CUBE-wolfTPM 3.8.0
2026-07-24 12:44:50,174 [INFO] ThirdParty:1030 - CMSIS Pack Vendor :STMicroelectronics X-CUBE-DISPLAY 3.0.0
2026-07-24 12:44:50,174 [INFO] ThirdParty:1030 - CMSIS Pack Vendor :wolfSSL I-CUBE-wolfSSH 1.4.20
2026-07-24 12:44:50,174 [INFO] ThirdParty:1030 - CMSIS Pack Vendor :STMicroelectronics X-CUBE-NFC7 2.0.0
2026-07-24 12:44:50,174 [INFO] ThirdParty:1030 - CMSIS Pack Vendor :STMicroelectronics X-CUBE-GNSS1 7.1.1
2026-07-24 12:44:50,174 [INFO] ThirdParty:1030 - CMSIS Pack Vendor :STMicroelectronics FP-SNS-MOTENVWB1 1.5.0
2026-07-24 12:44:50,174 [INFO] ThirdParty:1030 - CMSIS Pack Vendor :STMicroelectronics X-CUBE-TCPP 4.2.0
2026-07-24 12:44:50,174 [INFO] ThirdParty:1030 - CMSIS Pack Vendor :RealThread X-CUBE-RT-Thread_Nano 4.1.1
2026-07-24 12:44:50,174 [INFO] ThirdParty:1030 - CMSIS Pack Vendor :STMicroelectronics FP-ATR-SIGFOX1 3.2.0
2026-07-24 12:44:50,174 [INFO] ThirdParty:1030 - CMSIS Pack Vendor :STMicroelectronics X-CUBE-NFC10 1.0.0
2026-07-24 12:44:50,174 [INFO] ThirdParty:1030 - CMSIS Pack Vendor :STMicroelectronics HAL Drivers 0.0.0
2026-07-24 12:44:50,174 [INFO] ThirdParty:1030 - CMSIS Pack Vendor :STMicroelectronics X-CUBE-FREERTOS 1.5.0
2026-07-24 12:44:50,174 [INFO] ThirdParty:1030 - CMSIS Pack Vendor :STMicroelectronics MBEDTLS 2.16.2
2026-07-24 12:44:50,175 [INFO] ThirdParty:1030 - CMSIS Pack Vendor :STMicroelectronics X-CUBE-ST60 1.1.0
2026-07-24 12:44:50,175 [INFO] ThirdParty:1030 - CMSIS Pack Vendor :STMicroelectronics X-CUBE-ALS 1.0.2
2026-07-24 12:44:50,175 [INFO] ThirdParty:1030 - CMSIS Pack Vendor :emotas I-CUBE-CANOPEN 1.3.0
2026-07-24 12:44:50,175 [INFO] ThirdParty:1030 - CMSIS Pack Vendor :STMicroelectronics MBEDTLS 2.14.1
2026-07-24 12:44:50,175 [INFO] ThirdParty:1030 - CMSIS Pack Vendor :STMicroelectronics X-CUBE-GNSS1 7.1.0
2026-07-24 12:44:50,175 [INFO] ThirdParty:1030 - CMSIS Pack Vendor :ITTIA_DB I-CUBE-ITTIADB 8.9.0
2026-07-24 12:44:50,175 [INFO] ThirdParty:1030 - CMSIS Pack Vendor :STMicroelectronics X-CUBE-TOUCHGFX 4.26.1
2026-07-24 12:44:50,175 [INFO] ThirdParty:1030 - CMSIS Pack Vendor :STMicroelectronics X-CUBE-NFC6 3.2.0
2026-07-24 12:44:50,175 [INFO] ThirdParty:1030 - CMSIS Pack Vendor :STMicroelectronics FP-SNS-STBOX1 2.1.0
2026-07-24 12:44:50,175 [INFO] ThirdParty:1030 - CMSIS Pack Vendor :STMicroelectronics X-CUBE-AI 10.2.1
2026-07-24 12:44:50,175 [INFO] ThirdParty:1030 - CMSIS Pack Vendor :STMicroelectronics X-CUBE-AI 10.2.0
2026-07-24 12:44:50,175 [INFO] ThirdParty:1030 - CMSIS Pack Vendor :STMicroelectronics FP-SNS-STAIOTCFT 1.0.0
2026-07-24 12:44:50,175 [INFO] ThirdParty:1030 - CMSIS Pack Vendor :STMicroelectronics ThreadX 1.0.0
2026-07-24 12:44:50,175 [INFO] ThirdParty:1030 - CMSIS Pack Vendor :STMicroelectronics FP-SNS-SMARTAG2 1.2.0
2026-07-24 12:44:50,176 [INFO] ThirdParty:1030 - CMSIS Pack Vendor :STMicroelectronics X-CUBE-MEMS1 12.1.0
2026-07-24 12:44:50,176 [INFO] ThirdParty:1030 - CMSIS Pack Vendor :STMicroelectronics FP-SNS-FLIGHT1 5.1.0
2026-07-24 12:44:50,176 [INFO] ThirdParty:1030 - CMSIS Pack Vendor :STMicroelectronics X-CUBE-AZRTOS-WL 2.0.0
2026-07-24 12:44:50,176 [INFO] ThirdParty:1030 - CMSIS Pack Vendor :SEGGER I-CUBE-embOS 1.3.1
2026-07-24 12:44:50,176 [INFO] ThirdParty:1030 - CMSIS Pack Vendor :STMicroelectronics X-CUBE-ALGOBUILD 1.4.0
2026-07-24 12:44:50,176 [INFO] ThirdParty:1030 - CMSIS Pack Vendor :STMicroelectronics X-CUBE-DPower 1.3.0
2026-07-24 12:44:50,176 [INFO] ThirdParty:1030 - CMSIS Pack Vendor :STMicroelectronics USB_DEVICE 1.0.0
2026-07-24 12:44:50,176 [INFO] ThirdParty:1030 - CMSIS Pack Vendor :STMicroelectronics X-CUBE-AZRTOS-H7RS 1.2.0
2026-07-24 12:44:50,176 [INFO] ThirdParty:1030 - CMSIS Pack Vendor :STMicroelectronics X-CUBE-AZRTOS-L4 2.0.0
2026-07-24 12:44:50,176 [INFO] ThirdParty:1030 - CMSIS Pack Vendor :STMicroelectronics ThreadX 0.0.2
2026-07-24 12:44:50,176 [INFO] ThirdParty:1030 - CMSIS Pack Vendor :STMicroelectronics lwIP 2.1.2
2026-07-24 12:44:50,176 [INFO] ThirdParty:1030 - CMSIS Pack Vendor :STMicroelectronics X-CUBE-SFXS2LP1 4.0.0
2026-07-24 12:44:50,176 [INFO] ThirdParty:1030 - CMSIS Pack Vendor :STMicroelectronics X-CUBE-BLE2 3.3.0
2026-07-24 12:44:50,176 [INFO] ThirdParty:1030 - CMSIS Pack Vendor :Avnet-IOTCONNECT X-CUBE-iotc-st67-sdk 1.0.0
2026-07-24 12:44:50,176 [INFO] ThirdParty:1030 - CMSIS Pack Vendor :STMicroelectronics X-CUBE-TOF1 3.4.3
2026-07-24 12:44:50,176 [INFO] ThirdParty:1030 - CMSIS Pack Vendor :Infineon AIROC-Wi-Fi-Bluetooth-STM32 1.8.0
2026-07-24 12:44:50,176 [INFO] ThirdParty:1030 - CMSIS Pack Vendor :STMicroelectronics X-CUBE-NFC13 1.0.0
2026-07-24 12:44:50,177 [INFO] ThirdParty:1030 - CMSIS Pack Vendor :STMicroelectronics PDM2PCM 3.2.0
2026-07-24 12:44:50,177 [INFO] ThirdParty:1030 - CMSIS Pack Vendor :STMicroelectronics X-CUBE-WB05N 2.1.0
2026-07-24 12:44:50,177 [INFO] ThirdParty:1030 - CMSIS Pack Vendor :STMicroelectronics X-CUBE-ST67W61 1.2.0
2026-07-24 12:44:50,177 [INFO] ThirdParty:841 - exiting critical section [change project]
2026-07-24 12:44:50,609 [INFO] PinOutPanel:1589 - setPackage(No Configuration,No Configuration)
2026-07-24 12:44:50,611 [INFO] PinOutPanel:1589 - setPackage(STM32F407VGTx,LQFP100)
2026-07-24 12:44:50,975 [INFO] UtilMem:75 - Before build in PCC Used Memory: 298199016 Bytes (413138944)
2026-07-24 12:44:51,471 [INFO] UtilMem:75 - After build in PCC Used Memory: 261831096 Bytes (413138944)
2026-07-24 12:44:51,505 [INFO] IPUIPlugin:80 - create IPUIPlugin
2026-07-24 12:44:51,505 [INFO] IPUIPlugin:80 - create IPUIPlugin
2026-07-24 12:44:51,506 [INFO] IPUIPlugin:80 - create IPUIPlugin
2026-07-24 12:44:51,506 [INFO] IPUIPlugin:80 - create IPUIPlugin
2026-07-24 12:44:51,506 [INFO] IPUIPlugin:80 - create IPUIPlugin
2026-07-24 12:44:51,506 [INFO] IPUIPlugin:80 - create IPUIPlugin
2026-07-24 12:44:51,506 [INFO] IPUIPlugin:80 - create IPUIPlugin
2026-07-24 12:44:51,507 [INFO] IPUIPlugin:80 - create IPUIPlugin
2026-07-24 12:44:51,507 [INFO] IPUIPlugin:80 - create IPUIPlugin
2026-07-24 12:44:51,507 [INFO] IPUIPlugin:80 - create IPUIPlugin
2026-07-24 12:44:51,507 [INFO] IPUIPlugin:80 - create IPUIPlugin
2026-07-24 12:44:51,507 [INFO] IPUIPlugin:80 - create IPUIPlugin
2026-07-24 12:44:51,507 [INFO] IPUIPlugin:80 - create IPUIPlugin
2026-07-24 12:44:51,507 [INFO] IPUIPlugin:80 - create IPUIPlugin
2026-07-24 12:44:51,507 [INFO] IPUIPlugin:80 - create IPUIPlugin
2026-07-24 12:44:51,508 [INFO] IPUIPlugin:80 - create IPUIPlugin
2026-07-24 12:44:51,508 [INFO] IPUIPlugin:80 - create IPUIPlugin
2026-07-24 12:44:51,508 [INFO] IPUIPlugin:80 - create IPUIPlugin
2026-07-24 12:44:51,508 [INFO] IPUIPlugin:80 - create IPUIPlugin
2026-07-24 12:44:51,508 [INFO] IPUIPlugin:80 - create IPUIPlugin
2026-07-24 12:44:51,508 [INFO] IPUIPlugin:80 - create IPUIPlugin
2026-07-24 12:44:51,509 [INFO] IPUIPlugin:80 - create IPUIPlugin
2026-07-24 12:44:51,509 [INFO] IPUIPlugin:80 - create IPUIPlugin
2026-07-24 12:44:51,509 [INFO] IPUIPlugin:80 - create IPUIPlugin
2026-07-24 12:44:51,509 [INFO] IPUIPlugin:80 - create IPUIPlugin
2026-07-24 12:44:51,509 [INFO] IPUIPlugin:80 - create IPUIPlugin
2026-07-24 12:44:51,509 [INFO] IPUIPlugin:80 - create IPUIPlugin
2026-07-24 12:44:51,510 [INFO] IPUIPlugin:80 - create IPUIPlugin
2026-07-24 12:44:51,510 [INFO] IPUIPlugin:80 - create IPUIPlugin
2026-07-24 12:44:51,510 [INFO] IPUIPlugin:80 - create IPUIPlugin
2026-07-24 12:44:51,510 [INFO] IPUIPlugin:80 - create IPUIPlugin
2026-07-24 12:44:51,510 [INFO] IPUIPlugin:80 - create IPUIPlugin
2026-07-24 12:44:51,510 [INFO] IPUIPlugin:80 - create IPUIPlugin
2026-07-24 12:44:51,510 [INFO] IPUIPlugin:80 - create IPUIPlugin
2026-07-24 12:44:51,510 [INFO] IPUIPlugin:80 - create IPUIPlugin
2026-07-24 12:44:51,511 [INFO] IPUIPlugin:80 - create IPUIPlugin
2026-07-24 12:44:51,511 [INFO] IPUIPlugin:80 - create IPUIPlugin
2026-07-24 12:44:51,511 [INFO] IPUIPlugin:80 - create IPUIPlugin
2026-07-24 12:44:51,511 [INFO] IPUIPlugin:80 - create IPUIPlugin
2026-07-24 12:44:51,511 [INFO] IPUIPlugin:80 - create IPUIPlugin
2026-07-24 12:44:51,512 [INFO] IPUIPlugin:80 - create IPUIPlugin
2026-07-24 12:44:51,512 [INFO] IPUIPlugin:80 - create IPUIPlugin
2026-07-24 12:44:51,512 [INFO] IPUIPlugin:80 - create IPUIPlugin
2026-07-24 12:44:51,512 [INFO] IPUIPlugin:80 - create IPUIPlugin
2026-07-24 12:44:51,512 [INFO] IPUIPlugin:80 - create IPUIPlugin
2026-07-24 12:44:51,513 [INFO] IPUIPlugin:80 - create IPUIPlugin
2026-07-24 12:44:51,513 [INFO] IPUIPlugin:80 - create IPUIPlugin
2026-07-24 12:44:51,513 [INFO] IPUIPlugin:80 - create IPUIPlugin
2026-07-24 12:44:51,513 [INFO] IPUIPlugin:80 - create IPUIPlugin
2026-07-24 12:44:51,513 [INFO] IPUIPlugin:80 - create IPUIPlugin
2026-07-24 12:44:51,513 [INFO] IPUIPlugin:80 - create IPUIPlugin
2026-07-24 12:44:51,514 [INFO] IPUIPlugin:80 - create IPUIPlugin
2026-07-24 12:44:51,514 [INFO] IPUIPlugin:80 - create IPUIPlugin
2026-07-24 12:44:51,514 [INFO] IPUIPlugin:80 - create IPUIPlugin
2026-07-24 12:44:51,514 [INFO] IPUIPlugin:80 - create IPUIPlugin
2026-07-24 12:44:51,515 [INFO] IPUIPlugin:80 - create IPUIPlugin
2026-07-24 12:44:51,515 [INFO] IPUIPlugin:80 - create IPUIPlugin
2026-07-24 12:44:51,515 [INFO] IPUIPlugin:80 - create IPUIPlugin
2026-07-24 12:44:51,543 [INFO] ApiDbMcu:532 - Load IP Config File for PDM2PCM
2026-07-24 12:44:51,551 [INFO] Can:71 - Can Add PropertyChangeListener com.st.microxplorer.plugins.ip.can.Can@568829a7
2026-07-24 12:44:51,693 [INFO] CADModel:165 - CPN selected for project levelSTM32F407VGT6
2026-07-24 12:44:51,693 [INFO] CADModel:114 - Register for checkConnection events
2026-07-24 12:44:51,731 [INFO] OpenFileManager:386 - Restore cursor
2026-07-24 12:45:10,568 [ERROR] LogOutputStream:75 - [STDERR_REDIRECT] Jul 24, 2026 12:45:10 PM java.util.prefs.FileSystemPreferences checkLockFile0ErrorCode
2026-07-24 12:45:10,569 [ERROR] LogOutputStream:75 - [STDERR_REDIRECT] WARNING: Could not lock System prefs. Unix error code 2.
2026-07-24 12:45:10,569 [ERROR] LogOutputStream:75 - [STDERR_REDIRECT] 
2026-07-24 12:45:10,570 [ERROR] LogOutputStream:75 - [STDERR_REDIRECT] Jul 24, 2026 12:45:10 PM java.util.prefs.FileSystemPreferences syncWorld
2026-07-24 12:45:10,570 [ERROR] LogOutputStream:75 - [STDERR_REDIRECT] WARNING: Couldn't flush system prefs: java.util.prefs.BackingStoreException: Couldn't get file lock.
2026-07-24 12:45:10,571 [ERROR] LogOutputStream:75 - [STDERR_REDIRECT] 
2026-07-24 12:45:18,307 [INFO] MainUpdater:2872 - connection check result : 22
2026-07-24 12:45:18,312 [INFO] MainUpdater:2872 - connection check result : 22
2026-07-24 12:45:23,298 [INFO] MainUpdater:2872 - connection check result : 22
2026-07-24 12:45:32,640 [INFO] MainUpdater:2872 - connection check result : 22
2026-07-24 12:45:40,560 [ERROR] LogOutputStream:75 - [STDERR_REDIRECT] Jul 24, 2026 12:45:40 PM java.util.prefs.FileSystemPreferences checkLockFile0ErrorCode
2026-07-24 12:45:40,561 [ERROR] LogOutputStream:75 - [STDERR_REDIRECT] WARNING: Could not lock System prefs. Unix error code 2.
2026-07-24 12:45:40,561 [ERROR] LogOutputStream:75 - [STDERR_REDIRECT] 
2026-07-24 12:45:40,562 [ERROR] LogOutputStream:75 - [STDERR_REDIRECT] Jul 24, 2026 12:45:40 PM java.util.prefs.FileSystemPreferences syncWorld
2026-07-24 12:45:40,562 [ERROR] LogOutputStream:75 - [STDERR_REDIRECT] WARNING: Couldn't flush system prefs: java.util.prefs.BackingStoreException: Couldn't get file lock.
2026-07-24 12:45:40,562 [ERROR] LogOutputStream:75 - [STDERR_REDIRECT] 
2026-07-24 12:46:03,634 [INFO] MainUpdater:2872 - connection check result : 22
2026-07-24 12:46:10,561 [ERROR] LogOutputStream:75 - [STDERR_REDIRECT] Jul 24, 2026 12:46:10 PM java.util.prefs.FileSystemPreferences checkLockFile0ErrorCode
2026-07-24 12:46:10,561 [ERROR] LogOutputStream:75 - [STDERR_REDIRECT] WARNING: Could not lock System prefs. Unix error code 2.
2026-07-24 12:46:10,561 [ERROR] LogOutputStream:75 - [STDERR_REDIRECT] 
2026-07-24 12:46:10,562 [ERROR] LogOutputStream:75 - [STDERR_REDIRECT] Jul 24, 2026 12:46:10 PM java.util.prefs.FileSystemPreferences syncWorld
2026-07-24 12:46:10,562 [ERROR] LogOutputStream:75 - [STDERR_REDIRECT] WARNING: Couldn't flush system prefs: java.util.prefs.BackingStoreException: Couldn't get file lock.
2026-07-24 12:46:10,563 [ERROR] LogOutputStream:75 - [STDERR_REDIRECT] 
2026-07-24 12:46:40,561 [ERROR] LogOutputStream:75 - [STDERR_REDIRECT] Jul 24, 2026 12:46:40 PM java.util.prefs.FileSystemPreferences checkLockFile0ErrorCode
2026-07-24 12:46:40,561 [ERROR] LogOutputStream:75 - [STDERR_REDIRECT] WARNING: Could not lock System prefs. Unix error code 2.
2026-07-24 12:46:40,561 [ERROR] LogOutputStream:75 - [STDERR_REDIRECT] 
2026-07-24 12:46:40,562 [ERROR] LogOutputStream:75 - [STDERR_REDIRECT] Jul 24, 2026 12:46:40 PM java.util.prefs.FileSystemPreferences syncWorld
2026-07-24 12:46:40,562 [ERROR] LogOutputStream:75 - [STDERR_REDIRECT] WARNING: Couldn't flush system prefs: java.util.prefs.BackingStoreException: Couldn't get file lock.
2026-07-24 12:46:40,563 [ERROR] LogOutputStream:75 - [STDERR_REDIRECT] 
2026-07-24 12:46:59,911 [INFO] MicroXplorer:468 - Change Database Path : 
2026-07-24 12:46:59,911 [INFO] MicroXplorer:498 - Change Database Version : DB.6.0.150
2026-07-24 12:46:59,943 [ERROR] ProjectManagerView:395 - 
java.lang.NullPointerException: Cannot invoke "javax.swing.JTextField.getText()" because the return value of "java.util.List.get(int)" is null
	at com.st.microxplorer.plugins.projectmanager.gui.ProjectChoiceTab$9.caretUpdate(ProjectChoiceTab.java:2706) ~[filemanager.jar:?]
	at javax.swing.text.JTextComponent.fireCaretUpdate(JTextComponent.java:408) ~[?:?]
	at javax.swing.text.JTextComponent$MutableCaretEvent.fire(JTextComponent.java:4484) ~[?:?]
	at javax.swing.text.JTextComponent$MutableCaretEvent.stateChanged(JTextComponent.java:4506) ~[?:?]
	at javax.swing.text.DefaultCaret.fireStateChanged(DefaultCaret.java:857) ~[?:?]
	at javax.swing.text.DefaultCaret.changeCaretPosition(DefaultCaret.java:1343) ~[?:?]
	at javax.swing.text.DefaultCaret.handleSetDot(DefaultCaret.java:1242) ~[?:?]
	at javax.swing.text.DefaultCaret.setDot(DefaultCaret.java:1223) ~[?:?]
	at javax.swing.text.DefaultCaret$Handler.insertUpdate(DefaultCaret.java:1819) ~[?:?]
	at javax.swing.text.AbstractDocument.fireInsertUpdate(AbstractDocument.java:227) ~[?:?]
	at javax.swing.text.AbstractDocument.handleInsertString(AbstractDocument.java:781) ~[?:?]
	at javax.swing.text.AbstractDocument.insertString(AbstractDocument.java:740) ~[?:?]
	at javax.swing.text.PlainDocument.insertString(PlainDocument.java:131) ~[?:?]
	at javax.swing.text.AbstractDocument.replace(AbstractDocument.java:699) ~[?:?]
	at javax.swing.text.JTextComponent.setText(JTextComponent.java:1725) ~[?:?]
	at com.st.microxplorer.plugins.projectmanager.gui.ProjectChoiceTab.createHeapStackFields(ProjectChoiceTab.java:993) ~[filemanager.jar:?]
	at com.st.microxplorer.plugins.projectmanager.gui.ProjectChoiceTab.buildLinkSettingsPanel(ProjectChoiceTab.java:3813) ~[filemanager.jar:?]
	at com.st.microxplorer.plugins.projectmanager.gui.ProjectChoiceTab.defineWindowsFields(ProjectChoiceTab.java:1987) ~[filemanager.jar:?]
	at com.st.microxplorer.plugins.projectmanager.gui.ProjectChoiceTab.updateSettings(ProjectChoiceTab.java:558) ~[filemanager.jar:?]
	at com.st.microxplorer.plugins.projectmanager.gui.ProjectSettingsPanel.UpdateDialog(ProjectSettingsPanel.java:247) ~[filemanager.jar:?]
	at com.st.microxplorer.plugins.projectmanager.ProjectManagerView.propertyChange(ProjectManagerView.java:392) ~[filemanager.jar:?]
	at java.beans.PropertyChangeSupport.fire(PropertyChangeSupport.java:343) ~[?:?]
	at java.beans.PropertyChangeSupport.firePropertyChange(PropertyChangeSupport.java:335) ~[?:?]
	at java.beans.PropertyChangeSupport.firePropertyChange(PropertyChangeSupport.java:268) ~[?:?]
	at com.st.microxplorer.util.MXPropertyChangeSupport.firePropertyChange(MXPropertyChangeSupport.java:54) ~[STM32CubeMX.jar:?]
	at com.st.microxplorer.mxsystem.MxSystem.closeConfig(MxSystem.java:899) ~[STM32CubeMX.jar:?]
	at com.st.microxplorer.maingui.MainPanel.closeConfig(MainPanel.java:792) ~[STM32CubeMX.jar:?]
	at com.st.microxplorer.plugins.filemanager.engine.OpenFileManager.loadConfigurationFile(OpenFileManager.java:288) ~[filemanager.jar:?]
	at com.st.microxplorer.plugins.filemanager.engine.MainFileManager.userLoadConfig(MainFileManager.java:364) ~[filemanager.jar:?]
	at com.st.microxplorer.plugins.filemanager.engine.MainFileManager.userLoadConfig(MainFileManager.java:342) ~[filemanager.jar:?]
	at com.st.microxplorer.plugins.filemanager.FileManagerView.getSpecificTask(FileManagerView.java:264) ~[filemanager.jar:?]
	at com.st.stm32cube.common.mx.editor.CubeMxEditor.getMxTabbedPaneInstance(CubeMxEditor.java:1198) ~[com.st.stm32cube.common.mx_6.15.0.202507011659/:?]
	at com.st.stm32cube.common.mx.editor.CubeMxEditor$12$1.createSwingComponent(CubeMxEditor.java:1068) ~[com.st.stm32cube.common.mx_6.15.0.202507011659/:?]
	at com.st.stm32cube.common.mx.oss.core.awtswtbridge.EmbeddedSwingComposite.doComponentCreation(EmbeddedSwingComposite.java:492) ~[com.st.stm32cube.common.mx.oss_6.15.0.202507011659/:?]
	at com.st.stm32cube.common.mx.oss.core.awtswtbridge.EmbeddedSwingComposite$4.run(EmbeddedSwingComposite.java:291) ~[com.st.stm32cube.common.mx.oss_6.15.0.202507011659/:?]
	at com.st.stm32cube.common.mx.oss.core.awtswtbridge.AwtEnvironment$2.run(AwtEnvironment.java:166) ~[com.st.stm32cube.common.mx.oss_6.15.0.202507011659/:?]
	at java.awt.event.InvocationEvent.dispatch(InvocationEvent.java:318) ~[?:?]
	at java.awt.EventQueue.dispatchEventImpl(EventQueue.java:773) ~[?:?]
	at java.awt.EventQueue$4.run(EventQueue.java:720) ~[?:?]
	at java.awt.EventQueue$4.run(EventQueue.java:714) ~[?:?]
	at java.security.AccessController.doPrivileged(AccessController.java:400) ~[?:?]
	at java.security.ProtectionDomain$JavaSecurityAccessImpl.doIntersectionPrivilege(ProtectionDomain.java:87) ~[?:?]
	at java.awt.EventQueue.dispatchEvent(EventQueue.java:742) ~[?:?]
	at java.awt.EventDispatchThread.pumpOneEventForFilters(EventDispatchThread.java:203) ~[?:?]
	at java.awt.EventDispatchThread.pumpEventsForFilter(EventDispatchThread.java:124) ~[?:?]
	at java.awt.EventDispatchThread.pumpEventsForHierarchy(EventDispatchThread.java:113) ~[?:?]
	at java.awt.EventDispatchThread.pumpEvents(EventDispatchThread.java:109) ~[?:?]
	at java.awt.EventDispatchThread.pumpEvents(EventDispatchThread.java:101) ~[?:?]
	at java.awt.EventDispatchThread.run(EventDispatchThread.java:90) ~[?:?]
2026-07-24 12:46:59,953 [WARN] ThirdParty:871 - waiting for thirdparty lock release [close project]
2026-07-24 12:46:59,953 [INFO] ThirdParty:873 - entering critical section [close project]
2026-07-24 12:46:59,953 [INFO] ThirdParty:883 - exiting critical section [close project]
2026-07-24 12:46:59,956 [INFO] PinOutPanel:1589 - setPackage(No Configuration,No Configuration)
2026-07-24 12:46:59,979 [WARN] IpParametersView:155 - Warning: This peripheral hasn't parameters
2026-07-24 12:46:59,999 [WARN] MainPanel:289 - <html><b><center>Warning: This peripheral has no parameters to be configured<br></b></html>
2026-07-24 12:47:00,010 [INFO] UtilMem:75 - Begin LoadConfig() Used Memory: 390464776 Bytes (552599552)
2026-07-24 12:47:00,017 [INFO] MicroXplorer:468 - Change Database Path : /home/sakshi/.stm32cubemx/databases/DB.6.0.130/db/
2026-07-24 12:47:00,017 [INFO] MicroXplorer:498 - Change Database Version : DB.6.0.130
2026-07-24 12:47:01,997 [INFO] OpenFileManager:355 - Change cursor
2026-07-24 12:47:02,011 [INFO] Mcu:2029 - Initializing MCU STM32F407V(E-G)Tx STM32F407VGTx STM32F407VGT6
2026-07-24 12:47:03,130 [INFO] Context:786 - Trying to add GPIOservice into a context  which must be forbidden
2026-07-24 12:47:03,835 [INFO] ImportTextPane:234 - (OptionalMessage_ERROR) Pin17 (VP_RIF_VS_RIF1) cannot be retrieved for this MCU
2026-07-24 12:47:04,019 [INFO] RtosManager:558 - Registered RTOS mode: class=CMSIS, group=RTOS, mode=CMSIS_V1, owner=FREERTOS
2026-07-24 12:47:04,019 [INFO] RtosManager:558 - Registered RTOS mode: class=CMSIS, group=RTOS2, mode=CMSIS_V2, owner=FREERTOS
2026-07-24 12:47:04,019 [INFO] RtosManager:558 - Registered RTOS mode: class=RTOS, group=Core, mode=CMSIS_V1, owner=FREERTOS
2026-07-24 12:47:04,019 [INFO] RtosManager:558 - Registered RTOS mode: class=RTOS, group=Core, mode=CMSIS_V2, owner=FREERTOS
2026-07-24 12:47:04,020 [WARN] ModelIntegratedComponent:184 - Missing modes for component STMicroelectronics:FreeRTOS:0.0.1:STMicroelectronics:RTOS:FreeRTOS:Core:::10.2.0:
2026-07-24 12:47:04,029 [WARN] ModelIntegratedComponent:63 - No mode defined for component null
2026-07-24 12:47:04,030 [WARN] ModelIntegratedComponent:63 - No mode defined for component null
2026-07-24 12:47:04,030 [WARN] ModelIntegratedComponent:63 - No mode defined for component null
2026-07-24 12:47:04,030 [WARN] ModelIntegratedComponent:63 - No mode defined for component null
2026-07-24 12:47:04,030 [WARN] ModelIntegratedComponent:63 - No mode defined for component null
2026-07-24 12:47:04,030 [WARN] ModelIntegratedComponent:63 - No mode defined for component null
2026-07-24 12:47:04,030 [WARN] ModelIntegratedComponent:63 - No mode defined for component null
2026-07-24 12:47:04,030 [WARN] ModelIntegratedComponent:63 - No mode defined for component null
2026-07-24 12:47:04,030 [WARN] ModelIntegratedComponent:63 - No mode defined for component null
2026-07-24 12:47:04,030 [WARN] ModelIntegratedComponent:63 - No mode defined for component null
2026-07-24 12:47:04,030 [WARN] ModelIntegratedComponent:63 - No mode defined for component null
2026-07-24 12:47:04,031 [WARN] ModelIntegratedComponent:63 - No mode defined for component null
2026-07-24 12:47:04,031 [WARN] ModelIntegratedComponent:63 - No mode defined for component null
2026-07-24 12:47:04,031 [WARN] ModelIntegratedComponent:63 - No mode defined for component null
2026-07-24 12:47:04,031 [WARN] ModelIntegratedComponent:63 - No mode defined for component null
2026-07-24 12:47:04,031 [WARN] ModelIntegratedComponent:63 - No mode defined for component null
2026-07-24 12:47:04,031 [WARN] ModelIntegratedComponent:63 - No mode defined for component null
2026-07-24 12:47:04,031 [WARN] ModelIntegratedComponent:63 - No mode defined for component null
2026-07-24 12:47:04,031 [WARN] ModelIntegratedComponent:63 - No mode defined for component null
2026-07-24 12:47:04,031 [WARN] ModelIntegratedComponent:63 - No mode defined for component null
2026-07-24 12:47:04,031 [WARN] ModelIntegratedComponent:63 - No mode defined for component null
2026-07-24 12:47:04,031 [WARN] ModelIntegratedComponent:63 - No mode defined for component null
2026-07-24 12:47:04,031 [WARN] ModelIntegratedComponent:63 - No mode defined for component null
2026-07-24 12:47:04,031 [WARN] ModelIntegratedComponent:63 - No mode defined for component null
2026-07-24 12:47:04,031 [WARN] ModelIntegratedComponent:63 - No mode defined for component null
2026-07-24 12:47:04,032 [WARN] ModelIntegratedComponent:63 - No mode defined for component null
2026-07-24 12:47:04,032 [WARN] ModelIntegratedComponent:63 - No mode defined for component null
2026-07-24 12:47:04,032 [WARN] ModelIntegratedComponent:63 - No mode defined for component null
2026-07-24 12:47:04,032 [WARN] ModelIntegratedComponent:63 - No mode defined for component null
2026-07-24 12:47:04,032 [WARN] ModelIntegratedComponent:63 - No mode defined for component null
2026-07-24 12:47:04,032 [WARN] ModelIntegratedComponent:63 - No mode defined for component null
2026-07-24 12:47:04,032 [WARN] ModelIntegratedComponent:63 - No mode defined for component null
2026-07-24 12:47:04,032 [WARN] ModelIntegratedComponent:63 - No mode defined for component null
2026-07-24 12:47:04,032 [WARN] ModelIntegratedComponent:63 - No mode defined for component null
2026-07-24 12:47:04,032 [WARN] ModelIntegratedComponent:63 - No mode defined for component null
2026-07-24 12:47:04,032 [WARN] ModelPack:524 - Component already loaded: STMicroelectronics:HAL Drivers:0.0.0:STMicroelectronics:Device:STMicro_Driver:XSPI:HAL::0.0.1:HAL_XSPI
2026-07-24 12:47:04,092 [INFO] ThirdPartyModel:298 - Start build external matchings
2026-07-24 12:47:04,615 [INFO] ThirdPartyModel:316 - End build external matchings
2026-07-24 12:47:04,630 [INFO] ImportTextPane:234 - (OptionalMessage_ERROR) IP (RCC) : Parameter (RTCHSEDivFreq_Value) has invalid value (4000000)
2026-07-24 12:47:04,817 [INFO] UtilMem:75 - End LoadConfig() Used Memory: 323019896 Bytes (552599552)
2026-07-24 12:47:04,829 [WARN] ThirdParty:833 - waiting for thirdparty lock release [change project]
2026-07-24 12:47:04,830 [INFO] ThirdParty:835 - entering critical section [change project]
2026-07-24 12:47:04,830 [INFO] ThirdParty:1030 - CMSIS Pack Vendor :STMicroelectronics X-CUBE-AZRTOS-H7 3.5.0
2026-07-24 12:47:04,830 [INFO] ThirdParty:1030 - CMSIS Pack Vendor :STMicroelectronics X-CUBE-PM33A1 1.0.0
2026-07-24 12:47:04,830 [INFO] ThirdParty:1030 - CMSIS Pack Vendor :STMicroelectronics USBPD 4.1
2026-07-24 12:47:04,830 [INFO] ThirdParty:1030 - CMSIS Pack Vendor :STMicroelectronics X-CUBE-NFC9 1.0.0
2026-07-24 12:47:04,830 [INFO] ThirdParty:1030 - CMSIS Pack Vendor :STMicroelectronics USB_HOST 2.0.0
2026-07-24 12:47:04,830 [INFO] ThirdParty:1030 - CMSIS Pack Vendor :STMicroelectronics FP-ATR-ASTRA1 2.0.3
2026-07-24 12:47:04,831 [INFO] ThirdParty:1030 - CMSIS Pack Vendor :STMicroelectronics X-CUBE-AZRTOS-F4 1.1.0
2026-07-24 12:47:04,831 [INFO] ThirdParty:1030 - CMSIS Pack Vendor :STMicroelectronics LIBJPEG 8.0.0
2026-07-24 12:47:04,831 [INFO] ThirdParty:1030 - CMSIS Pack Vendor :STMicroelectronics FP-ATR-ASTRA1 2.0.2
2026-07-24 12:47:04,831 [INFO] ThirdParty:1030 - CMSIS Pack Vendor :STMicroelectronics X-CUBE-BLE1 7.1.0
2026-07-24 12:47:04,831 [INFO] ThirdParty:1030 - CMSIS Pack Vendor :STMicroelectronics X-CUBE-SMBUS 2.1.0
2026-07-24 12:47:04,831 [INFO] ThirdParty:1030 - CMSIS Pack Vendor :wolfSSL I-CUBE-wolfMQTT 1.19.2
2026-07-24 12:47:04,831 [INFO] ThirdParty:1030 - CMSIS Pack Vendor :STMicroelectronics USB_DEVICE 3.0.0
2026-07-24 12:47:04,831 [INFO] ThirdParty:1030 - CMSIS Pack Vendor :STMicroelectronics X-CUBE-ISPU 2.1.0
2026-07-24 12:47:04,831 [INFO] ThirdParty:1030 - CMSIS Pack Vendor :STMicroelectronics X-CUBE-EEPRMA1 5.2.0
2026-07-24 12:47:04,831 [INFO] ThirdParty:1030 - CMSIS Pack Vendor :STMicroelectronics X-CUBE-IPS 3.2.0
2026-07-24 12:47:04,832 [INFO] ThirdParty:1030 - CMSIS Pack Vendor :STMicroelectronics X-CUBE-BLEMGR 4.1.0
2026-07-24 12:47:04,832 [INFO] ThirdParty:1030 - CMSIS Pack Vendor :STMicroelectronics eDS-WB_DPC_TT-BIDIR 2.1.1
2026-07-24 12:47:04,832 [INFO] ThirdParty:1030 - CMSIS Pack Vendor :STMicroelectronics X-CUBE-AZRTOS-WB 2.0.0
2026-07-24 12:47:04,832 [INFO] ThirdParty:1030 - CMSIS Pack Vendor :wolfSSL I-CUBE-wolfSSL 5.8.4
2026-07-24 12:47:04,832 [INFO] ThirdParty:1030 - CMSIS Pack Vendor :Cesanta I-CUBE-Mongoose 7.20.0
2026-07-24 12:47:04,832 [INFO] ThirdParty:1030 - CMSIS Pack Vendor :STMicroelectronics X-CUBE-NFC12 1.0.0
2026-07-24 12:47:04,832 [INFO] ThirdParty:1030 - CMSIS Pack Vendor :STMicroelectronics X-CUBE-AZRTOS-F7 1.1.0
2026-07-24 12:47:04,832 [INFO] ThirdParty:1030 - CMSIS Pack Vendor :STMicroelectronics X-CUBE-AZRTOS-L5 2.0.0
2026-07-24 12:47:04,832 [INFO] ThirdParty:1030 - CMSIS Pack Vendor :STMicroelectronics USB_DEVICE 2.0.0
2026-07-24 12:47:04,832 [INFO] ThirdParty:1030 - CMSIS Pack Vendor :STMicroelectronics X-CUBE-FREERTOS 1.6.0
2026-07-24 12:47:04,833 [INFO] ThirdParty:1030 - CMSIS Pack Vendor :STMicroelectronics FP-SNS-STAIOTCFT 1.1.0
2026-07-24 12:47:04,833 [INFO] ThirdParty:1030 - CMSIS Pack Vendor :quantropi X-CUBE-qispace-sdk-base 2.1.0
2026-07-24 12:47:04,833 [INFO] ThirdParty:1030 - CMSIS Pack Vendor :STMicroelectronics X-CUBE-MEMS1 12.0.0
2026-07-24 12:47:04,833 [INFO] ThirdParty:1030 - CMSIS Pack Vendor :STMicroelectronics X-CUBE-STSE01 2.0.0
2026-07-24 12:47:04,833 [INFO] ThirdParty:1030 - CMSIS Pack Vendor :STMicroelectronics X-CUBE-ALGOBUILD 1.5.0
2026-07-24 12:47:04,833 [INFO] ThirdParty:1030 - CMSIS Pack Vendor :STMicroelectronics FP-SNS-MOTENV1 5.1.0
2026-07-24 12:47:04,833 [INFO] ThirdParty:1030 - CMSIS Pack Vendor :STMicroelectronics FreeRTOS 0.0.1
2026-07-24 12:47:04,833 [INFO] ThirdParty:1030 - CMSIS Pack Vendor :STMicroelectronics X-CUBE-AZRTOS-H7RS 1.3.0
2026-07-24 12:47:04,833 [INFO] ThirdParty:1030 - CMSIS Pack Vendor :STMicroelectronics X-CUBE-AZRTOS-G0 1.1.0
2026-07-24 12:47:04,833 [INFO] ThirdParty:1030 - CMSIS Pack Vendor :STMicroelectronics X-CUBE-NFC4 3.0.0
2026-07-24 12:47:04,833 [INFO] ThirdParty:1030 - CMSIS Pack Vendor :STMicroelectronics X-CUBE-SUBG2 5.0.0
2026-07-24 12:47:04,834 [INFO] ThirdParty:1030 - CMSIS Pack Vendor :STMicroelectronics STM32_WPAN 1.0.0
2026-07-24 12:47:04,834 [INFO] ThirdParty:1030 - CMSIS Pack Vendor :STMicroelectronics eDS-WB_DPC_VIENNA 1.2.0
2026-07-24 12:47:04,834 [INFO] ThirdParty:1030 - CMSIS Pack Vendor :EmbeddedOffice I-CUBE-FS-RTOS 1.0.1
2026-07-24 12:47:04,834 [INFO] ThirdParty:1030 - CMSIS Pack Vendor :STMicroelectronics lwIP 2.0.3
2026-07-24 12:47:04,834 [INFO] ThirdParty:1030 - CMSIS Pack Vendor :WES I-CUBE-Cesium 1.4.0
2026-07-24 12:47:04,834 [INFO] ThirdParty:1030 - CMSIS Pack Vendor :STMicroelectronics eDS-WB_DPC_3PH2L-BIDIR 1.1.1
2026-07-24 12:47:04,834 [INFO] ThirdParty:1030 - CMSIS Pack Vendor :STMicroelectronics USB_HOST 1.0.0
2026-07-24 12:47:04,834 [INFO] ThirdParty:1030 - CMSIS Pack Vendor :STMicroelectronics X-CUBE-AZRTOS-G4 2.0.0
2026-07-24 12:47:04,834 [INFO] ThirdParty:1030 - CMSIS Pack Vendor :STMicroelectronics X-CUBE-WB05N 2.0.0
2026-07-24 12:47:04,834 [INFO] ThirdParty:1030 - CMSIS Pack Vendor :STMicroelectronics PDM2PCM 3.1.0
2026-07-24 12:47:04,834 [INFO] ThirdParty:1030 - CMSIS Pack Vendor :STMicroelectronics PDM2PCM 3.3.0
2026-07-24 12:47:04,834 [INFO] ThirdParty:1030 - CMSIS Pack Vendor :wolfSSL I-CUBE-wolfTPM 3.8.0
2026-07-24 12:47:04,834 [INFO] ThirdParty:1030 - CMSIS Pack Vendor :STMicroelectronics X-CUBE-DISPLAY 3.0.0
2026-07-24 12:47:04,835 [INFO] ThirdParty:1030 - CMSIS Pack Vendor :wolfSSL I-CUBE-wolfSSH 1.4.20
2026-07-24 12:47:04,835 [INFO] ThirdParty:1030 - CMSIS Pack Vendor :STMicroelectronics X-CUBE-NFC7 2.0.0
2026-07-24 12:47:04,835 [INFO] ThirdParty:1030 - CMSIS Pack Vendor :STMicroelectronics X-CUBE-GNSS1 7.1.1
2026-07-24 12:47:04,835 [INFO] ThirdParty:1030 - CMSIS Pack Vendor :STMicroelectronics FP-SNS-MOTENVWB1 1.5.0
2026-07-24 12:47:04,835 [INFO] ThirdParty:1030 - CMSIS Pack Vendor :STMicroelectronics X-CUBE-TCPP 4.2.0
2026-07-24 12:47:04,835 [INFO] ThirdParty:1030 - CMSIS Pack Vendor :RealThread X-CUBE-RT-Thread_Nano 4.1.1
2026-07-24 12:47:04,835 [INFO] ThirdParty:1030 - CMSIS Pack Vendor :STMicroelectronics FP-ATR-SIGFOX1 3.2.0
2026-07-24 12:47:04,835 [INFO] ThirdParty:1030 - CMSIS Pack Vendor :STMicroelectronics X-CUBE-NFC10 1.0.0
2026-07-24 12:47:04,835 [INFO] ThirdParty:1030 - CMSIS Pack Vendor :STMicroelectronics HAL Drivers 0.0.0
2026-07-24 12:47:04,835 [INFO] ThirdParty:1030 - CMSIS Pack Vendor :STMicroelectronics X-CUBE-FREERTOS 1.5.0
2026-07-24 12:47:04,835 [INFO] ThirdParty:1030 - CMSIS Pack Vendor :STMicroelectronics MBEDTLS 2.16.2
2026-07-24 12:47:04,836 [INFO] ThirdParty:1030 - CMSIS Pack Vendor :STMicroelectronics X-CUBE-ST60 1.1.0
2026-07-24 12:47:04,836 [INFO] ThirdParty:1030 - CMSIS Pack Vendor :STMicroelectronics X-CUBE-ALS 1.0.2
2026-07-24 12:47:04,836 [INFO] ThirdParty:1030 - CMSIS Pack Vendor :emotas I-CUBE-CANOPEN 1.3.0
2026-07-24 12:47:04,836 [INFO] ThirdParty:1030 - CMSIS Pack Vendor :STMicroelectronics MBEDTLS 2.14.1
2026-07-24 12:47:04,836 [INFO] ThirdParty:1030 - CMSIS Pack Vendor :STMicroelectronics X-CUBE-GNSS1 7.1.0
2026-07-24 12:47:04,836 [INFO] ThirdParty:1030 - CMSIS Pack Vendor :ITTIA_DB I-CUBE-ITTIADB 8.9.0
2026-07-24 12:47:04,836 [INFO] ThirdParty:1030 - CMSIS Pack Vendor :STMicroelectronics X-CUBE-TOUCHGFX 4.26.1
2026-07-24 12:47:04,836 [INFO] ThirdParty:1030 - CMSIS Pack Vendor :STMicroelectronics X-CUBE-NFC6 3.2.0
2026-07-24 12:47:04,836 [INFO] ThirdParty:1030 - CMSIS Pack Vendor :STMicroelectronics FP-SNS-STBOX1 2.1.0
2026-07-24 12:47:04,836 [INFO] ThirdParty:1030 - CMSIS Pack Vendor :STMicroelectronics X-CUBE-AI 10.2.1
2026-07-24 12:47:04,836 [INFO] ThirdParty:1030 - CMSIS Pack Vendor :STMicroelectronics X-CUBE-AI 10.2.0
2026-07-24 12:47:04,836 [INFO] ThirdParty:1030 - CMSIS Pack Vendor :STMicroelectronics FP-SNS-STAIOTCFT 1.0.0
2026-07-24 12:47:04,836 [INFO] ThirdParty:1030 - CMSIS Pack Vendor :STMicroelectronics ThreadX 1.0.0
2026-07-24 12:47:04,836 [INFO] ThirdParty:1030 - CMSIS Pack Vendor :STMicroelectronics FP-SNS-SMARTAG2 1.2.0
2026-07-24 12:47:04,836 [INFO] ThirdParty:1030 - CMSIS Pack Vendor :STMicroelectronics X-CUBE-MEMS1 12.1.0
2026-07-24 12:47:04,836 [INFO] ThirdParty:1030 - CMSIS Pack Vendor :STMicroelectronics FP-SNS-FLIGHT1 5.1.0
2026-07-24 12:47:04,837 [INFO] ThirdParty:1030 - CMSIS Pack Vendor :STMicroelectronics X-CUBE-AZRTOS-WL 2.0.0
2026-07-24 12:47:04,837 [INFO] ThirdParty:1030 - CMSIS Pack Vendor :SEGGER I-CUBE-embOS 1.3.1
2026-07-24 12:47:04,837 [INFO] ThirdParty:1030 - CMSIS Pack Vendor :STMicroelectronics X-CUBE-ALGOBUILD 1.4.0
2026-07-24 12:47:04,837 [INFO] ThirdParty:1030 - CMSIS Pack Vendor :STMicroelectronics X-CUBE-DPower 1.3.0
2026-07-24 12:47:04,837 [INFO] ThirdParty:1030 - CMSIS Pack Vendor :STMicroelectronics USB_DEVICE 1.0.0
2026-07-24 12:47:04,837 [INFO] ThirdParty:1030 - CMSIS Pack Vendor :STMicroelectronics X-CUBE-AZRTOS-H7RS 1.2.0
2026-07-24 12:47:04,837 [INFO] ThirdParty:1030 - CMSIS Pack Vendor :STMicroelectronics X-CUBE-AZRTOS-L4 2.0.0
2026-07-24 12:47:04,837 [INFO] ThirdParty:1030 - CMSIS Pack Vendor :STMicroelectronics ThreadX 0.0.2
2026-07-24 12:47:04,837 [INFO] ThirdParty:1030 - CMSIS Pack Vendor :STMicroelectronics lwIP 2.1.2
2026-07-24 12:47:04,837 [INFO] ThirdParty:1030 - CMSIS Pack Vendor :STMicroelectronics X-CUBE-SFXS2LP1 4.0.0
2026-07-24 12:47:04,837 [INFO] ThirdParty:1030 - CMSIS Pack Vendor :STMicroelectronics X-CUBE-BLE2 3.3.0
2026-07-24 12:47:04,837 [INFO] ThirdParty:1030 - CMSIS Pack Vendor :Avnet-IOTCONNECT X-CUBE-iotc-st67-sdk 1.0.0
2026-07-24 12:47:04,837 [INFO] ThirdParty:1030 - CMSIS Pack Vendor :STMicroelectronics X-CUBE-TOF1 3.4.3
2026-07-24 12:47:04,837 [INFO] ThirdParty:1030 - CMSIS Pack Vendor :Infineon AIROC-Wi-Fi-Bluetooth-STM32 1.8.0
2026-07-24 12:47:04,837 [INFO] ThirdParty:1030 - CMSIS Pack Vendor :STMicroelectronics X-CUBE-NFC13 1.0.0
2026-07-24 12:47:04,837 [INFO] ThirdParty:1030 - CMSIS Pack Vendor :STMicroelectronics PDM2PCM 3.2.0
2026-07-24 12:47:04,837 [INFO] ThirdParty:1030 - CMSIS Pack Vendor :STMicroelectronics X-CUBE-WB05N 2.1.0
2026-07-24 12:47:04,838 [INFO] ThirdParty:1030 - CMSIS Pack Vendor :STMicroelectronics X-CUBE-ST67W61 1.2.0
2026-07-24 12:47:04,838 [INFO] ThirdParty:841 - exiting critical section [change project]
2026-07-24 12:47:05,172 [INFO] PinOutPanel:1589 - setPackage(No Configuration,No Configuration)
2026-07-24 12:47:05,173 [INFO] PinOutPanel:1589 - setPackage(STM32F407VGTx,LQFP100)
2026-07-24 12:47:05,474 [INFO] UtilMem:75 - Before build in PCC Used Memory: 348473560 Bytes (552599552)
2026-07-24 12:47:05,673 [INFO] UtilMem:75 - After build in PCC Used Memory: 396708056 Bytes (552599552)
2026-07-24 12:47:05,694 [INFO] IPUIPlugin:80 - create IPUIPlugin
2026-07-24 12:47:05,694 [INFO] IPUIPlugin:80 - create IPUIPlugin
2026-07-24 12:47:05,694 [INFO] IPUIPlugin:80 - create IPUIPlugin
2026-07-24 12:47:05,694 [INFO] IPUIPlugin:80 - create IPUIPlugin
2026-07-24 12:47:05,695 [INFO] IPUIPlugin:80 - create IPUIPlugin
2026-07-24 12:47:05,695 [INFO] IPUIPlugin:80 - create IPUIPlugin
2026-07-24 12:47:05,695 [INFO] IPUIPlugin:80 - create IPUIPlugin
2026-07-24 12:47:05,695 [INFO] IPUIPlugin:80 - create IPUIPlugin
2026-07-24 12:47:05,695 [INFO] IPUIPlugin:80 - create IPUIPlugin
2026-07-24 12:47:05,695 [INFO] IPUIPlugin:80 - create IPUIPlugin
2026-07-24 12:47:05,695 [INFO] IPUIPlugin:80 - create IPUIPlugin
2026-07-24 12:47:05,695 [INFO] IPUIPlugin:80 - create IPUIPlugin
2026-07-24 12:47:05,695 [INFO] IPUIPlugin:80 - create IPUIPlugin
2026-07-24 12:47:05,696 [INFO] IPUIPlugin:80 - create IPUIPlugin
2026-07-24 12:47:05,696 [INFO] IPUIPlugin:80 - create IPUIPlugin
2026-07-24 12:47:05,696 [INFO] IPUIPlugin:80 - create IPUIPlugin
2026-07-24 12:47:05,696 [INFO] IPUIPlugin:80 - create IPUIPlugin
2026-07-24 12:47:05,696 [INFO] IPUIPlugin:80 - create IPUIPlugin
2026-07-24 12:47:05,696 [INFO] IPUIPlugin:80 - create IPUIPlugin
2026-07-24 12:47:05,697 [INFO] IPUIPlugin:80 - create IPUIPlugin
2026-07-24 12:47:05,697 [INFO] IPUIPlugin:80 - create IPUIPlugin
2026-07-24 12:47:05,697 [INFO] IPUIPlugin:80 - create IPUIPlugin
2026-07-24 12:47:05,697 [INFO] IPUIPlugin:80 - create IPUIPlugin
2026-07-24 12:47:05,697 [INFO] IPUIPlugin:80 - create IPUIPlugin
2026-07-24 12:47:05,697 [INFO] IPUIPlugin:80 - create IPUIPlugin
2026-07-24 12:47:05,698 [INFO] IPUIPlugin:80 - create IPUIPlugin
2026-07-24 12:47:05,698 [INFO] IPUIPlugin:80 - create IPUIPlugin
2026-07-24 12:47:05,698 [INFO] IPUIPlugin:80 - create IPUIPlugin
2026-07-24 12:47:05,698 [INFO] IPUIPlugin:80 - create IPUIPlugin
2026-07-24 12:47:05,699 [INFO] IPUIPlugin:80 - create IPUIPlugin
2026-07-24 12:47:05,699 [INFO] IPUIPlugin:80 - create IPUIPlugin
2026-07-24 12:47:05,699 [INFO] IPUIPlugin:80 - create IPUIPlugin
2026-07-24 12:47:05,699 [INFO] IPUIPlugin:80 - create IPUIPlugin
2026-07-24 12:47:05,699 [INFO] IPUIPlugin:80 - create IPUIPlugin
2026-07-24 12:47:05,699 [INFO] IPUIPlugin:80 - create IPUIPlugin
2026-07-24 12:47:05,699 [INFO] IPUIPlugin:80 - create IPUIPlugin
2026-07-24 12:47:05,700 [INFO] IPUIPlugin:80 - create IPUIPlugin
2026-07-24 12:47:05,700 [INFO] IPUIPlugin:80 - create IPUIPlugin
2026-07-24 12:47:05,700 [INFO] IPUIPlugin:80 - create IPUIPlugin
2026-07-24 12:47:05,700 [INFO] IPUIPlugin:80 - create IPUIPlugin
2026-07-24 12:47:05,700 [INFO] IPUIPlugin:80 - create IPUIPlugin
2026-07-24 12:47:05,701 [INFO] IPUIPlugin:80 - create IPUIPlugin
2026-07-24 12:47:05,701 [INFO] IPUIPlugin:80 - create IPUIPlugin
2026-07-24 12:47:05,701 [INFO] IPUIPlugin:80 - create IPUIPlugin
2026-07-24 12:47:05,701 [INFO] IPUIPlugin:80 - create IPUIPlugin
2026-07-24 12:47:05,701 [INFO] IPUIPlugin:80 - create IPUIPlugin
2026-07-24 12:47:05,702 [INFO] IPUIPlugin:80 - create IPUIPlugin
2026-07-24 12:47:05,702 [INFO] IPUIPlugin:80 - create IPUIPlugin
2026-07-24 12:47:05,702 [INFO] IPUIPlugin:80 - create IPUIPlugin
2026-07-24 12:47:05,702 [INFO] IPUIPlugin:80 - create IPUIPlugin
2026-07-24 12:47:05,702 [INFO] IPUIPlugin:80 - create IPUIPlugin
2026-07-24 12:47:05,703 [INFO] IPUIPlugin:80 - create IPUIPlugin
2026-07-24 12:47:05,703 [INFO] IPUIPlugin:80 - create IPUIPlugin
2026-07-24 12:47:05,703 [INFO] IPUIPlugin:80 - create IPUIPlugin
2026-07-24 12:47:05,703 [INFO] IPUIPlugin:80 - create IPUIPlugin
2026-07-24 12:47:05,704 [INFO] IPUIPlugin:80 - create IPUIPlugin
2026-07-24 12:47:05,704 [INFO] IPUIPlugin:80 - create IPUIPlugin
2026-07-24 12:47:05,704 [INFO] IPUIPlugin:80 - create IPUIPlugin
2026-07-24 12:47:05,707 [INFO] ApiDbMcu:532 - Load IP Config File for PDM2PCM
2026-07-24 12:47:05,708 [INFO] Can:71 - Can Add PropertyChangeListener com.st.microxplorer.plugins.ip.can.Can@4ba8b7a7
2026-07-24 12:47:05,760 [INFO] CADModel:165 - CPN selected for project levelSTM32F407VGT6
2026-07-24 12:47:05,760 [INFO] CADModel:114 - Register for checkConnection events
2026-07-24 12:47:05,799 [INFO] OpenFileManager:386 - Restore cursor
2026-07-24 12:47:11,185 [ERROR] LogOutputStream:75 - [STDERR_REDIRECT] Jul 24, 2026 12:47:11 PM java.util.prefs.FileSystemPreferences checkLockFile0ErrorCode
2026-07-24 12:47:11,186 [ERROR] LogOutputStream:75 - [STDERR_REDIRECT] WARNING: Could not lock System prefs. Unix error code 2.
2026-07-24 12:47:11,186 [ERROR] LogOutputStream:75 - [STDERR_REDIRECT] 
2026-07-24 12:47:11,187 [ERROR] LogOutputStream:75 - [STDERR_REDIRECT] Jul 24, 2026 12:47:11 PM java.util.prefs.FileSystemPreferences syncWorld
2026-07-24 12:47:11,187 [ERROR] LogOutputStream:75 - [STDERR_REDIRECT] WARNING: Couldn't flush system prefs: java.util.prefs.BackingStoreException: Couldn't get file lock.
2026-07-24 12:47:11,187 [ERROR] LogOutputStream:75 - [STDERR_REDIRECT] 
2026-07-24 12:47:41,181 [ERROR] LogOutputStream:75 - [STDERR_REDIRECT] Jul 24, 2026 12:47:41 PM java.util.prefs.FileSystemPreferences checkLockFile0ErrorCode
2026-07-24 12:47:41,182 [ERROR] LogOutputStream:75 - [STDERR_REDIRECT] WARNING: Could not lock System prefs. Unix error code 2.
2026-07-24 12:47:41,182 [ERROR] LogOutputStream:75 - [STDERR_REDIRECT] 
2026-07-24 12:47:41,182 [ERROR] LogOutputStream:75 - [STDERR_REDIRECT] Jul 24, 2026 12:47:41 PM java.util.prefs.FileSystemPreferences syncWorld
2026-07-24 12:47:41,182 [ERROR] LogOutputStream:75 - [STDERR_REDIRECT] WARNING: Couldn't flush system prefs: java.util.prefs.BackingStoreException: Couldn't get file lock.
2026-07-24 12:47:41,182 [ERROR] LogOutputStream:75 - [STDERR_REDIRECT] 
2026-07-24 12:48:11,181 [ERROR] LogOutputStream:75 - [STDERR_REDIRECT] Jul 24, 2026 12:48:11 PM java.util.prefs.FileSystemPreferences checkLockFile0ErrorCode
2026-07-24 12:48:11,182 [ERROR] LogOutputStream:75 - [STDERR_REDIRECT] WARNING: Could not lock System prefs. Unix error code 2.
2026-07-24 12:48:11,182 [ERROR] LogOutputStream:75 - [STDERR_REDIRECT] 
2026-07-24 12:48:11,183 [ERROR] LogOutputStream:75 - [STDERR_REDIRECT] Jul 24, 2026 12:48:11 PM java.util.prefs.FileSystemPreferences syncWorld
2026-07-24 12:48:11,183 [ERROR] LogOutputStream:75 - [STDERR_REDIRECT] WARNING: Couldn't flush system prefs: java.util.prefs.BackingStoreException: Couldn't get file lock.
2026-07-24 12:48:11,183 [ERROR] LogOutputStream:75 - [STDERR_REDIRECT] 
2026-07-24 12:48:41,181 [ERROR] LogOutputStream:75 - [STDERR_REDIRECT] Jul 24, 2026 12:48:41 PM java.util.prefs.FileSystemPreferences checkLockFile0ErrorCode
2026-07-24 12:48:41,182 [ERROR] LogOutputStream:75 - [STDERR_REDIRECT] WARNING: Could not lock System prefs. Unix error code 2.
2026-07-24 12:48:41,182 [ERROR] LogOutputStream:75 - [STDERR_REDIRECT] 
2026-07-24 12:48:41,183 [ERROR] LogOutputStream:75 - [STDERR_REDIRECT] Jul 24, 2026 12:48:41 PM java.util.prefs.FileSystemPreferences syncWorld
2026-07-24 12:48:41,183 [ERROR] LogOutputStream:75 - [STDERR_REDIRECT] WARNING: Couldn't flush system prefs: java.util.prefs.BackingStoreException: Couldn't get file lock.
2026-07-24 12:48:41,183 [ERROR] LogOutputStream:75 - [STDERR_REDIRECT] 
2026-07-24 12:49:11,181 [ERROR] LogOutputStream:75 - [STDERR_REDIRECT] Jul 24, 2026 12:49:11 PM java.util.prefs.FileSystemPreferences checkLockFile0ErrorCode
2026-07-24 12:49:11,182 [ERROR] LogOutputStream:75 - [STDERR_REDIRECT] WARNING: Could not lock System prefs. Unix error code 2.
2026-07-24 12:49:11,182 [ERROR] LogOutputStream:75 - [STDERR_REDIRECT] 
2026-07-24 12:49:11,182 [ERROR] LogOutputStream:75 - [STDERR_REDIRECT] Jul 24, 2026 12:49:11 PM java.util.prefs.FileSystemPreferences syncWorld
2026-07-24 12:49:11,183 [ERROR] LogOutputStream:75 - [STDERR_REDIRECT] WARNING: Couldn't flush system prefs: java.util.prefs.BackingStoreException: Couldn't get file lock.
2026-07-24 12:49:11,183 [ERROR] LogOutputStream:75 - [STDERR_REDIRECT] 
2026-07-24 12:49:41,181 [ERROR] LogOutputStream:75 - [STDERR_REDIRECT] Jul 24, 2026 12:49:41 PM java.util.prefs.FileSystemPreferences checkLockFile0ErrorCode
2026-07-24 12:49:41,182 [ERROR] LogOutputStream:75 - [STDERR_REDIRECT] WARNING: Could not lock System prefs. Unix error code 2.
2026-07-24 12:49:41,182 [ERROR] LogOutputStream:75 - [STDERR_REDIRECT] 
2026-07-24 12:49:41,183 [ERROR] LogOutputStream:75 - [STDERR_REDIRECT] Jul 24, 2026 12:49:41 PM java.util.prefs.FileSystemPreferences syncWorld
2026-07-24 12:49:41,183 [ERROR] LogOutputStream:75 - [STDERR_REDIRECT] WARNING: Couldn't flush system prefs: java.util.prefs.BackingStoreException: Couldn't get file lock.
2026-07-24 12:49:41,183 [ERROR] LogOutputStream:75 - [STDERR_REDIRECT] 
2026-07-24 12:50:11,182 [ERROR] LogOutputStream:75 - [STDERR_REDIRECT] Jul 24, 2026 12:50:11 PM java.util.prefs.FileSystemPreferences checkLockFile0ErrorCode
2026-07-24 12:50:11,183 [ERROR] LogOutputStream:75 - [STDERR_REDIRECT] WARNING: Could not lock System prefs. Unix error code 2.
2026-07-24 12:50:11,183 [ERROR] LogOutputStream:75 - [STDERR_REDIRECT] 
2026-07-24 12:50:11,184 [ERROR] LogOutputStream:75 - [STDERR_REDIRECT] Jul 24, 2026 12:50:11 PM java.util.prefs.FileSystemPreferences syncWorld
2026-07-24 12:50:11,184 [ERROR] LogOutputStream:75 - [STDERR_REDIRECT] WARNING: Couldn't flush system prefs: java.util.prefs.BackingStoreException: Couldn't get file lock.
2026-07-24 12:50:11,184 [ERROR] LogOutputStream:75 - [STDERR_REDIRECT] 
2026-07-24 12:50:41,183 [ERROR] LogOutputStream:75 - [STDERR_REDIRECT] Jul 24, 2026 12:50:41 PM java.util.prefs.FileSystemPreferences checkLockFile0ErrorCode
2026-07-24 12:50:41,183 [ERROR] LogOutputStream:75 - [STDERR_REDIRECT] WARNING: Could not lock System prefs. Unix error code 2.
2026-07-24 12:50:41,183 [ERROR] LogOutputStream:75 - [STDERR_REDIRECT] 
2026-07-24 12:50:41,184 [ERROR] LogOutputStream:75 - [STDERR_REDIRECT] Jul 24, 2026 12:50:41 PM java.util.prefs.FileSystemPreferences syncWorld
2026-07-24 12:50:41,184 [ERROR] LogOutputStream:75 - [STDERR_REDIRECT] WARNING: Couldn't flush system prefs: java.util.prefs.BackingStoreException: Couldn't get file lock.
2026-07-24 12:50:41,184 [ERROR] LogOutputStream:75 - [STDERR_REDIRECT] 
2026-07-24 12:51:11,181 [ERROR] LogOutputStream:75 - [STDERR_REDIRECT] Jul 24, 2026 12:51:11 PM java.util.prefs.FileSystemPreferences checkLockFile0ErrorCode
2026-07-24 12:51:11,181 [ERROR] LogOutputStream:75 - [STDERR_REDIRECT] WARNING: Could not lock System prefs. Unix error code 2.
2026-07-24 12:51:11,181 [ERROR] LogOutputStream:75 - [STDERR_REDIRECT] 
2026-07-24 12:51:11,182 [ERROR] LogOutputStream:75 - [STDERR_REDIRECT] Jul 24, 2026 12:51:11 PM java.util.prefs.FileSystemPreferences syncWorld
2026-07-24 12:51:11,182 [ERROR] LogOutputStream:75 - [STDERR_REDIRECT] WARNING: Couldn't flush system prefs: java.util.prefs.BackingStoreException: Couldn't get file lock.
2026-07-24 12:51:11,182 [ERROR] LogOutputStream:75 - [STDERR_REDIRECT] 
2026-07-24 12:51:41,180 [ERROR] LogOutputStream:75 - [STDERR_REDIRECT] Jul 24, 2026 12:51:41 PM java.util.prefs.FileSystemPreferences checkLockFile0ErrorCode
2026-07-24 12:51:41,181 [ERROR] LogOutputStream:75 - [STDERR_REDIRECT] WARNING: Could not lock System prefs. Unix error code 2.
2026-07-24 12:51:41,181 [ERROR] LogOutputStream:75 - [STDERR_REDIRECT] 
2026-07-24 12:51:41,182 [ERROR] LogOutputStream:75 - [STDERR_REDIRECT] Jul 24, 2026 12:51:41 PM java.util.prefs.FileSystemPreferences syncWorld
2026-07-24 12:51:41,182 [ERROR] LogOutputStream:75 - [STDERR_REDIRECT] WARNING: Couldn't flush system prefs: java.util.prefs.BackingStoreException: Couldn't get file lock.
2026-07-24 12:51:41,182 [ERROR] LogOutputStream:75 - [STDERR_REDIRECT] 
2026-07-24 12:52:11,181 [ERROR] LogOutputStream:75 - [STDERR_REDIRECT] Jul 24, 2026 12:52:11 PM java.util.prefs.FileSystemPreferences checkLockFile0ErrorCode
2026-07-24 12:52:11,181 [ERROR] LogOutputStream:75 - [STDERR_REDIRECT] WARNING: Could not lock System prefs. Unix error code 2.
2026-07-24 12:52:11,181 [ERROR] LogOutputStream:75 - [STDERR_REDIRECT] 
2026-07-24 12:52:11,182 [ERROR] LogOutputStream:75 - [STDERR_REDIRECT] Jul 24, 2026 12:52:11 PM java.util.prefs.FileSystemPreferences syncWorld
2026-07-24 12:52:11,182 [ERROR] LogOutputStream:75 - [STDERR_REDIRECT] WARNING: Couldn't flush system prefs: java.util.prefs.BackingStoreException: Couldn't get file lock.
2026-07-24 12:52:11,182 [ERROR] LogOutputStream:75 - [STDERR_REDIRECT] 
2026-07-24 12:52:41,182 [ERROR] LogOutputStream:75 - [STDERR_REDIRECT] Jul 24, 2026 12:52:41 PM java.util.prefs.FileSystemPreferences checkLockFile0ErrorCode
2026-07-24 12:52:41,182 [ERROR] LogOutputStream:75 - [STDERR_REDIRECT] WARNING: Could not lock System prefs. Unix error code 2.
2026-07-24 12:52:41,183 [ERROR] LogOutputStream:75 - [STDERR_REDIRECT] 
2026-07-24 12:52:41,183 [ERROR] LogOutputStream:75 - [STDERR_REDIRECT] Jul 24, 2026 12:52:41 PM java.util.prefs.FileSystemPreferences syncWorld
2026-07-24 12:52:41,183 [ERROR] LogOutputStream:75 - [STDERR_REDIRECT] WARNING: Couldn't flush system prefs: java.util.prefs.BackingStoreException: Couldn't get file lock.
2026-07-24 12:52:41,183 [ERROR] LogOutputStream:75 - [STDERR_REDIRECT] 
2026-07-24 12:53:11,182 [ERROR] LogOutputStream:75 - [STDERR_REDIRECT] Jul 24, 2026 12:53:11 PM java.util.prefs.FileSystemPreferences checkLockFile0ErrorCode
2026-07-24 12:53:11,183 [ERROR] LogOutputStream:75 - [STDERR_REDIRECT] WARNING: Could not lock System prefs. Unix error code 2.
2026-07-24 12:53:11,183 [ERROR] LogOutputStream:75 - [STDERR_REDIRECT] 
2026-07-24 12:53:11,183 [ERROR] LogOutputStream:75 - [STDERR_REDIRECT] Jul 24, 2026 12:53:11 PM java.util.prefs.FileSystemPreferences syncWorld
2026-07-24 12:53:11,183 [ERROR] LogOutputStream:75 - [STDERR_REDIRECT] WARNING: Couldn't flush system prefs: java.util.prefs.BackingStoreException: Couldn't get file lock.
2026-07-24 12:53:11,184 [ERROR] LogOutputStream:75 - [STDERR_REDIRECT] 
2026-07-24 12:53:41,184 [ERROR] LogOutputStream:75 - [STDERR_REDIRECT] Jul 24, 2026 12:53:41 PM java.util.prefs.FileSystemPreferences checkLockFile0ErrorCode
2026-07-24 12:53:41,184 [ERROR] LogOutputStream:75 - [STDERR_REDIRECT] WARNING: Could not lock System prefs. Unix error code 2.
2026-07-24 12:53:41,185 [ERROR] LogOutputStream:75 - [STDERR_REDIRECT] 
2026-07-24 12:53:41,185 [ERROR] LogOutputStream:75 - [STDERR_REDIRECT] Jul 24, 2026 12:53:41 PM java.util.prefs.FileSystemPreferences syncWorld
2026-07-24 12:53:41,185 [ERROR] LogOutputStream:75 - [STDERR_REDIRECT] WARNING: Couldn't flush system prefs: java.util.prefs.BackingStoreException: Couldn't get file lock.
2026-07-24 12:53:41,185 [ERROR] LogOutputStream:75 - [STDERR_REDIRECT] 
2026-07-24 12:54:11,183 [ERROR] LogOutputStream:75 - [STDERR_REDIRECT] Jul 24, 2026 12:54:11 PM java.util.prefs.FileSystemPreferences checkLockFile0ErrorCode
2026-07-24 12:54:11,183 [ERROR] LogOutputStream:75 - [STDERR_REDIRECT] WARNING: Could not lock System prefs. Unix error code 2.
2026-07-24 12:54:11,183 [ERROR] LogOutputStream:75 - [STDERR_REDIRECT] 
2026-07-24 12:54:11,184 [ERROR] LogOutputStream:75 - [STDERR_REDIRECT] Jul 24, 2026 12:54:11 PM java.util.prefs.FileSystemPreferences syncWorld
2026-07-24 12:54:11,184 [ERROR] LogOutputStream:75 - [STDERR_REDIRECT] WARNING: Couldn't flush system prefs: java.util.prefs.BackingStoreException: Couldn't get file lock.
2026-07-24 12:54:11,184 [ERROR] LogOutputStream:75 - [STDERR_REDIRECT] 
2026-07-24 12:54:41,183 [ERROR] LogOutputStream:75 - [STDERR_REDIRECT] Jul 24, 2026 12:54:41 PM java.util.prefs.FileSystemPreferences checkLockFile0ErrorCode
2026-07-24 12:54:41,183 [ERROR] LogOutputStream:75 - [STDERR_REDIRECT] WARNING: Could not lock System prefs. Unix error code 2.
2026-07-24 12:54:41,183 [ERROR] LogOutputStream:75 - [STDERR_REDIRECT] 
2026-07-24 12:54:41,183 [ERROR] LogOutputStream:75 - [STDERR_REDIRECT] Jul 24, 2026 12:54:41 PM java.util.prefs.FileSystemPreferences syncWorld
2026-07-24 12:54:41,184 [ERROR] LogOutputStream:75 - [STDERR_REDIRECT] WARNING: Couldn't flush system prefs: java.util.prefs.BackingStoreException: Couldn't get file lock.
2026-07-24 12:54:41,184 [ERROR] LogOutputStream:75 - [STDERR_REDIRECT] 
2026-07-24 12:55:11,182 [ERROR] LogOutputStream:75 - [STDERR_REDIRECT] Jul 24, 2026 12:55:11 PM java.util.prefs.FileSystemPreferences checkLockFile0ErrorCode
2026-07-24 12:55:11,182 [ERROR] LogOutputStream:75 - [STDERR_REDIRECT] WARNING: Could not lock System prefs. Unix error code 2.
2026-07-24 12:55:11,183 [ERROR] LogOutputStream:75 - [STDERR_REDIRECT] 
2026-07-24 12:55:11,183 [ERROR] LogOutputStream:75 - [STDERR_REDIRECT] Jul 24, 2026 12:55:11 PM java.util.prefs.FileSystemPreferences syncWorld
2026-07-24 12:55:11,183 [ERROR] LogOutputStream:75 - [STDERR_REDIRECT] WARNING: Couldn't flush system prefs: java.util.prefs.BackingStoreException: Couldn't get file lock.
2026-07-24 12:55:11,184 [ERROR] LogOutputStream:75 - [STDERR_REDIRECT] 
2026-07-24 12:55:41,182 [ERROR] LogOutputStream:75 - [STDERR_REDIRECT] Jul 24, 2026 12:55:41 PM java.util.prefs.FileSystemPreferences checkLockFile0ErrorCode
2026-07-24 12:55:41,183 [ERROR] LogOutputStream:75 - [STDERR_REDIRECT] WARNING: Could not lock System prefs. Unix error code 2.
2026-07-24 12:55:41,183 [ERROR] LogOutputStream:75 - [STDERR_REDIRECT] 
2026-07-24 12:55:41,183 [ERROR] LogOutputStream:75 - [STDERR_REDIRECT] Jul 24, 2026 12:55:41 PM java.util.prefs.FileSystemPreferences syncWorld
2026-07-24 12:55:41,183 [ERROR] LogOutputStream:75 - [STDERR_REDIRECT] WARNING: Couldn't flush system prefs: java.util.prefs.BackingStoreException: Couldn't get file lock.
2026-07-24 12:55:41,183 [ERROR] LogOutputStream:75 - [STDERR_REDIRECT] 
2026-07-24 12:56:11,182 [ERROR] LogOutputStream:75 - [STDERR_REDIRECT] Jul 24, 2026 12:56:11 PM java.util.prefs.FileSystemPreferences checkLockFile0ErrorCode
2026-07-24 12:56:11,183 [ERROR] LogOutputStream:75 - [STDERR_REDIRECT] WARNING: Could not lock System prefs. Unix error code 2.
2026-07-24 12:56:11,183 [ERROR] LogOutputStream:75 - [STDERR_REDIRECT] 
2026-07-24 12:56:11,183 [ERROR] LogOutputStream:75 - [STDERR_REDIRECT] Jul 24, 2026 12:56:11 PM java.util.prefs.FileSystemPreferences syncWorld
2026-07-24 12:56:11,184 [ERROR] LogOutputStream:75 - [STDERR_REDIRECT] WARNING: Couldn't flush system prefs: java.util.prefs.BackingStoreException: Couldn't get file lock.
2026-07-24 12:56:11,184 [ERROR] LogOutputStream:75 - [STDERR_REDIRECT] 
2026-07-24 12:56:41,182 [ERROR] LogOutputStream:75 - [STDERR_REDIRECT] Jul 24, 2026 12:56:41 PM java.util.prefs.FileSystemPreferences checkLockFile0ErrorCode
2026-07-24 12:56:41,182 [ERROR] LogOutputStream:75 - [STDERR_REDIRECT] WARNING: Could not lock System prefs. Unix error code 2.
2026-07-24 12:56:41,182 [ERROR] LogOutputStream:75 - [STDERR_REDIRECT] 
2026-07-24 12:56:41,182 [ERROR] LogOutputStream:75 - [STDERR_REDIRECT] Jul 24, 2026 12:56:41 PM java.util.prefs.FileSystemPreferences syncWorld
2026-07-24 12:56:41,183 [ERROR] LogOutputStream:75 - [STDERR_REDIRECT] WARNING: Couldn't flush system prefs: java.util.prefs.BackingStoreException: Couldn't get file lock.
2026-07-24 12:56:41,183 [ERROR] LogOutputStream:75 - [STDERR_REDIRECT] 
2026-07-24 12:57:11,183 [ERROR] LogOutputStream:75 - [STDERR_REDIRECT] Jul 24, 2026 12:57:11 PM java.util.prefs.FileSystemPreferences checkLockFile0ErrorCode
2026-07-24 12:57:11,184 [ERROR] LogOutputStream:75 - [STDERR_REDIRECT] WARNING: Could not lock System prefs. Unix error code 2.
2026-07-24 12:57:11,184 [ERROR] LogOutputStream:75 - [STDERR_REDIRECT] 
2026-07-24 12:57:11,184 [ERROR] LogOutputStream:75 - [STDERR_REDIRECT] Jul 24, 2026 12:57:11 PM java.util.prefs.FileSystemPreferences syncWorld
2026-07-24 12:57:11,184 [ERROR] LogOutputStream:75 - [STDERR_REDIRECT] WARNING: Couldn't flush system prefs: java.util.prefs.BackingStoreException: Couldn't get file lock.
2026-07-24 12:57:11,184 [ERROR] LogOutputStream:75 - [STDERR_REDIRECT] 
2026-07-24 12:57:41,184 [ERROR] LogOutputStream:75 - [STDERR_REDIRECT] Jul 24, 2026 12:57:41 PM java.util.prefs.FileSystemPreferences checkLockFile0ErrorCode
2026-07-24 12:57:41,184 [ERROR] LogOutputStream:75 - [STDERR_REDIRECT] WARNING: Could not lock System prefs. Unix error code 2.
2026-07-24 12:57:41,184 [ERROR] LogOutputStream:75 - [STDERR_REDIRECT] 
2026-07-24 12:57:41,184 [ERROR] LogOutputStream:75 - [STDERR_REDIRECT] Jul 24, 2026 12:57:41 PM java.util.prefs.FileSystemPreferences syncWorld
2026-07-24 12:57:41,184 [ERROR] LogOutputStream:75 - [STDERR_REDIRECT] WARNING: Couldn't flush system prefs: java.util.prefs.BackingStoreException: Couldn't get file lock.
2026-07-24 12:57:41,184 [ERROR] LogOutputStream:75 - [STDERR_REDIRECT] 
2026-07-24 12:58:11,184 [ERROR] LogOutputStream:75 - [STDERR_REDIRECT] Jul 24, 2026 12:58:11 PM java.util.prefs.FileSystemPreferences checkLockFile0ErrorCode
2026-07-24 12:58:11,184 [ERROR] LogOutputStream:75 - [STDERR_REDIRECT] WARNING: Could not lock System prefs. Unix error code 2.
2026-07-24 12:58:11,185 [ERROR] LogOutputStream:75 - [STDERR_REDIRECT] 
2026-07-24 12:58:11,185 [ERROR] LogOutputStream:75 - [STDERR_REDIRECT] Jul 24, 2026 12:58:11 PM java.util.prefs.FileSystemPreferences syncWorld
2026-07-24 12:58:11,185 [ERROR] LogOutputStream:75 - [STDERR_REDIRECT] WARNING: Couldn't flush system prefs: java.util.prefs.BackingStoreException: Couldn't get file lock.
2026-07-24 12:58:11,185 [ERROR] LogOutputStream:75 - [STDERR_REDIRECT] 
2026-07-24 12:58:41,183 [ERROR] LogOutputStream:75 - [STDERR_REDIRECT] Jul 24, 2026 12:58:41 PM java.util.prefs.FileSystemPreferences checkLockFile0ErrorCode
2026-07-24 12:58:41,183 [ERROR] LogOutputStream:75 - [STDERR_REDIRECT] WARNING: Could not lock System prefs. Unix error code 2.
2026-07-24 12:58:41,183 [ERROR] LogOutputStream:75 - [STDERR_REDIRECT] 
2026-07-24 12:58:41,184 [ERROR] LogOutputStream:75 - [STDERR_REDIRECT] Jul 24, 2026 12:58:41 PM java.util.prefs.FileSystemPreferences syncWorld
2026-07-24 12:58:41,184 [ERROR] LogOutputStream:75 - [STDERR_REDIRECT] WARNING: Couldn't flush system prefs: java.util.prefs.BackingStoreException: Couldn't get file lock.
2026-07-24 12:58:41,184 [ERROR] LogOutputStream:75 - [STDERR_REDIRECT] 
2026-07-24 12:59:11,184 [ERROR] LogOutputStream:75 - [STDERR_REDIRECT] Jul 24, 2026 12:59:11 PM java.util.prefs.FileSystemPreferences checkLockFile0ErrorCode
2026-07-24 12:59:11,185 [ERROR] LogOutputStream:75 - [STDERR_REDIRECT] WARNING: Could not lock System prefs. Unix error code 2.
2026-07-24 12:59:11,185 [ERROR] LogOutputStream:75 - [STDERR_REDIRECT] 
2026-07-24 12:59:11,185 [ERROR] LogOutputStream:75 - [STDERR_REDIRECT] Jul 24, 2026 12:59:11 PM java.util.prefs.FileSystemPreferences syncWorld
2026-07-24 12:59:11,185 [ERROR] LogOutputStream:75 - [STDERR_REDIRECT] WARNING: Couldn't flush system prefs: java.util.prefs.BackingStoreException: Couldn't get file lock.
2026-07-24 12:59:11,186 [ERROR] LogOutputStream:75 - [STDERR_REDIRECT] 
2026-07-24 12:59:41,183 [ERROR] LogOutputStream:75 - [STDERR_REDIRECT] Jul 24, 2026 12:59:41 PM java.util.prefs.FileSystemPreferences checkLockFile0ErrorCode
2026-07-24 12:59:41,183 [ERROR] LogOutputStream:75 - [STDERR_REDIRECT] WARNING: Could not lock System prefs. Unix error code 2.
2026-07-24 12:59:41,183 [ERROR] LogOutputStream:75 - [STDERR_REDIRECT] 
2026-07-24 12:59:41,184 [ERROR] LogOutputStream:75 - [STDERR_REDIRECT] Jul 24, 2026 12:59:41 PM java.util.prefs.FileSystemPreferences syncWorld
2026-07-24 12:59:41,184 [ERROR] LogOutputStream:75 - [STDERR_REDIRECT] WARNING: Couldn't flush system prefs: java.util.prefs.BackingStoreException: Couldn't get file lock.
2026-07-24 12:59:41,184 [ERROR] LogOutputStream:75 - [STDERR_REDIRECT] 
2026-07-24 13:00:11,183 [ERROR] LogOutputStream:75 - [STDERR_REDIRECT] Jul 24, 2026 1:00:11 PM java.util.prefs.FileSystemPreferences checkLockFile0ErrorCode
2026-07-24 13:00:11,184 [ERROR] LogOutputStream:75 - [STDERR_REDIRECT] WARNING: Could not lock System prefs. Unix error code 2.
2026-07-24 13:00:11,184 [ERROR] LogOutputStream:75 - [STDERR_REDIRECT] 
2026-07-24 13:00:11,184 [ERROR] LogOutputStream:75 - [STDERR_REDIRECT] Jul 24, 2026 1:00:11 PM java.util.prefs.FileSystemPreferences syncWorld
2026-07-24 13:00:11,184 [ERROR] LogOutputStream:75 - [STDERR_REDIRECT] WARNING: Couldn't flush system prefs: java.util.prefs.BackingStoreException: Couldn't get file lock.
2026-07-24 13:00:11,185 [ERROR] LogOutputStream:75 - [STDERR_REDIRECT] 
2026-07-24 13:00:41,185 [ERROR] LogOutputStream:75 - [STDERR_REDIRECT] Jul 24, 2026 1:00:41 PM java.util.prefs.FileSystemPreferences checkLockFile0ErrorCode
2026-07-24 13:00:41,186 [ERROR] LogOutputStream:75 - [STDERR_REDIRECT] WARNING: Could not lock System prefs. Unix error code 2.
2026-07-24 13:00:41,186 [ERROR] LogOutputStream:75 - [STDERR_REDIRECT] 
2026-07-24 13:00:41,186 [ERROR] LogOutputStream:75 - [STDERR_REDIRECT] Jul 24, 2026 1:00:41 PM java.util.prefs.FileSystemPreferences syncWorld
2026-07-24 13:00:41,186 [ERROR] LogOutputStream:75 - [STDERR_REDIRECT] WARNING: Couldn't flush system prefs: java.util.prefs.BackingStoreException: Couldn't get file lock.
2026-07-24 13:00:41,186 [ERROR] LogOutputStream:75 - [STDERR_REDIRECT] 
2026-07-24 14:13:03,246 [ERROR] LogOutputStream:75 - [STDERR_REDIRECT] Jul 24, 2026 2:13:03 PM java.util.prefs.FileSystemPreferences checkLockFile0ErrorCode
2026-07-24 14:13:03,246 [ERROR] LogOutputStream:75 - [STDERR_REDIRECT] WARNING: Could not lock System prefs. Unix error code 2.
2026-07-24 14:13:03,246 [ERROR] LogOutputStream:75 - [STDERR_REDIRECT] 
2026-07-24 14:13:03,246 [ERROR] LogOutputStream:75 - [STDERR_REDIRECT] Jul 24, 2026 2:13:03 PM java.util.prefs.FileSystemPreferences syncWorld
2026-07-24 14:13:03,247 [ERROR] LogOutputStream:75 - [STDERR_REDIRECT] WARNING: Couldn't flush system prefs: java.util.prefs.BackingStoreException: Couldn't get file lock.
2026-07-24 14:13:03,247 [ERROR] LogOutputStream:75 - [STDERR_REDIRECT] 
2026-07-24 14:13:33,244 [ERROR] LogOutputStream:75 - [STDERR_REDIRECT] Jul 24, 2026 2:13:33 PM java.util.prefs.FileSystemPreferences checkLockFile0ErrorCode
2026-07-24 14:13:33,244 [ERROR] LogOutputStream:75 - [STDERR_REDIRECT] WARNING: Could not lock System prefs. Unix error code 2.
2026-07-24 14:13:33,244 [ERROR] LogOutputStream:75 - [STDERR_REDIRECT] 
2026-07-24 14:13:33,245 [ERROR] LogOutputStream:75 - [STDERR_REDIRECT] Jul 24, 2026 2:13:33 PM java.util.prefs.FileSystemPreferences syncWorld
2026-07-24 14:13:33,245 [ERROR] LogOutputStream:75 - [STDERR_REDIRECT] WARNING: Couldn't flush system prefs: java.util.prefs.BackingStoreException: Couldn't get file lock.
2026-07-24 14:13:33,245 [ERROR] LogOutputStream:75 - [STDERR_REDIRECT] 
2026-07-24 14:14:03,245 [ERROR] LogOutputStream:75 - [STDERR_REDIRECT] Jul 24, 2026 2:14:03 PM java.util.prefs.FileSystemPreferences checkLockFile0ErrorCode
2026-07-24 14:14:03,245 [ERROR] LogOutputStream:75 - [STDERR_REDIRECT] WARNING: Could not lock System prefs. Unix error code 2.
2026-07-24 14:14:03,245 [ERROR] LogOutputStream:75 - [STDERR_REDIRECT] 
2026-07-24 14:14:03,246 [ERROR] LogOutputStream:75 - [STDERR_REDIRECT] Jul 24, 2026 2:14:03 PM java.util.prefs.FileSystemPreferences syncWorld
2026-07-24 14:14:03,246 [ERROR] LogOutputStream:75 - [STDERR_REDIRECT] WARNING: Couldn't flush system prefs: java.util.prefs.BackingStoreException: Couldn't get file lock.
2026-07-24 14:14:03,246 [ERROR] LogOutputStream:75 - [STDERR_REDIRECT] 
2026-07-24 14:14:33,245 [ERROR] LogOutputStream:75 - [STDERR_REDIRECT] Jul 24, 2026 2:14:33 PM java.util.prefs.FileSystemPreferences checkLockFile0ErrorCode
2026-07-24 14:14:33,245 [ERROR] LogOutputStream:75 - [STDERR_REDIRECT] WARNING: Could not lock System prefs. Unix error code 2.
2026-07-24 14:14:33,246 [ERROR] LogOutputStream:75 - [STDERR_REDIRECT] 
2026-07-24 14:14:33,246 [ERROR] LogOutputStream:75 - [STDERR_REDIRECT] Jul 24, 2026 2:14:33 PM java.util.prefs.FileSystemPreferences syncWorld
2026-07-24 14:14:33,246 [ERROR] LogOutputStream:75 - [STDERR_REDIRECT] WARNING: Couldn't flush system prefs: java.util.prefs.BackingStoreException: Couldn't get file lock.
2026-07-24 14:14:33,246 [ERROR] LogOutputStream:75 - [STDERR_REDIRECT] 
2026-07-24 14:15:03,245 [ERROR] LogOutputStream:75 - [STDERR_REDIRECT] Jul 24, 2026 2:15:03 PM java.util.prefs.FileSystemPreferences checkLockFile0ErrorCode
2026-07-24 14:15:03,245 [ERROR] LogOutputStream:75 - [STDERR_REDIRECT] WARNING: Could not lock System prefs. Unix error code 2.
2026-07-24 14:15:03,245 [ERROR] LogOutputStream:75 - [STDERR_REDIRECT] 
2026-07-24 14:15:03,246 [ERROR] LogOutputStream:75 - [STDERR_REDIRECT] Jul 24, 2026 2:15:03 PM java.util.prefs.FileSystemPreferences syncWorld
2026-07-24 14:15:03,246 [ERROR] LogOutputStream:75 - [STDERR_REDIRECT] WARNING: Couldn't flush system prefs: java.util.prefs.BackingStoreException: Couldn't get file lock.
2026-07-24 14:15:03,246 [ERROR] LogOutputStream:75 - [STDERR_REDIRECT] 
2026-07-24 14:15:33,244 [ERROR] LogOutputStream:75 - [STDERR_REDIRECT] Jul 24, 2026 2:15:33 PM java.util.prefs.FileSystemPreferences checkLockFile0ErrorCode
2026-07-24 14:15:33,244 [ERROR] LogOutputStream:75 - [STDERR_REDIRECT] WARNING: Could not lock System prefs. Unix error code 2.
2026-07-24 14:15:33,244 [ERROR] LogOutputStream:75 - [STDERR_REDIRECT] 
2026-07-24 14:15:33,244 [ERROR] LogOutputStream:75 - [STDERR_REDIRECT] Jul 24, 2026 2:15:33 PM java.util.prefs.FileSystemPreferences syncWorld
2026-07-24 14:15:33,244 [ERROR] LogOutputStream:75 - [STDERR_REDIRECT] WARNING: Couldn't flush system prefs: java.util.prefs.BackingStoreException: Couldn't get file lock.
2026-07-24 14:15:33,244 [ERROR] LogOutputStream:75 - [STDERR_REDIRECT] 
2026-07-24 14:16:03,245 [ERROR] LogOutputStream:75 - [STDERR_REDIRECT] Jul 24, 2026 2:16:03 PM java.util.prefs.FileSystemPreferences checkLockFile0ErrorCode
2026-07-24 14:16:03,245 [ERROR] LogOutputStream:75 - [STDERR_REDIRECT] WARNING: Could not lock System prefs. Unix error code 2.
2026-07-24 14:16:03,245 [ERROR] LogOutputStream:75 - [STDERR_REDIRECT] 
2026-07-24 14:16:03,246 [ERROR] LogOutputStream:75 - [STDERR_REDIRECT] Jul 24, 2026 2:16:03 PM java.util.prefs.FileSystemPreferences syncWorld
2026-07-24 14:16:03,246 [ERROR] LogOutputStream:75 - [STDERR_REDIRECT] WARNING: Couldn't flush system prefs: java.util.prefs.BackingStoreException: Couldn't get file lock.
2026-07-24 14:16:03,246 [ERROR] LogOutputStream:75 - [STDERR_REDIRECT] 
2026-07-24 14:16:33,245 [ERROR] LogOutputStream:75 - [STDERR_REDIRECT] Jul 24, 2026 2:16:33 PM java.util.prefs.FileSystemPreferences checkLockFile0ErrorCode
2026-07-24 14:16:33,245 [ERROR] LogOutputStream:75 - [STDERR_REDIRECT] WARNING: Could not lock System prefs. Unix error code 2.
2026-07-24 14:16:33,245 [ERROR] LogOutputStream:75 - [STDERR_REDIRECT] 
2026-07-24 14:16:33,245 [ERROR] LogOutputStream:75 - [STDERR_REDIRECT] Jul 24, 2026 2:16:33 PM java.util.prefs.FileSystemPreferences syncWorld
2026-07-24 14:16:33,245 [ERROR] LogOutputStream:75 - [STDERR_REDIRECT] WARNING: Couldn't flush system prefs: java.util.prefs.BackingStoreException: Couldn't get file lock.
2026-07-24 14:16:33,246 [ERROR] LogOutputStream:75 - [STDERR_REDIRECT] 
2026-07-24 14:17:03,694 [ERROR] LogOutputStream:75 - [STDERR_REDIRECT] Jul 24, 2026 2:17:03 PM java.util.prefs.FileSystemPreferences checkLockFile0ErrorCode
2026-07-24 14:17:03,694 [ERROR] LogOutputStream:75 - [STDERR_REDIRECT] WARNING: Could not lock System prefs. Unix error code 2.
2026-07-24 14:17:03,694 [ERROR] LogOutputStream:75 - [STDERR_REDIRECT] 
2026-07-24 14:17:03,694 [ERROR] LogOutputStream:75 - [STDERR_REDIRECT] Jul 24, 2026 2:17:03 PM java.util.prefs.FileSystemPreferences syncWorld
2026-07-24 14:17:03,694 [ERROR] LogOutputStream:75 - [STDERR_REDIRECT] WARNING: Couldn't flush system prefs: java.util.prefs.BackingStoreException: Couldn't get file lock.
2026-07-24 14:17:03,695 [ERROR] LogOutputStream:75 - [STDERR_REDIRECT] 
2026-07-24 14:17:33,695 [ERROR] LogOutputStream:75 - [STDERR_REDIRECT] Jul 24, 2026 2:17:33 PM java.util.prefs.FileSystemPreferences checkLockFile0ErrorCode
2026-07-24 14:17:33,696 [ERROR] LogOutputStream:75 - [STDERR_REDIRECT] WARNING: Could not lock System prefs. Unix error code 2.
2026-07-24 14:17:33,696 [ERROR] LogOutputStream:75 - [STDERR_REDIRECT] 
2026-07-24 14:17:33,696 [ERROR] LogOutputStream:75 - [STDERR_REDIRECT] Jul 24, 2026 2:17:33 PM java.util.prefs.FileSystemPreferences syncWorld
2026-07-24 14:17:33,696 [ERROR] LogOutputStream:75 - [STDERR_REDIRECT] WARNING: Couldn't flush system prefs: java.util.prefs.BackingStoreException: Couldn't get file lock.
2026-07-24 14:17:33,696 [ERROR] LogOutputStream:75 - [STDERR_REDIRECT] 
2026-07-24 14:18:03,696 [ERROR] LogOutputStream:75 - [STDERR_REDIRECT] Jul 24, 2026 2:18:03 PM java.util.prefs.FileSystemPreferences checkLockFile0ErrorCode
2026-07-24 14:18:03,696 [ERROR] LogOutputStream:75 - [STDERR_REDIRECT] WARNING: Could not lock System prefs. Unix error code 2.
2026-07-24 14:18:03,696 [ERROR] LogOutputStream:75 - [STDERR_REDIRECT] 
2026-07-24 14:18:03,696 [ERROR] LogOutputStream:75 - [STDERR_REDIRECT] Jul 24, 2026 2:18:03 PM java.util.prefs.FileSystemPreferences syncWorld
2026-07-24 14:18:03,696 [ERROR] LogOutputStream:75 - [STDERR_REDIRECT] WARNING: Couldn't flush system prefs: java.util.prefs.BackingStoreException: Couldn't get file lock.
2026-07-24 14:18:03,696 [ERROR] LogOutputStream:75 - [STDERR_REDIRECT] 
2026-07-24 14:18:33,696 [ERROR] LogOutputStream:75 - [STDERR_REDIRECT] Jul 24, 2026 2:18:33 PM java.util.prefs.FileSystemPreferences checkLockFile0ErrorCode
2026-07-24 14:18:33,696 [ERROR] LogOutputStream:75 - [STDERR_REDIRECT] WARNING: Could not lock System prefs. Unix error code 2.
2026-07-24 14:18:33,696 [ERROR] LogOutputStream:75 - [STDERR_REDIRECT] 
2026-07-24 14:18:33,697 [ERROR] LogOutputStream:75 - [STDERR_REDIRECT] Jul 24, 2026 2:18:33 PM java.util.prefs.FileSystemPreferences syncWorld
2026-07-24 14:18:33,697 [ERROR] LogOutputStream:75 - [STDERR_REDIRECT] WARNING: Couldn't flush system prefs: java.util.prefs.BackingStoreException: Couldn't get file lock.
2026-07-24 14:18:33,697 [ERROR] LogOutputStream:75 - [STDERR_REDIRECT] 
2026-07-24 14:19:03,696 [ERROR] LogOutputStream:75 - [STDERR_REDIRECT] Jul 24, 2026 2:19:03 PM java.util.prefs.FileSystemPreferences checkLockFile0ErrorCode
2026-07-24 14:19:03,697 [ERROR] LogOutputStream:75 - [STDERR_REDIRECT] WARNING: Could not lock System prefs. Unix error code 2.
2026-07-24 14:19:03,697 [ERROR] LogOutputStream:75 - [STDERR_REDIRECT] 
2026-07-24 14:19:03,697 [ERROR] LogOutputStream:75 - [STDERR_REDIRECT] Jul 24, 2026 2:19:03 PM java.util.prefs.FileSystemPreferences syncWorld
2026-07-24 14:19:03,697 [ERROR] LogOutputStream:75 - [STDERR_REDIRECT] WARNING: Couldn't flush system prefs: java.util.prefs.BackingStoreException: Couldn't get file lock.
2026-07-24 14:19:03,697 [ERROR] LogOutputStream:75 - [STDERR_REDIRECT] 
2026-07-24 14:19:33,694 [ERROR] LogOutputStream:75 - [STDERR_REDIRECT] Jul 24, 2026 2:19:33 PM java.util.prefs.FileSystemPreferences checkLockFile0ErrorCode
2026-07-24 14:19:33,694 [ERROR] LogOutputStream:75 - [STDERR_REDIRECT] WARNING: Could not lock System prefs. Unix error code 2.
2026-07-24 14:19:33,694 [ERROR] LogOutputStream:75 - [STDERR_REDIRECT] 
2026-07-24 14:19:33,694 [ERROR] LogOutputStream:75 - [STDERR_REDIRECT] Jul 24, 2026 2:19:33 PM java.util.prefs.FileSystemPreferences syncWorld
2026-07-24 14:19:33,695 [ERROR] LogOutputStream:75 - [STDERR_REDIRECT] WARNING: Couldn't flush system prefs: java.util.prefs.BackingStoreException: Couldn't get file lock.
2026-07-24 14:19:33,695 [ERROR] LogOutputStream:75 - [STDERR_REDIRECT] 
2026-07-24 14:20:03,695 [ERROR] LogOutputStream:75 - [STDERR_REDIRECT] Jul 24, 2026 2:20:03 PM java.util.prefs.FileSystemPreferences checkLockFile0ErrorCode
2026-07-24 14:20:03,696 [ERROR] LogOutputStream:75 - [STDERR_REDIRECT] WARNING: Could not lock System prefs. Unix error code 2.
2026-07-24 14:20:03,696 [ERROR] LogOutputStream:75 - [STDERR_REDIRECT] 
2026-07-24 14:20:03,696 [ERROR] LogOutputStream:75 - [STDERR_REDIRECT] Jul 24, 2026 2:20:03 PM java.util.prefs.FileSystemPreferences syncWorld
2026-07-24 14:20:03,696 [ERROR] LogOutputStream:75 - [STDERR_REDIRECT] WARNING: Couldn't flush system prefs: java.util.prefs.BackingStoreException: Couldn't get file lock.
2026-07-24 14:20:03,696 [ERROR] LogOutputStream:75 - [STDERR_REDIRECT] 
2026-07-24 14:20:33,696 [ERROR] LogOutputStream:75 - [STDERR_REDIRECT] Jul 24, 2026 2:20:33 PM java.util.prefs.FileSystemPreferences checkLockFile0ErrorCode
2026-07-24 14:20:33,696 [ERROR] LogOutputStream:75 - [STDERR_REDIRECT] WARNING: Could not lock System prefs. Unix error code 2.
2026-07-24 14:20:33,697 [ERROR] LogOutputStream:75 - [STDERR_REDIRECT] 
2026-07-24 14:20:33,697 [ERROR] LogOutputStream:75 - [STDERR_REDIRECT] Jul 24, 2026 2:20:33 PM java.util.prefs.FileSystemPreferences syncWorld
2026-07-24 14:20:33,697 [ERROR] LogOutputStream:75 - [STDERR_REDIRECT] WARNING: Couldn't flush system prefs: java.util.prefs.BackingStoreException: Couldn't get file lock.
2026-07-24 14:20:33,697 [ERROR] LogOutputStream:75 - [STDERR_REDIRECT] 
2026-07-24 14:21:03,697 [ERROR] LogOutputStream:75 - [STDERR_REDIRECT] Jul 24, 2026 2:21:03 PM java.util.prefs.FileSystemPreferences checkLockFile0ErrorCode
2026-07-24 14:21:03,697 [ERROR] LogOutputStream:75 - [STDERR_REDIRECT] WARNING: Could not lock System prefs. Unix error code 2.
2026-07-24 14:21:03,697 [ERROR] LogOutputStream:75 - [STDERR_REDIRECT] 
2026-07-24 14:21:03,697 [ERROR] LogOutputStream:75 - [STDERR_REDIRECT] Jul 24, 2026 2:21:03 PM java.util.prefs.FileSystemPreferences syncWorld
2026-07-24 14:21:03,697 [ERROR] LogOutputStream:75 - [STDERR_REDIRECT] WARNING: Couldn't flush system prefs: java.util.prefs.BackingStoreException: Couldn't get file lock.
2026-07-24 14:21:03,698 [ERROR] LogOutputStream:75 - [STDERR_REDIRECT] 
2026-07-24 14:21:33,696 [ERROR] LogOutputStream:75 - [STDERR_REDIRECT] Jul 24, 2026 2:21:33 PM java.util.prefs.FileSystemPreferences checkLockFile0ErrorCode
2026-07-24 14:21:33,696 [ERROR] LogOutputStream:75 - [STDERR_REDIRECT] WARNING: Could not lock System prefs. Unix error code 2.
2026-07-24 14:21:33,697 [ERROR] LogOutputStream:75 - [STDERR_REDIRECT] 
2026-07-24 14:21:33,697 [ERROR] LogOutputStream:75 - [STDERR_REDIRECT] Jul 24, 2026 2:21:33 PM java.util.prefs.FileSystemPreferences syncWorld
2026-07-24 14:21:33,697 [ERROR] LogOutputStream:75 - [STDERR_REDIRECT] WARNING: Couldn't flush system prefs: java.util.prefs.BackingStoreException: Couldn't get file lock.
2026-07-24 14:21:33,697 [ERROR] LogOutputStream:75 - [STDERR_REDIRECT] 
2026-07-24 14:22:03,697 [ERROR] LogOutputStream:75 - [STDERR_REDIRECT] Jul 24, 2026 2:22:03 PM java.util.prefs.FileSystemPreferences checkLockFile0ErrorCode
2026-07-24 14:22:03,697 [ERROR] LogOutputStream:75 - [STDERR_REDIRECT] WARNING: Could not lock System prefs. Unix error code 2.
2026-07-24 14:22:03,697 [ERROR] LogOutputStream:75 - [STDERR_REDIRECT] 
2026-07-24 14:22:03,697 [ERROR] LogOutputStream:75 - [STDERR_REDIRECT] Jul 24, 2026 2:22:03 PM java.util.prefs.FileSystemPreferences syncWorld
2026-07-24 14:22:03,698 [ERROR] LogOutputStream:75 - [STDERR_REDIRECT] WARNING: Couldn't flush system prefs: java.util.prefs.BackingStoreException: Couldn't get file lock.
2026-07-24 14:22:03,698 [ERROR] LogOutputStream:75 - [STDERR_REDIRECT] 
2026-07-24 14:22:33,696 [ERROR] LogOutputStream:75 - [STDERR_REDIRECT] Jul 24, 2026 2:22:33 PM java.util.prefs.FileSystemPreferences checkLockFile0ErrorCode
2026-07-24 14:22:33,697 [ERROR] LogOutputStream:75 - [STDERR_REDIRECT] WARNING: Could not lock System prefs. Unix error code 2.
2026-07-24 14:22:33,697 [ERROR] LogOutputStream:75 - [STDERR_REDIRECT] 
2026-07-24 14:22:33,697 [ERROR] LogOutputStream:75 - [STDERR_REDIRECT] Jul 24, 2026 2:22:33 PM java.util.prefs.FileSystemPreferences syncWorld
2026-07-24 14:22:33,697 [ERROR] LogOutputStream:75 - [STDERR_REDIRECT] WARNING: Couldn't flush system prefs: java.util.prefs.BackingStoreException: Couldn't get file lock.
2026-07-24 14:22:33,698 [ERROR] LogOutputStream:75 - [STDERR_REDIRECT] 
2026-07-24 14:23:03,696 [ERROR] LogOutputStream:75 - [STDERR_REDIRECT] Jul 24, 2026 2:23:03 PM java.util.prefs.FileSystemPreferences checkLockFile0ErrorCode
2026-07-24 14:23:03,696 [ERROR] LogOutputStream:75 - [STDERR_REDIRECT] WARNING: Could not lock System prefs. Unix error code 2.
2026-07-24 14:23:03,696 [ERROR] LogOutputStream:75 - [STDERR_REDIRECT] 
2026-07-24 14:23:03,697 [ERROR] LogOutputStream:75 - [STDERR_REDIRECT] Jul 24, 2026 2:23:03 PM java.util.prefs.FileSystemPreferences syncWorld
2026-07-24 14:23:03,697 [ERROR] LogOutputStream:75 - [STDERR_REDIRECT] WARNING: Couldn't flush system prefs: java.util.prefs.BackingStoreException: Couldn't get file lock.
2026-07-24 14:23:03,697 [ERROR] LogOutputStream:75 - [STDERR_REDIRECT] 
2026-07-24 14:23:33,695 [ERROR] LogOutputStream:75 - [STDERR_REDIRECT] Jul 24, 2026 2:23:33 PM java.util.prefs.FileSystemPreferences checkLockFile0ErrorCode
2026-07-24 14:23:33,695 [ERROR] LogOutputStream:75 - [STDERR_REDIRECT] WARNING: Could not lock System prefs. Unix error code 2.
2026-07-24 14:23:33,695 [ERROR] LogOutputStream:75 - [STDERR_REDIRECT] 
2026-07-24 14:23:33,696 [ERROR] LogOutputStream:75 - [STDERR_REDIRECT] Jul 24, 2026 2:23:33 PM java.util.prefs.FileSystemPreferences syncWorld
2026-07-24 14:23:33,696 [ERROR] LogOutputStream:75 - [STDERR_REDIRECT] WARNING: Couldn't flush system prefs: java.util.prefs.BackingStoreException: Couldn't get file lock.
2026-07-24 14:23:33,696 [ERROR] LogOutputStream:75 - [STDERR_REDIRECT] 
2026-07-24 14:24:03,696 [ERROR] LogOutputStream:75 - [STDERR_REDIRECT] Jul 24, 2026 2:24:03 PM java.util.prefs.FileSystemPreferences checkLockFile0ErrorCode
2026-07-24 14:24:03,697 [ERROR] LogOutputStream:75 - [STDERR_REDIRECT] WARNING: Could not lock System prefs. Unix error code 2.
2026-07-24 14:24:03,697 [ERROR] LogOutputStream:75 - [STDERR_REDIRECT] 
2026-07-24 14:24:03,697 [ERROR] LogOutputStream:75 - [STDERR_REDIRECT] Jul 24, 2026 2:24:03 PM java.util.prefs.FileSystemPreferences syncWorld
2026-07-24 14:24:03,697 [ERROR] LogOutputStream:75 - [STDERR_REDIRECT] WARNING: Couldn't flush system prefs: java.util.prefs.BackingStoreException: Couldn't get file lock.
2026-07-24 14:24:03,697 [ERROR] LogOutputStream:75 - [STDERR_REDIRECT] 
2026-07-24 14:24:33,697 [ERROR] LogOutputStream:75 - [STDERR_REDIRECT] Jul 24, 2026 2:24:33 PM java.util.prefs.FileSystemPreferences checkLockFile0ErrorCode
2026-07-24 14:24:33,697 [ERROR] LogOutputStream:75 - [STDERR_REDIRECT] WARNING: Could not lock System prefs. Unix error code 2.
2026-07-24 14:24:33,697 [ERROR] LogOutputStream:75 - [STDERR_REDIRECT] 
2026-07-24 14:24:33,698 [ERROR] LogOutputStream:75 - [STDERR_REDIRECT] Jul 24, 2026 2:24:33 PM java.util.prefs.FileSystemPreferences syncWorld
2026-07-24 14:24:33,698 [ERROR] LogOutputStream:75 - [STDERR_REDIRECT] WARNING: Couldn't flush system prefs: java.util.prefs.BackingStoreException: Couldn't get file lock.
2026-07-24 14:24:33,698 [ERROR] LogOutputStream:75 - [STDERR_REDIRECT] 
2026-07-24 14:25:03,697 [ERROR] LogOutputStream:75 - [STDERR_REDIRECT] Jul 24, 2026 2:25:03 PM java.util.prefs.FileSystemPreferences checkLockFile0ErrorCode
2026-07-24 14:25:03,698 [ERROR] LogOutputStream:75 - [STDERR_REDIRECT] WARNING: Could not lock System prefs. Unix error code 2.
2026-07-24 14:25:03,698 [ERROR] LogOutputStream:75 - [STDERR_REDIRECT] 
2026-07-24 14:25:03,698 [ERROR] LogOutputStream:75 - [STDERR_REDIRECT] Jul 24, 2026 2:25:03 PM java.util.prefs.FileSystemPreferences syncWorld
2026-07-24 14:25:03,698 [ERROR] LogOutputStream:75 - [STDERR_REDIRECT] WARNING: Couldn't flush system prefs: java.util.prefs.BackingStoreException: Couldn't get file lock.
2026-07-24 14:25:03,698 [ERROR] LogOutputStream:75 - [STDERR_REDIRECT] 
2026-07-24 14:25:33,698 [ERROR] LogOutputStream:75 - [STDERR_REDIRECT] Jul 24, 2026 2:25:33 PM java.util.prefs.FileSystemPreferences checkLockFile0ErrorCode
2026-07-24 14:25:33,698 [ERROR] LogOutputStream:75 - [STDERR_REDIRECT] WARNING: Could not lock System prefs. Unix error code 2.
2026-07-24 14:25:33,698 [ERROR] LogOutputStream:75 - [STDERR_REDIRECT] 
2026-07-24 14:25:33,698 [ERROR] LogOutputStream:75 - [STDERR_REDIRECT] Jul 24, 2026 2:25:33 PM java.util.prefs.FileSystemPreferences syncWorld
2026-07-24 14:25:33,698 [ERROR] LogOutputStream:75 - [STDERR_REDIRECT] WARNING: Couldn't flush system prefs: java.util.prefs.BackingStoreException: Couldn't get file lock.
2026-07-24 14:25:33,698 [ERROR] LogOutputStream:75 - [STDERR_REDIRECT] 
2026-07-24 14:26:03,698 [ERROR] LogOutputStream:75 - [STDERR_REDIRECT] Jul 24, 2026 2:26:03 PM java.util.prefs.FileSystemPreferences checkLockFile0ErrorCode
2026-07-24 14:26:03,698 [ERROR] LogOutputStream:75 - [STDERR_REDIRECT] WARNING: Could not lock System prefs. Unix error code 2.
2026-07-24 14:26:03,699 [ERROR] LogOutputStream:75 - [STDERR_REDIRECT] 
2026-07-24 14:26:03,699 [ERROR] LogOutputStream:75 - [STDERR_REDIRECT] Jul 24, 2026 2:26:03 PM java.util.prefs.FileSystemPreferences syncWorld
2026-07-24 14:26:03,699 [ERROR] LogOutputStream:75 - [STDERR_REDIRECT] WARNING: Couldn't flush system prefs: java.util.prefs.BackingStoreException: Couldn't get file lock.
2026-07-24 14:26:03,699 [ERROR] LogOutputStream:75 - [STDERR_REDIRECT] 
2026-07-24 14:26:33,700 [ERROR] LogOutputStream:75 - [STDERR_REDIRECT] Jul 24, 2026 2:26:33 PM java.util.prefs.FileSystemPreferences checkLockFile0ErrorCode
2026-07-24 14:26:33,700 [ERROR] LogOutputStream:75 - [STDERR_REDIRECT] WARNING: Could not lock System prefs. Unix error code 2.
2026-07-24 14:26:33,700 [ERROR] LogOutputStream:75 - [STDERR_REDIRECT] 
2026-07-24 14:26:33,700 [ERROR] LogOutputStream:75 - [STDERR_REDIRECT] Jul 24, 2026 2:26:33 PM java.util.prefs.FileSystemPreferences syncWorld
2026-07-24 14:26:33,700 [ERROR] LogOutputStream:75 - [STDERR_REDIRECT] WARNING: Couldn't flush system prefs: java.util.prefs.BackingStoreException: Couldn't get file lock.
2026-07-24 14:26:33,700 [ERROR] LogOutputStream:75 - [STDERR_REDIRECT] 
2026-07-24 14:27:03,700 [ERROR] LogOutputStream:75 - [STDERR_REDIRECT] Jul 24, 2026 2:27:03 PM java.util.prefs.FileSystemPreferences checkLockFile0ErrorCode
2026-07-24 14:27:03,700 [ERROR] LogOutputStream:75 - [STDERR_REDIRECT] WARNING: Could not lock System prefs. Unix error code 2.
2026-07-24 14:27:03,700 [ERROR] LogOutputStream:75 - [STDERR_REDIRECT] 
2026-07-24 14:27:03,701 [ERROR] LogOutputStream:75 - [STDERR_REDIRECT] Jul 24, 2026 2:27:03 PM java.util.prefs.FileSystemPreferences syncWorld
2026-07-24 14:27:03,701 [ERROR] LogOutputStream:75 - [STDERR_REDIRECT] WARNING: Couldn't flush system prefs: java.util.prefs.BackingStoreException: Couldn't get file lock.
2026-07-24 14:27:03,701 [ERROR] LogOutputStream:75 - [STDERR_REDIRECT] 
2026-07-24 14:27:33,700 [ERROR] LogOutputStream:75 - [STDERR_REDIRECT] Jul 24, 2026 2:27:33 PM java.util.prefs.FileSystemPreferences checkLockFile0ErrorCode
2026-07-24 14:27:33,700 [ERROR] LogOutputStream:75 - [STDERR_REDIRECT] WARNING: Could not lock System prefs. Unix error code 2.
2026-07-24 14:27:33,700 [ERROR] LogOutputStream:75 - [STDERR_REDIRECT] 
2026-07-24 14:27:33,701 [ERROR] LogOutputStream:75 - [STDERR_REDIRECT] Jul 24, 2026 2:27:33 PM java.util.prefs.FileSystemPreferences syncWorld
2026-07-24 14:27:33,701 [ERROR] LogOutputStream:75 - [STDERR_REDIRECT] WARNING: Couldn't flush system prefs: java.util.prefs.BackingStoreException: Couldn't get file lock.
2026-07-24 14:27:33,701 [ERROR] LogOutputStream:75 - [STDERR_REDIRECT] 
2026-07-24 14:28:03,701 [ERROR] LogOutputStream:75 - [STDERR_REDIRECT] Jul 24, 2026 2:28:03 PM java.util.prefs.FileSystemPreferences checkLockFile0ErrorCode
2026-07-24 14:28:03,701 [ERROR] LogOutputStream:75 - [STDERR_REDIRECT] WARNING: Could not lock System prefs. Unix error code 2.
2026-07-24 14:28:03,702 [ERROR] LogOutputStream:75 - [STDERR_REDIRECT] 
2026-07-24 14:28:03,702 [ERROR] LogOutputStream:75 - [STDERR_REDIRECT] Jul 24, 2026 2:28:03 PM java.util.prefs.FileSystemPreferences syncWorld
2026-07-24 14:28:03,702 [ERROR] LogOutputStream:75 - [STDERR_REDIRECT] WARNING: Couldn't flush system prefs: java.util.prefs.BackingStoreException: Couldn't get file lock.
2026-07-24 14:28:03,702 [ERROR] LogOutputStream:75 - [STDERR_REDIRECT] 
2026-07-24 14:28:33,700 [ERROR] LogOutputStream:75 - [STDERR_REDIRECT] Jul 24, 2026 2:28:33 PM java.util.prefs.FileSystemPreferences checkLockFile0ErrorCode
2026-07-24 14:28:33,700 [ERROR] LogOutputStream:75 - [STDERR_REDIRECT] WARNING: Could not lock System prefs. Unix error code 2.
2026-07-24 14:28:33,700 [ERROR] LogOutputStream:75 - [STDERR_REDIRECT] 
2026-07-24 14:28:33,701 [ERROR] LogOutputStream:75 - [STDERR_REDIRECT] Jul 24, 2026 2:28:33 PM java.util.prefs.FileSystemPreferences syncWorld
2026-07-24 14:28:33,701 [ERROR] LogOutputStream:75 - [STDERR_REDIRECT] WARNING: Couldn't flush system prefs: java.util.prefs.BackingStoreException: Couldn't get file lock.
2026-07-24 14:28:33,701 [ERROR] LogOutputStream:75 - [STDERR_REDIRECT] 
2026-07-24 14:29:03,700 [ERROR] LogOutputStream:75 - [STDERR_REDIRECT] Jul 24, 2026 2:29:03 PM java.util.prefs.FileSystemPreferences checkLockFile0ErrorCode
2026-07-24 14:29:03,700 [ERROR] LogOutputStream:75 - [STDERR_REDIRECT] WARNING: Could not lock System prefs. Unix error code 2.
2026-07-24 14:29:03,701 [ERROR] LogOutputStream:75 - [STDERR_REDIRECT] 
2026-07-24 14:29:03,701 [ERROR] LogOutputStream:75 - [STDERR_REDIRECT] Jul 24, 2026 2:29:03 PM java.util.prefs.FileSystemPreferences syncWorld
2026-07-24 14:29:03,701 [ERROR] LogOutputStream:75 - [STDERR_REDIRECT] WARNING: Couldn't flush system prefs: java.util.prefs.BackingStoreException: Couldn't get file lock.
2026-07-24 14:29:03,701 [ERROR] LogOutputStream:75 - [STDERR_REDIRECT] 
2026-07-24 14:29:33,700 [ERROR] LogOutputStream:75 - [STDERR_REDIRECT] Jul 24, 2026 2:29:33 PM java.util.prefs.FileSystemPreferences checkLockFile0ErrorCode
2026-07-24 14:29:33,700 [ERROR] LogOutputStream:75 - [STDERR_REDIRECT] WARNING: Could not lock System prefs. Unix error code 2.
2026-07-24 14:29:33,700 [ERROR] LogOutputStream:75 - [STDERR_REDIRECT] 
2026-07-24 14:29:33,701 [ERROR] LogOutputStream:75 - [STDERR_REDIRECT] Jul 24, 2026 2:29:33 PM java.util.prefs.FileSystemPreferences syncWorld
2026-07-24 14:29:33,701 [ERROR] LogOutputStream:75 - [STDERR_REDIRECT] WARNING: Couldn't flush system prefs: java.util.prefs.BackingStoreException: Couldn't get file lock.
2026-07-24 14:29:33,701 [ERROR] LogOutputStream:75 - [STDERR_REDIRECT] 
2026-07-24 14:30:03,700 [ERROR] LogOutputStream:75 - [STDERR_REDIRECT] Jul 24, 2026 2:30:03 PM java.util.prefs.FileSystemPreferences checkLockFile0ErrorCode
2026-07-24 14:30:03,700 [ERROR] LogOutputStream:75 - [STDERR_REDIRECT] WARNING: Could not lock System prefs. Unix error code 2.
2026-07-24 14:30:03,700 [ERROR] LogOutputStream:75 - [STDERR_REDIRECT] 
2026-07-24 14:30:03,700 [ERROR] LogOutputStream:75 - [STDERR_REDIRECT] Jul 24, 2026 2:30:03 PM java.util.prefs.FileSystemPreferences syncWorld
2026-07-24 14:30:03,700 [ERROR] LogOutputStream:75 - [STDERR_REDIRECT] WARNING: Couldn't flush system prefs: java.util.prefs.BackingStoreException: Couldn't get file lock.
2026-07-24 14:30:03,700 [ERROR] LogOutputStream:75 - [STDERR_REDIRECT] 
2026-07-24 14:30:33,700 [ERROR] LogOutputStream:75 - [STDERR_REDIRECT] Jul 24, 2026 2:30:33 PM java.util.prefs.FileSystemPreferences checkLockFile0ErrorCode
2026-07-24 14:30:33,701 [ERROR] LogOutputStream:75 - [STDERR_REDIRECT] WARNING: Could not lock System prefs. Unix error code 2.
2026-07-24 14:30:33,701 [ERROR] LogOutputStream:75 - [STDERR_REDIRECT] 
2026-07-24 14:30:33,701 [ERROR] LogOutputStream:75 - [STDERR_REDIRECT] Jul 24, 2026 2:30:33 PM java.util.prefs.FileSystemPreferences syncWorld
2026-07-24 14:30:33,701 [ERROR] LogOutputStream:75 - [STDERR_REDIRECT] WARNING: Couldn't flush system prefs: java.util.prefs.BackingStoreException: Couldn't get file lock.
2026-07-24 14:30:33,701 [ERROR] LogOutputStream:75 - [STDERR_REDIRECT] 
2026-07-24 14:31:03,701 [ERROR] LogOutputStream:75 - [STDERR_REDIRECT] Jul 24, 2026 2:31:03 PM java.util.prefs.FileSystemPreferences checkLockFile0ErrorCode
2026-07-24 14:31:03,701 [ERROR] LogOutputStream:75 - [STDERR_REDIRECT] WARNING: Could not lock System prefs. Unix error code 2.
2026-07-24 14:31:03,701 [ERROR] LogOutputStream:75 - [STDERR_REDIRECT] 
2026-07-24 14:31:03,702 [ERROR] LogOutputStream:75 - [STDERR_REDIRECT] Jul 24, 2026 2:31:03 PM java.util.prefs.FileSystemPreferences syncWorld
2026-07-24 14:31:03,702 [ERROR] LogOutputStream:75 - [STDERR_REDIRECT] WARNING: Couldn't flush system prefs: java.util.prefs.BackingStoreException: Couldn't get file lock.
2026-07-24 14:31:03,702 [ERROR] LogOutputStream:75 - [STDERR_REDIRECT] 
2026-07-24 14:31:33,701 [ERROR] LogOutputStream:75 - [STDERR_REDIRECT] Jul 24, 2026 2:31:33 PM java.util.prefs.FileSystemPreferences checkLockFile0ErrorCode
2026-07-24 14:31:33,702 [ERROR] LogOutputStream:75 - [STDERR_REDIRECT] WARNING: Could not lock System prefs. Unix error code 2.
2026-07-24 14:31:33,702 [ERROR] LogOutputStream:75 - [STDERR_REDIRECT] 
2026-07-24 14:31:33,702 [ERROR] LogOutputStream:75 - [STDERR_REDIRECT] Jul 24, 2026 2:31:33 PM java.util.prefs.FileSystemPreferences syncWorld
2026-07-24 14:31:33,702 [ERROR] LogOutputStream:75 - [STDERR_REDIRECT] WARNING: Couldn't flush system prefs: java.util.prefs.BackingStoreException: Couldn't get file lock.
2026-07-24 14:31:33,702 [ERROR] LogOutputStream:75 - [STDERR_REDIRECT] 
2026-07-24 14:32:03,702 [ERROR] LogOutputStream:75 - [STDERR_REDIRECT] Jul 24, 2026 2:32:03 PM java.util.prefs.FileSystemPreferences checkLockFile0ErrorCode
2026-07-24 14:32:03,702 [ERROR] LogOutputStream:75 - [STDERR_REDIRECT] WARNING: Could not lock System prefs. Unix error code 2.
2026-07-24 14:32:03,702 [ERROR] LogOutputStream:75 - [STDERR_REDIRECT] 
2026-07-24 14:32:03,702 [ERROR] LogOutputStream:75 - [STDERR_REDIRECT] Jul 24, 2026 2:32:03 PM java.util.prefs.FileSystemPreferences syncWorld
2026-07-24 14:32:03,702 [ERROR] LogOutputStream:75 - [STDERR_REDIRECT] WARNING: Couldn't flush system prefs: java.util.prefs.BackingStoreException: Couldn't get file lock.
2026-07-24 14:32:03,702 [ERROR] LogOutputStream:75 - [STDERR_REDIRECT] 
2026-07-24 14:32:33,702 [ERROR] LogOutputStream:75 - [STDERR_REDIRECT] Jul 24, 2026 2:32:33 PM java.util.prefs.FileSystemPreferences checkLockFile0ErrorCode
2026-07-24 14:32:33,703 [ERROR] LogOutputStream:75 - [STDERR_REDIRECT] WARNING: Could not lock System prefs. Unix error code 2.
2026-07-24 14:32:33,703 [ERROR] LogOutputStream:75 - [STDERR_REDIRECT] 
2026-07-24 14:32:33,703 [ERROR] LogOutputStream:75 - [STDERR_REDIRECT] Jul 24, 2026 2:32:33 PM java.util.prefs.FileSystemPreferences syncWorld
2026-07-24 14:32:33,703 [ERROR] LogOutputStream:75 - [STDERR_REDIRECT] WARNING: Couldn't flush system prefs: java.util.prefs.BackingStoreException: Couldn't get file lock.
2026-07-24 14:32:33,703 [ERROR] LogOutputStream:75 - [STDERR_REDIRECT] 
2026-07-24 14:33:03,702 [ERROR] LogOutputStream:75 - [STDERR_REDIRECT] Jul 24, 2026 2:33:03 PM java.util.prefs.FileSystemPreferences checkLockFile0ErrorCode
2026-07-24 14:33:03,702 [ERROR] LogOutputStream:75 - [STDERR_REDIRECT] WARNING: Could not lock System prefs. Unix error code 2.
2026-07-24 14:33:03,702 [ERROR] LogOutputStream:75 - [STDERR_REDIRECT] 
2026-07-24 14:33:03,703 [ERROR] LogOutputStream:75 - [STDERR_REDIRECT] Jul 24, 2026 2:33:03 PM java.util.prefs.FileSystemPreferences syncWorld
2026-07-24 14:33:03,703 [ERROR] LogOutputStream:75 - [STDERR_REDIRECT] WARNING: Couldn't flush system prefs: java.util.prefs.BackingStoreException: Couldn't get file lock.
2026-07-24 14:33:03,703 [ERROR] LogOutputStream:75 - [STDERR_REDIRECT] 
2026-07-24 14:33:33,703 [ERROR] LogOutputStream:75 - [STDERR_REDIRECT] Jul 24, 2026 2:33:33 PM java.util.prefs.FileSystemPreferences checkLockFile0ErrorCode
2026-07-24 14:33:33,703 [ERROR] LogOutputStream:75 - [STDERR_REDIRECT] WARNING: Could not lock System prefs. Unix error code 2.
2026-07-24 14:33:33,703 [ERROR] LogOutputStream:75 - [STDERR_REDIRECT] 
2026-07-24 14:33:33,703 [ERROR] LogOutputStream:75 - [STDERR_REDIRECT] Jul 24, 2026 2:33:33 PM java.util.prefs.FileSystemPreferences syncWorld
2026-07-24 14:33:33,703 [ERROR] LogOutputStream:75 - [STDERR_REDIRECT] WARNING: Couldn't flush system prefs: java.util.prefs.BackingStoreException: Couldn't get file lock.
2026-07-24 14:33:33,703 [ERROR] LogOutputStream:75 - [STDERR_REDIRECT] 
2026-07-24 14:34:03,703 [ERROR] LogOutputStream:75 - [STDERR_REDIRECT] Jul 24, 2026 2:34:03 PM java.util.prefs.FileSystemPreferences checkLockFile0ErrorCode
2026-07-24 14:34:03,703 [ERROR] LogOutputStream:75 - [STDERR_REDIRECT] WARNING: Could not lock System prefs. Unix error code 2.
2026-07-24 14:34:03,703 [ERROR] LogOutputStream:75 - [STDERR_REDIRECT] 
2026-07-24 14:34:03,703 [ERROR] LogOutputStream:75 - [STDERR_REDIRECT] Jul 24, 2026 2:34:03 PM java.util.prefs.FileSystemPreferences syncWorld
2026-07-24 14:34:03,703 [ERROR] LogOutputStream:75 - [STDERR_REDIRECT] WARNING: Couldn't flush system prefs: java.util.prefs.BackingStoreException: Couldn't get file lock.
2026-07-24 14:34:03,704 [ERROR] LogOutputStream:75 - [STDERR_REDIRECT] 
2026-07-24 14:34:33,702 [ERROR] LogOutputStream:75 - [STDERR_REDIRECT] Jul 24, 2026 2:34:33 PM java.util.prefs.FileSystemPreferences checkLockFile0ErrorCode
2026-07-24 14:34:33,703 [ERROR] LogOutputStream:75 - [STDERR_REDIRECT] WARNING: Could not lock System prefs. Unix error code 2.
2026-07-24 14:34:33,703 [ERROR] LogOutputStream:75 - [STDERR_REDIRECT] 
2026-07-24 14:34:33,703 [ERROR] LogOutputStream:75 - [STDERR_REDIRECT] Jul 24, 2026 2:34:33 PM java.util.prefs.FileSystemPreferences syncWorld
2026-07-24 14:34:33,703 [ERROR] LogOutputStream:75 - [STDERR_REDIRECT] WARNING: Couldn't flush system prefs: java.util.prefs.BackingStoreException: Couldn't get file lock.
2026-07-24 14:34:33,703 [ERROR] LogOutputStream:75 - [STDERR_REDIRECT] 
2026-07-24 14:35:03,703 [ERROR] LogOutputStream:75 - [STDERR_REDIRECT] Jul 24, 2026 2:35:03 PM java.util.prefs.FileSystemPreferences checkLockFile0ErrorCode
2026-07-24 14:35:03,703 [ERROR] LogOutputStream:75 - [STDERR_REDIRECT] WARNING: Could not lock System prefs. Unix error code 2.
2026-07-24 14:35:03,703 [ERROR] LogOutputStream:75 - [STDERR_REDIRECT] 
2026-07-24 14:35:03,703 [ERROR] LogOutputStream:75 - [STDERR_REDIRECT] Jul 24, 2026 2:35:03 PM java.util.prefs.FileSystemPreferences syncWorld
2026-07-24 14:35:03,703 [ERROR] LogOutputStream:75 - [STDERR_REDIRECT] WARNING: Couldn't flush system prefs: java.util.prefs.BackingStoreException: Couldn't get file lock.
2026-07-24 14:35:03,704 [ERROR] LogOutputStream:75 - [STDERR_REDIRECT] 
2026-07-24 14:35:33,703 [ERROR] LogOutputStream:75 - [STDERR_REDIRECT] Jul 24, 2026 2:35:33 PM java.util.prefs.FileSystemPreferences checkLockFile0ErrorCode
2026-07-24 14:35:33,703 [ERROR] LogOutputStream:75 - [STDERR_REDIRECT] WARNING: Could not lock System prefs. Unix error code 2.
2026-07-24 14:35:33,703 [ERROR] LogOutputStream:75 - [STDERR_REDIRECT] 
2026-07-24 14:35:33,704 [ERROR] LogOutputStream:75 - [STDERR_REDIRECT] Jul 24, 2026 2:35:33 PM java.util.prefs.FileSystemPreferences syncWorld
2026-07-24 14:35:33,704 [ERROR] LogOutputStream:75 - [STDERR_REDIRECT] WARNING: Couldn't flush system prefs: java.util.prefs.BackingStoreException: Couldn't get file lock.
2026-07-24 14:35:33,704 [ERROR] LogOutputStream:75 - [STDERR_REDIRECT] 
2026-07-24 14:36:03,703 [ERROR] LogOutputStream:75 - [STDERR_REDIRECT] Jul 24, 2026 2:36:03 PM java.util.prefs.FileSystemPreferences checkLockFile0ErrorCode
2026-07-24 14:36:03,704 [ERROR] LogOutputStream:75 - [STDERR_REDIRECT] WARNING: Could not lock System prefs. Unix error code 2.
2026-07-24 14:36:03,704 [ERROR] LogOutputStream:75 - [STDERR_REDIRECT] 
2026-07-24 14:36:03,704 [ERROR] LogOutputStream:75 - [STDERR_REDIRECT] Jul 24, 2026 2:36:03 PM java.util.prefs.FileSystemPreferences syncWorld
2026-07-24 14:36:03,704 [ERROR] LogOutputStream:75 - [STDERR_REDIRECT] WARNING: Couldn't flush system prefs: java.util.prefs.BackingStoreException: Couldn't get file lock.
2026-07-24 14:36:03,704 [ERROR] LogOutputStream:75 - [STDERR_REDIRECT] 
2026-07-24 14:36:33,703 [ERROR] LogOutputStream:75 - [STDERR_REDIRECT] Jul 24, 2026 2:36:33 PM java.util.prefs.FileSystemPreferences checkLockFile0ErrorCode
2026-07-24 14:36:33,703 [ERROR] LogOutputStream:75 - [STDERR_REDIRECT] WARNING: Could not lock System prefs. Unix error code 2.
2026-07-24 14:36:33,704 [ERROR] LogOutputStream:75 - [STDERR_REDIRECT] 
2026-07-24 14:36:33,704 [ERROR] LogOutputStream:75 - [STDERR_REDIRECT] Jul 24, 2026 2:36:33 PM java.util.prefs.FileSystemPreferences syncWorld
2026-07-24 14:36:33,704 [ERROR] LogOutputStream:75 - [STDERR_REDIRECT] WARNING: Couldn't flush system prefs: java.util.prefs.BackingStoreException: Couldn't get file lock.
2026-07-24 14:36:33,704 [ERROR] LogOutputStream:75 - [STDERR_REDIRECT] 
2026-07-24 14:37:03,703 [ERROR] LogOutputStream:75 - [STDERR_REDIRECT] Jul 24, 2026 2:37:03 PM java.util.prefs.FileSystemPreferences checkLockFile0ErrorCode
2026-07-24 14:37:03,703 [ERROR] LogOutputStream:75 - [STDERR_REDIRECT] WARNING: Could not lock System prefs. Unix error code 2.
2026-07-24 14:37:03,703 [ERROR] LogOutputStream:75 - [STDERR_REDIRECT] 
2026-07-24 14:37:03,703 [ERROR] LogOutputStream:75 - [STDERR_REDIRECT] Jul 24, 2026 2:37:03 PM java.util.prefs.FileSystemPreferences syncWorld
2026-07-24 14:37:03,703 [ERROR] LogOutputStream:75 - [STDERR_REDIRECT] WARNING: Couldn't flush system prefs: java.util.prefs.BackingStoreException: Couldn't get file lock.
2026-07-24 14:37:03,703 [ERROR] LogOutputStream:75 - [STDERR_REDIRECT] 
2026-07-24 14:37:33,703 [ERROR] LogOutputStream:75 - [STDERR_REDIRECT] Jul 24, 2026 2:37:33 PM java.util.prefs.FileSystemPreferences checkLockFile0ErrorCode
2026-07-24 14:37:33,704 [ERROR] LogOutputStream:75 - [STDERR_REDIRECT] WARNING: Could not lock System prefs. Unix error code 2.
2026-07-24 14:37:33,704 [ERROR] LogOutputStream:75 - [STDERR_REDIRECT] 
2026-07-24 14:37:33,704 [ERROR] LogOutputStream:75 - [STDERR_REDIRECT] Jul 24, 2026 2:37:33 PM java.util.prefs.FileSystemPreferences syncWorld
2026-07-24 14:37:33,704 [ERROR] LogOutputStream:75 - [STDERR_REDIRECT] WARNING: Couldn't flush system prefs: java.util.prefs.BackingStoreException: Couldn't get file lock.
2026-07-24 14:37:33,704 [ERROR] LogOutputStream:75 - [STDERR_REDIRECT] 
2026-07-24 14:38:03,704 [ERROR] LogOutputStream:75 - [STDERR_REDIRECT] Jul 24, 2026 2:38:03 PM java.util.prefs.FileSystemPreferences checkLockFile0ErrorCode
2026-07-24 14:38:03,704 [ERROR] LogOutputStream:75 - [STDERR_REDIRECT] WARNING: Could not lock System prefs. Unix error code 2.
2026-07-24 14:38:03,705 [ERROR] LogOutputStream:75 - [STDERR_REDIRECT] 
2026-07-24 14:38:03,705 [ERROR] LogOutputStream:75 - [STDERR_REDIRECT] Jul 24, 2026 2:38:03 PM java.util.prefs.FileSystemPreferences syncWorld
2026-07-24 14:38:03,705 [ERROR] LogOutputStream:75 - [STDERR_REDIRECT] WARNING: Couldn't flush system prefs: java.util.prefs.BackingStoreException: Couldn't get file lock.
2026-07-24 14:38:03,705 [ERROR] LogOutputStream:75 - [STDERR_REDIRECT] 
2026-07-24 14:38:33,705 [ERROR] LogOutputStream:75 - [STDERR_REDIRECT] Jul 24, 2026 2:38:33 PM java.util.prefs.FileSystemPreferences checkLockFile0ErrorCode
2026-07-24 14:38:33,705 [ERROR] LogOutputStream:75 - [STDERR_REDIRECT] WARNING: Could not lock System prefs. Unix error code 2.
2026-07-24 14:38:33,705 [ERROR] LogOutputStream:75 - [STDERR_REDIRECT] 
2026-07-24 14:38:33,706 [ERROR] LogOutputStream:75 - [STDERR_REDIRECT] Jul 24, 2026 2:38:33 PM java.util.prefs.FileSystemPreferences syncWorld
2026-07-24 14:38:33,706 [ERROR] LogOutputStream:75 - [STDERR_REDIRECT] WARNING: Couldn't flush system prefs: java.util.prefs.BackingStoreException: Couldn't get file lock.
2026-07-24 14:38:33,706 [ERROR] LogOutputStream:75 - [STDERR_REDIRECT] 
2026-07-24 14:39:03,705 [ERROR] LogOutputStream:75 - [STDERR_REDIRECT] Jul 24, 2026 2:39:03 PM java.util.prefs.FileSystemPreferences checkLockFile0ErrorCode
2026-07-24 14:39:03,706 [ERROR] LogOutputStream:75 - [STDERR_REDIRECT] WARNING: Could not lock System prefs. Unix error code 2.
2026-07-24 14:39:03,706 [ERROR] LogOutputStream:75 - [STDERR_REDIRECT] 
2026-07-24 14:39:03,706 [ERROR] LogOutputStream:75 - [STDERR_REDIRECT] Jul 24, 2026 2:39:03 PM java.util.prefs.FileSystemPreferences syncWorld
2026-07-24 14:39:03,706 [ERROR] LogOutputStream:75 - [STDERR_REDIRECT] WARNING: Couldn't flush system prefs: java.util.prefs.BackingStoreException: Couldn't get file lock.
2026-07-24 14:39:03,707 [ERROR] LogOutputStream:75 - [STDERR_REDIRECT] 
2026-07-24 14:39:33,705 [ERROR] LogOutputStream:75 - [STDERR_REDIRECT] Jul 24, 2026 2:39:33 PM java.util.prefs.FileSystemPreferences checkLockFile0ErrorCode
2026-07-24 14:39:33,705 [ERROR] LogOutputStream:75 - [STDERR_REDIRECT] WARNING: Could not lock System prefs. Unix error code 2.
2026-07-24 14:39:33,705 [ERROR] LogOutputStream:75 - [STDERR_REDIRECT] 
2026-07-24 14:39:33,705 [ERROR] LogOutputStream:75 - [STDERR_REDIRECT] Jul 24, 2026 2:39:33 PM java.util.prefs.FileSystemPreferences syncWorld
2026-07-24 14:39:33,705 [ERROR] LogOutputStream:75 - [STDERR_REDIRECT] WARNING: Couldn't flush system prefs: java.util.prefs.BackingStoreException: Couldn't get file lock.
2026-07-24 14:39:33,705 [ERROR] LogOutputStream:75 - [STDERR_REDIRECT] 
2026-07-24 14:40:03,706 [ERROR] LogOutputStream:75 - [STDERR_REDIRECT] Jul 24, 2026 2:40:03 PM java.util.prefs.FileSystemPreferences checkLockFile0ErrorCode
2026-07-24 14:40:03,706 [ERROR] LogOutputStream:75 - [STDERR_REDIRECT] WARNING: Could not lock System prefs. Unix error code 2.
2026-07-24 14:40:03,706 [ERROR] LogOutputStream:75 - [STDERR_REDIRECT] 
2026-07-24 14:40:03,706 [ERROR] LogOutputStream:75 - [STDERR_REDIRECT] Jul 24, 2026 2:40:03 PM java.util.prefs.FileSystemPreferences syncWorld
2026-07-24 14:40:03,706 [ERROR] LogOutputStream:75 - [STDERR_REDIRECT] WARNING: Couldn't flush system prefs: java.util.prefs.BackingStoreException: Couldn't get file lock.
2026-07-24 14:40:03,707 [ERROR] LogOutputStream:75 - [STDERR_REDIRECT] 
2026-07-24 14:40:33,706 [ERROR] LogOutputStream:75 - [STDERR_REDIRECT] Jul 24, 2026 2:40:33 PM java.util.prefs.FileSystemPreferences checkLockFile0ErrorCode
2026-07-24 14:40:33,707 [ERROR] LogOutputStream:75 - [STDERR_REDIRECT] WARNING: Could not lock System prefs. Unix error code 2.
2026-07-24 14:40:33,707 [ERROR] LogOutputStream:75 - [STDERR_REDIRECT] 
2026-07-24 14:40:33,707 [ERROR] LogOutputStream:75 - [STDERR_REDIRECT] Jul 24, 2026 2:40:33 PM java.util.prefs.FileSystemPreferences syncWorld
2026-07-24 14:40:33,707 [ERROR] LogOutputStream:75 - [STDERR_REDIRECT] WARNING: Couldn't flush system prefs: java.util.prefs.BackingStoreException: Couldn't get file lock.
2026-07-24 14:40:33,707 [ERROR] LogOutputStream:75 - [STDERR_REDIRECT] 
2026-07-24 14:41:03,707 [ERROR] LogOutputStream:75 - [STDERR_REDIRECT] Jul 24, 2026 2:41:03 PM java.util.prefs.FileSystemPreferences checkLockFile0ErrorCode
2026-07-24 14:41:03,707 [ERROR] LogOutputStream:75 - [STDERR_REDIRECT] WARNING: Could not lock System prefs. Unix error code 2.
2026-07-24 14:41:03,707 [ERROR] LogOutputStream:75 - [STDERR_REDIRECT] 
2026-07-24 14:41:03,707 [ERROR] LogOutputStream:75 - [STDERR_REDIRECT] Jul 24, 2026 2:41:03 PM java.util.prefs.FileSystemPreferences syncWorld
2026-07-24 14:41:03,707 [ERROR] LogOutputStream:75 - [STDERR_REDIRECT] WARNING: Couldn't flush system prefs: java.util.prefs.BackingStoreException: Couldn't get file lock.
2026-07-24 14:41:03,707 [ERROR] LogOutputStream:75 - [STDERR_REDIRECT] 
2026-07-24 14:41:33,707 [ERROR] LogOutputStream:75 - [STDERR_REDIRECT] Jul 24, 2026 2:41:33 PM java.util.prefs.FileSystemPreferences checkLockFile0ErrorCode
2026-07-24 14:41:33,707 [ERROR] LogOutputStream:75 - [STDERR_REDIRECT] WARNING: Could not lock System prefs. Unix error code 2.
2026-07-24 14:41:33,707 [ERROR] LogOutputStream:75 - [STDERR_REDIRECT] 
2026-07-24 14:41:33,707 [ERROR] LogOutputStream:75 - [STDERR_REDIRECT] Jul 24, 2026 2:41:33 PM java.util.prefs.FileSystemPreferences syncWorld
2026-07-24 14:41:33,707 [ERROR] LogOutputStream:75 - [STDERR_REDIRECT] WARNING: Couldn't flush system prefs: java.util.prefs.BackingStoreException: Couldn't get file lock.
2026-07-24 14:41:33,707 [ERROR] LogOutputStream:75 - [STDERR_REDIRECT] 
2026-07-24 14:42:03,707 [ERROR] LogOutputStream:75 - [STDERR_REDIRECT] Jul 24, 2026 2:42:03 PM java.util.prefs.FileSystemPreferences checkLockFile0ErrorCode
2026-07-24 14:42:03,707 [ERROR] LogOutputStream:75 - [STDERR_REDIRECT] WARNING: Could not lock System prefs. Unix error code 2.
2026-07-24 14:42:03,708 [ERROR] LogOutputStream:75 - [STDERR_REDIRECT] 
2026-07-24 14:42:03,708 [ERROR] LogOutputStream:75 - [STDERR_REDIRECT] Jul 24, 2026 2:42:03 PM java.util.prefs.FileSystemPreferences syncWorld
2026-07-24 14:42:03,708 [ERROR] LogOutputStream:75 - [STDERR_REDIRECT] WARNING: Couldn't flush system prefs: java.util.prefs.BackingStoreException: Couldn't get file lock.
2026-07-24 14:42:03,708 [ERROR] LogOutputStream:75 - [STDERR_REDIRECT] 
2026-07-24 14:42:33,708 [ERROR] LogOutputStream:75 - [STDERR_REDIRECT] Jul 24, 2026 2:42:33 PM java.util.prefs.FileSystemPreferences checkLockFile0ErrorCode
2026-07-24 14:42:33,708 [ERROR] LogOutputStream:75 - [STDERR_REDIRECT] WARNING: Could not lock System prefs. Unix error code 2.
2026-07-24 14:42:33,708 [ERROR] LogOutputStream:75 - [STDERR_REDIRECT] 
2026-07-24 14:42:33,709 [ERROR] LogOutputStream:75 - [STDERR_REDIRECT] Jul 24, 2026 2:42:33 PM java.util.prefs.FileSystemPreferences syncWorld
2026-07-24 14:42:33,709 [ERROR] LogOutputStream:75 - [STDERR_REDIRECT] WARNING: Couldn't flush system prefs: java.util.prefs.BackingStoreException: Couldn't get file lock.
2026-07-24 14:42:33,709 [ERROR] LogOutputStream:75 - [STDERR_REDIRECT] 
2026-07-24 14:43:03,708 [ERROR] LogOutputStream:75 - [STDERR_REDIRECT] Jul 24, 2026 2:43:03 PM java.util.prefs.FileSystemPreferences checkLockFile0ErrorCode
2026-07-24 14:43:03,708 [ERROR] LogOutputStream:75 - [STDERR_REDIRECT] WARNING: Could not lock System prefs. Unix error code 2.
2026-07-24 14:43:03,708 [ERROR] LogOutputStream:75 - [STDERR_REDIRECT] 
2026-07-24 14:43:03,708 [ERROR] LogOutputStream:75 - [STDERR_REDIRECT] Jul 24, 2026 2:43:03 PM java.util.prefs.FileSystemPreferences syncWorld
2026-07-24 14:43:03,709 [ERROR] LogOutputStream:75 - [STDERR_REDIRECT] WARNING: Couldn't flush system prefs: java.util.prefs.BackingStoreException: Couldn't get file lock.
2026-07-24 14:43:03,709 [ERROR] LogOutputStream:75 - [STDERR_REDIRECT] 
2026-07-24 14:43:33,708 [ERROR] LogOutputStream:75 - [STDERR_REDIRECT] Jul 24, 2026 2:43:33 PM java.util.prefs.FileSystemPreferences checkLockFile0ErrorCode
2026-07-24 14:43:33,709 [ERROR] LogOutputStream:75 - [STDERR_REDIRECT] WARNING: Could not lock System prefs. Unix error code 2.
2026-07-24 14:43:33,709 [ERROR] LogOutputStream:75 - [STDERR_REDIRECT] 
2026-07-24 14:43:33,709 [ERROR] LogOutputStream:75 - [STDERR_REDIRECT] Jul 24, 2026 2:43:33 PM java.util.prefs.FileSystemPreferences syncWorld
2026-07-24 14:43:33,709 [ERROR] LogOutputStream:75 - [STDERR_REDIRECT] WARNING: Couldn't flush system prefs: java.util.prefs.BackingStoreException: Couldn't get file lock.
2026-07-24 14:43:33,709 [ERROR] LogOutputStream:75 - [STDERR_REDIRECT] 
2026-07-24 14:44:03,709 [ERROR] LogOutputStream:75 - [STDERR_REDIRECT] Jul 24, 2026 2:44:03 PM java.util.prefs.FileSystemPreferences checkLockFile0ErrorCode
2026-07-24 14:44:03,709 [ERROR] LogOutputStream:75 - [STDERR_REDIRECT] WARNING: Could not lock System prefs. Unix error code 2.
2026-07-24 14:44:03,709 [ERROR] LogOutputStream:75 - [STDERR_REDIRECT] 
2026-07-24 14:44:03,710 [ERROR] LogOutputStream:75 - [STDERR_REDIRECT] Jul 24, 2026 2:44:03 PM java.util.prefs.FileSystemPreferences syncWorld
2026-07-24 14:44:03,710 [ERROR] LogOutputStream:75 - [STDERR_REDIRECT] WARNING: Couldn't flush system prefs: java.util.prefs.BackingStoreException: Couldn't get file lock.
2026-07-24 14:44:03,710 [ERROR] LogOutputStream:75 - [STDERR_REDIRECT] 
2026-07-24 14:44:33,708 [ERROR] LogOutputStream:75 - [STDERR_REDIRECT] Jul 24, 2026 2:44:33 PM java.util.prefs.FileSystemPreferences checkLockFile0ErrorCode
2026-07-24 14:44:33,708 [ERROR] LogOutputStream:75 - [STDERR_REDIRECT] WARNING: Could not lock System prefs. Unix error code 2.
2026-07-24 14:44:33,709 [ERROR] LogOutputStream:75 - [STDERR_REDIRECT] 
2026-07-24 14:44:33,709 [ERROR] LogOutputStream:75 - [STDERR_REDIRECT] Jul 24, 2026 2:44:33 PM java.util.prefs.FileSystemPreferences syncWorld
2026-07-24 14:44:33,709 [ERROR] LogOutputStream:75 - [STDERR_REDIRECT] WARNING: Couldn't flush system prefs: java.util.prefs.BackingStoreException: Couldn't get file lock.
2026-07-24 14:44:33,709 [ERROR] LogOutputStream:75 - [STDERR_REDIRECT] 
2026-07-24 14:45:03,708 [ERROR] LogOutputStream:75 - [STDERR_REDIRECT] Jul 24, 2026 2:45:03 PM java.util.prefs.FileSystemPreferences checkLockFile0ErrorCode
2026-07-24 14:45:03,709 [ERROR] LogOutputStream:75 - [STDERR_REDIRECT] WARNING: Could not lock System prefs. Unix error code 2.
2026-07-24 14:45:03,709 [ERROR] LogOutputStream:75 - [STDERR_REDIRECT] 
2026-07-24 14:45:03,709 [ERROR] LogOutputStream:75 - [STDERR_REDIRECT] Jul 24, 2026 2:45:03 PM java.util.prefs.FileSystemPreferences syncWorld
2026-07-24 14:45:03,709 [ERROR] LogOutputStream:75 - [STDERR_REDIRECT] WARNING: Couldn't flush system prefs: java.util.prefs.BackingStoreException: Couldn't get file lock.
2026-07-24 14:45:03,709 [ERROR] LogOutputStream:75 - [STDERR_REDIRECT] 
2026-07-24 14:45:33,710 [ERROR] LogOutputStream:75 - [STDERR_REDIRECT] Jul 24, 2026 2:45:33 PM java.util.prefs.FileSystemPreferences checkLockFile0ErrorCode
2026-07-24 14:45:33,710 [ERROR] LogOutputStream:75 - [STDERR_REDIRECT] WARNING: Could not lock System prefs. Unix error code 2.
2026-07-24 14:45:33,710 [ERROR] LogOutputStream:75 - [STDERR_REDIRECT] 
2026-07-24 14:45:33,711 [ERROR] LogOutputStream:75 - [STDERR_REDIRECT] Jul 24, 2026 2:45:33 PM java.util.prefs.FileSystemPreferences syncWorld
2026-07-24 14:45:33,711 [ERROR] LogOutputStream:75 - [STDERR_REDIRECT] WARNING: Couldn't flush system prefs: java.util.prefs.BackingStoreException: Couldn't get file lock.
2026-07-24 14:45:33,711 [ERROR] LogOutputStream:75 - [STDERR_REDIRECT] 
2026-07-24 14:46:03,710 [ERROR] LogOutputStream:75 - [STDERR_REDIRECT] Jul 24, 2026 2:46:03 PM java.util.prefs.FileSystemPreferences checkLockFile0ErrorCode
2026-07-24 14:46:03,710 [ERROR] LogOutputStream:75 - [STDERR_REDIRECT] WARNING: Could not lock System prefs. Unix error code 2.
2026-07-24 14:46:03,711 [ERROR] LogOutputStream:75 - [STDERR_REDIRECT] 
2026-07-24 14:46:03,711 [ERROR] LogOutputStream:75 - [STDERR_REDIRECT] Jul 24, 2026 2:46:03 PM java.util.prefs.FileSystemPreferences syncWorld
2026-07-24 14:46:03,711 [ERROR] LogOutputStream:75 - [STDERR_REDIRECT] WARNING: Couldn't flush system prefs: java.util.prefs.BackingStoreException: Couldn't get file lock.
2026-07-24 14:46:03,711 [ERROR] LogOutputStream:75 - [STDERR_REDIRECT] 
2026-07-24 14:46:33,710 [ERROR] LogOutputStream:75 - [STDERR_REDIRECT] Jul 24, 2026 2:46:33 PM java.util.prefs.FileSystemPreferences checkLockFile0ErrorCode
2026-07-24 14:46:33,710 [ERROR] LogOutputStream:75 - [STDERR_REDIRECT] WARNING: Could not lock System prefs. Unix error code 2.
2026-07-24 14:46:33,711 [ERROR] LogOutputStream:75 - [STDERR_REDIRECT] 
2026-07-24 14:46:33,711 [ERROR] LogOutputStream:75 - [STDERR_REDIRECT] Jul 24, 2026 2:46:33 PM java.util.prefs.FileSystemPreferences syncWorld
2026-07-24 14:46:33,711 [ERROR] LogOutputStream:75 - [STDERR_REDIRECT] WARNING: Couldn't flush system prefs: java.util.prefs.BackingStoreException: Couldn't get file lock.
2026-07-24 14:46:33,711 [ERROR] LogOutputStream:75 - [STDERR_REDIRECT] 
2026-07-24 14:47:03,711 [ERROR] LogOutputStream:75 - [STDERR_REDIRECT] Jul 24, 2026 2:47:03 PM java.util.prefs.FileSystemPreferences checkLockFile0ErrorCode
2026-07-24 14:47:03,711 [ERROR] LogOutputStream:75 - [STDERR_REDIRECT] WARNING: Could not lock System prefs. Unix error code 2.
2026-07-24 14:47:03,711 [ERROR] LogOutputStream:75 - [STDERR_REDIRECT] 
2026-07-24 14:47:03,711 [ERROR] LogOutputStream:75 - [STDERR_REDIRECT] Jul 24, 2026 2:47:03 PM java.util.prefs.FileSystemPreferences syncWorld
2026-07-24 14:47:03,711 [ERROR] LogOutputStream:75 - [STDERR_REDIRECT] WARNING: Couldn't flush system prefs: java.util.prefs.BackingStoreException: Couldn't get file lock.
2026-07-24 14:47:03,711 [ERROR] LogOutputStream:75 - [STDERR_REDIRECT] 
2026-07-24 14:47:33,711 [ERROR] LogOutputStream:75 - [STDERR_REDIRECT] Jul 24, 2026 2:47:33 PM java.util.prefs.FileSystemPreferences checkLockFile0ErrorCode
2026-07-24 14:47:33,711 [ERROR] LogOutputStream:75 - [STDERR_REDIRECT] WARNING: Could not lock System prefs. Unix error code 2.
2026-07-24 14:47:33,711 [ERROR] LogOutputStream:75 - [STDERR_REDIRECT] 
2026-07-24 14:47:33,711 [ERROR] LogOutputStream:75 - [STDERR_REDIRECT] Jul 24, 2026 2:47:33 PM java.util.prefs.FileSystemPreferences syncWorld
2026-07-24 14:47:33,712 [ERROR] LogOutputStream:75 - [STDERR_REDIRECT] WARNING: Couldn't flush system prefs: java.util.prefs.BackingStoreException: Couldn't get file lock.
2026-07-24 14:47:33,712 [ERROR] LogOutputStream:75 - [STDERR_REDIRECT] 
2026-07-24 14:48:03,710 [ERROR] LogOutputStream:75 - [STDERR_REDIRECT] Jul 24, 2026 2:48:03 PM java.util.prefs.FileSystemPreferences checkLockFile0ErrorCode
2026-07-24 14:48:03,711 [ERROR] LogOutputStream:75 - [STDERR_REDIRECT] WARNING: Could not lock System prefs. Unix error code 2.
2026-07-24 14:48:03,711 [ERROR] LogOutputStream:75 - [STDERR_REDIRECT] 
2026-07-24 14:48:03,711 [ERROR] LogOutputStream:75 - [STDERR_REDIRECT] Jul 24, 2026 2:48:03 PM java.util.prefs.FileSystemPreferences syncWorld
2026-07-24 14:48:03,711 [ERROR] LogOutputStream:75 - [STDERR_REDIRECT] WARNING: Couldn't flush system prefs: java.util.prefs.BackingStoreException: Couldn't get file lock.
2026-07-24 14:48:03,711 [ERROR] LogOutputStream:75 - [STDERR_REDIRECT] 
2026-07-24 14:48:33,711 [ERROR] LogOutputStream:75 - [STDERR_REDIRECT] Jul 24, 2026 2:48:33 PM java.util.prefs.FileSystemPreferences checkLockFile0ErrorCode
2026-07-24 14:48:33,711 [ERROR] LogOutputStream:75 - [STDERR_REDIRECT] WARNING: Could not lock System prefs. Unix error code 2.
2026-07-24 14:48:33,711 [ERROR] LogOutputStream:75 - [STDERR_REDIRECT] 
2026-07-24 14:48:33,712 [ERROR] LogOutputStream:75 - [STDERR_REDIRECT] Jul 24, 2026 2:48:33 PM java.util.prefs.FileSystemPreferences syncWorld
2026-07-24 14:48:33,712 [ERROR] LogOutputStream:75 - [STDERR_REDIRECT] WARNING: Couldn't flush system prefs: java.util.prefs.BackingStoreException: Couldn't get file lock.
2026-07-24 14:48:33,712 [ERROR] LogOutputStream:75 - [STDERR_REDIRECT] 
2026-07-24 14:49:03,712 [ERROR] LogOutputStream:75 - [STDERR_REDIRECT] Jul 24, 2026 2:49:03 PM java.util.prefs.FileSystemPreferences checkLockFile0ErrorCode
2026-07-24 14:49:03,712 [ERROR] LogOutputStream:75 - [STDERR_REDIRECT] WARNING: Could not lock System prefs. Unix error code 2.
2026-07-24 14:49:03,712 [ERROR] LogOutputStream:75 - [STDERR_REDIRECT] 
2026-07-24 14:49:03,712 [ERROR] LogOutputStream:75 - [STDERR_REDIRECT] Jul 24, 2026 2:49:03 PM java.util.prefs.FileSystemPreferences syncWorld
2026-07-24 14:49:03,712 [ERROR] LogOutputStream:75 - [STDERR_REDIRECT] WARNING: Couldn't flush system prefs: java.util.prefs.BackingStoreException: Couldn't get file lock.
2026-07-24 14:49:03,712 [ERROR] LogOutputStream:75 - [STDERR_REDIRECT] 
2026-07-24 14:49:33,710 [ERROR] LogOutputStream:75 - [STDERR_REDIRECT] Jul 24, 2026 2:49:33 PM java.util.prefs.FileSystemPreferences checkLockFile0ErrorCode
2026-07-24 14:49:33,711 [ERROR] LogOutputStream:75 - [STDERR_REDIRECT] WARNING: Could not lock System prefs. Unix error code 2.
2026-07-24 14:49:33,711 [ERROR] LogOutputStream:75 - [STDERR_REDIRECT] 
2026-07-24 14:49:33,711 [ERROR] LogOutputStream:75 - [STDERR_REDIRECT] Jul 24, 2026 2:49:33 PM java.util.prefs.FileSystemPreferences syncWorld
2026-07-24 14:49:33,711 [ERROR] LogOutputStream:75 - [STDERR_REDIRECT] WARNING: Couldn't flush system prefs: java.util.prefs.BackingStoreException: Couldn't get file lock.
2026-07-24 14:49:33,711 [ERROR] LogOutputStream:75 - [STDERR_REDIRECT] 
2026-07-24 14:50:03,711 [ERROR] LogOutputStream:75 - [STDERR_REDIRECT] Jul 24, 2026 2:50:03 PM java.util.prefs.FileSystemPreferences checkLockFile0ErrorCode
2026-07-24 14:50:03,711 [ERROR] LogOutputStream:75 - [STDERR_REDIRECT] WARNING: Could not lock System prefs. Unix error code 2.
2026-07-24 14:50:03,711 [ERROR] LogOutputStream:75 - [STDERR_REDIRECT] 
2026-07-24 14:50:03,711 [ERROR] LogOutputStream:75 - [STDERR_REDIRECT] Jul 24, 2026 2:50:03 PM java.util.prefs.FileSystemPreferences syncWorld
2026-07-24 14:50:03,712 [ERROR] LogOutputStream:75 - [STDERR_REDIRECT] WARNING: Couldn't flush system prefs: java.util.prefs.BackingStoreException: Couldn't get file lock.
2026-07-24 14:50:03,712 [ERROR] LogOutputStream:75 - [STDERR_REDIRECT] 
2026-07-24 14:50:33,710 [ERROR] LogOutputStream:75 - [STDERR_REDIRECT] Jul 24, 2026 2:50:33 PM java.util.prefs.FileSystemPreferences checkLockFile0ErrorCode
2026-07-24 14:50:33,710 [ERROR] LogOutputStream:75 - [STDERR_REDIRECT] WARNING: Could not lock System prefs. Unix error code 2.
2026-07-24 14:50:33,710 [ERROR] LogOutputStream:75 - [STDERR_REDIRECT] 
2026-07-24 14:50:33,711 [ERROR] LogOutputStream:75 - [STDERR_REDIRECT] Jul 24, 2026 2:50:33 PM java.util.prefs.FileSystemPreferences syncWorld
2026-07-24 14:50:33,711 [ERROR] LogOutputStream:75 - [STDERR_REDIRECT] WARNING: Couldn't flush system prefs: java.util.prefs.BackingStoreException: Couldn't get file lock.
2026-07-24 14:50:33,711 [ERROR] LogOutputStream:75 - [STDERR_REDIRECT] 
2026-07-24 14:51:03,710 [ERROR] LogOutputStream:75 - [STDERR_REDIRECT] Jul 24, 2026 2:51:03 PM java.util.prefs.FileSystemPreferences checkLockFile0ErrorCode
2026-07-24 14:51:03,710 [ERROR] LogOutputStream:75 - [STDERR_REDIRECT] WARNING: Could not lock System prefs. Unix error code 2.
2026-07-24 14:51:03,710 [ERROR] LogOutputStream:75 - [STDERR_REDIRECT] 
2026-07-24 14:51:03,710 [ERROR] LogOutputStream:75 - [STDERR_REDIRECT] Jul 24, 2026 2:51:03 PM java.util.prefs.FileSystemPreferences syncWorld
2026-07-24 14:51:03,710 [ERROR] LogOutputStream:75 - [STDERR_REDIRECT] WARNING: Couldn't flush system prefs: java.util.prefs.BackingStoreException: Couldn't get file lock.
2026-07-24 14:51:03,710 [ERROR] LogOutputStream:75 - [STDERR_REDIRECT] 
2026-07-24 14:51:33,712 [ERROR] LogOutputStream:75 - [STDERR_REDIRECT] Jul 24, 2026 2:51:33 PM java.util.prefs.FileSystemPreferences checkLockFile0ErrorCode
2026-07-24 14:51:33,712 [ERROR] LogOutputStream:75 - [STDERR_REDIRECT] WARNING: Could not lock System prefs. Unix error code 2.
2026-07-24 14:51:33,712 [ERROR] LogOutputStream:75 - [STDERR_REDIRECT] 
2026-07-24 14:51:33,712 [ERROR] LogOutputStream:75 - [STDERR_REDIRECT] Jul 24, 2026 2:51:33 PM java.util.prefs.FileSystemPreferences syncWorld
2026-07-24 14:51:33,712 [ERROR] LogOutputStream:75 - [STDERR_REDIRECT] WARNING: Couldn't flush system prefs: java.util.prefs.BackingStoreException: Couldn't get file lock.
2026-07-24 14:51:33,712 [ERROR] LogOutputStream:75 - [STDERR_REDIRECT] 
2026-07-24 14:52:03,713 [ERROR] LogOutputStream:75 - [STDERR_REDIRECT] Jul 24, 2026 2:52:03 PM java.util.prefs.FileSystemPreferences checkLockFile0ErrorCode
2026-07-24 14:52:03,713 [ERROR] LogOutputStream:75 - [STDERR_REDIRECT] WARNING: Could not lock System prefs. Unix error code 2.
2026-07-24 14:52:03,713 [ERROR] LogOutputStream:75 - [STDERR_REDIRECT] 
2026-07-24 14:52:03,713 [ERROR] LogOutputStream:75 - [STDERR_REDIRECT] Jul 24, 2026 2:52:03 PM java.util.prefs.FileSystemPreferences syncWorld
2026-07-24 14:52:03,713 [ERROR] LogOutputStream:75 - [STDERR_REDIRECT] WARNING: Couldn't flush system prefs: java.util.prefs.BackingStoreException: Couldn't get file lock.
2026-07-24 14:52:03,713 [ERROR] LogOutputStream:75 - [STDERR_REDIRECT] 
2026-07-24 14:52:33,712 [ERROR] LogOutputStream:75 - [STDERR_REDIRECT] Jul 24, 2026 2:52:33 PM java.util.prefs.FileSystemPreferences checkLockFile0ErrorCode
2026-07-24 14:52:33,712 [ERROR] LogOutputStream:75 - [STDERR_REDIRECT] WARNING: Could not lock System prefs. Unix error code 2.
2026-07-24 14:52:33,713 [ERROR] LogOutputStream:75 - [STDERR_REDIRECT] 
2026-07-24 14:52:33,713 [ERROR] LogOutputStream:75 - [STDERR_REDIRECT] Jul 24, 2026 2:52:33 PM java.util.prefs.FileSystemPreferences syncWorld
2026-07-24 14:52:33,713 [ERROR] LogOutputStream:75 - [STDERR_REDIRECT] WARNING: Couldn't flush system prefs: java.util.prefs.BackingStoreException: Couldn't get file lock.
2026-07-24 14:52:33,713 [ERROR] LogOutputStream:75 - [STDERR_REDIRECT] 
2026-07-24 14:53:03,714 [ERROR] LogOutputStream:75 - [STDERR_REDIRECT] Jul 24, 2026 2:53:03 PM java.util.prefs.FileSystemPreferences checkLockFile0ErrorCode
2026-07-24 14:53:03,715 [ERROR] LogOutputStream:75 - [STDERR_REDIRECT] WARNING: Could not lock System prefs. Unix error code 2.
2026-07-24 14:53:03,715 [ERROR] LogOutputStream:75 - [STDERR_REDIRECT] 
2026-07-24 14:53:03,715 [ERROR] LogOutputStream:75 - [STDERR_REDIRECT] Jul 24, 2026 2:53:03 PM java.util.prefs.FileSystemPreferences syncWorld
2026-07-24 14:53:03,716 [ERROR] LogOutputStream:75 - [STDERR_REDIRECT] WARNING: Couldn't flush system prefs: java.util.prefs.BackingStoreException: Couldn't get file lock.
2026-07-24 14:53:03,716 [ERROR] LogOutputStream:75 - [STDERR_REDIRECT] 
2026-07-24 14:53:33,715 [ERROR] LogOutputStream:75 - [STDERR_REDIRECT] Jul 24, 2026 2:53:33 PM java.util.prefs.FileSystemPreferences checkLockFile0ErrorCode
2026-07-24 14:53:33,715 [ERROR] LogOutputStream:75 - [STDERR_REDIRECT] WARNING: Could not lock System prefs. Unix error code 2.
2026-07-24 14:53:33,715 [ERROR] LogOutputStream:75 - [STDERR_REDIRECT] 
2026-07-24 14:53:33,716 [ERROR] LogOutputStream:75 - [STDERR_REDIRECT] Jul 24, 2026 2:53:33 PM java.util.prefs.FileSystemPreferences syncWorld
2026-07-24 14:53:33,716 [ERROR] LogOutputStream:75 - [STDERR_REDIRECT] WARNING: Couldn't flush system prefs: java.util.prefs.BackingStoreException: Couldn't get file lock.
2026-07-24 14:53:33,716 [ERROR] LogOutputStream:75 - [STDERR_REDIRECT] 
2026-07-24 14:54:03,716 [ERROR] LogOutputStream:75 - [STDERR_REDIRECT] Jul 24, 2026 2:54:03 PM java.util.prefs.FileSystemPreferences checkLockFile0ErrorCode
2026-07-24 14:54:03,716 [ERROR] LogOutputStream:75 - [STDERR_REDIRECT] WARNING: Could not lock System prefs. Unix error code 2.
2026-07-24 14:54:03,716 [ERROR] LogOutputStream:75 - [STDERR_REDIRECT] 
2026-07-24 14:54:03,716 [ERROR] LogOutputStream:75 - [STDERR_REDIRECT] Jul 24, 2026 2:54:03 PM java.util.prefs.FileSystemPreferences syncWorld
2026-07-24 14:54:03,716 [ERROR] LogOutputStream:75 - [STDERR_REDIRECT] WARNING: Couldn't flush system prefs: java.util.prefs.BackingStoreException: Couldn't get file lock.
2026-07-24 14:54:03,716 [ERROR] LogOutputStream:75 - [STDERR_REDIRECT] 
2026-07-24 14:54:33,716 [ERROR] LogOutputStream:75 - [STDERR_REDIRECT] Jul 24, 2026 2:54:33 PM java.util.prefs.FileSystemPreferences checkLockFile0ErrorCode
2026-07-24 14:54:33,716 [ERROR] LogOutputStream:75 - [STDERR_REDIRECT] WARNING: Could not lock System prefs. Unix error code 2.
2026-07-24 14:54:33,716 [ERROR] LogOutputStream:75 - [STDERR_REDIRECT] 
2026-07-24 14:54:33,716 [ERROR] LogOutputStream:75 - [STDERR_REDIRECT] Jul 24, 2026 2:54:33 PM java.util.prefs.FileSystemPreferences syncWorld
2026-07-24 14:54:33,716 [ERROR] LogOutputStream:75 - [STDERR_REDIRECT] WARNING: Couldn't flush system prefs: java.util.prefs.BackingStoreException: Couldn't get file lock.
2026-07-24 14:54:33,717 [ERROR] LogOutputStream:75 - [STDERR_REDIRECT] 
2026-07-24 14:55:03,716 [ERROR] LogOutputStream:75 - [STDERR_REDIRECT] Jul 24, 2026 2:55:03 PM java.util.prefs.FileSystemPreferences checkLockFile0ErrorCode
2026-07-24 14:55:03,716 [ERROR] LogOutputStream:75 - [STDERR_REDIRECT] WARNING: Could not lock System prefs. Unix error code 2.
2026-07-24 14:55:03,716 [ERROR] LogOutputStream:75 - [STDERR_REDIRECT] 
2026-07-24 14:55:03,716 [ERROR] LogOutputStream:75 - [STDERR_REDIRECT] Jul 24, 2026 2:55:03 PM java.util.prefs.FileSystemPreferences syncWorld
2026-07-24 14:55:03,716 [ERROR] LogOutputStream:75 - [STDERR_REDIRECT] WARNING: Couldn't flush system prefs: java.util.prefs.BackingStoreException: Couldn't get file lock.
2026-07-24 14:55:03,717 [ERROR] LogOutputStream:75 - [STDERR_REDIRECT] 
2026-07-24 14:55:33,716 [ERROR] LogOutputStream:75 - [STDERR_REDIRECT] Jul 24, 2026 2:55:33 PM java.util.prefs.FileSystemPreferences checkLockFile0ErrorCode
2026-07-24 14:55:33,717 [ERROR] LogOutputStream:75 - [STDERR_REDIRECT] WARNING: Could not lock System prefs. Unix error code 2.
2026-07-24 14:55:33,717 [ERROR] LogOutputStream:75 - [STDERR_REDIRECT] 
2026-07-24 14:55:33,717 [ERROR] LogOutputStream:75 - [STDERR_REDIRECT] Jul 24, 2026 2:55:33 PM java.util.prefs.FileSystemPreferences syncWorld
2026-07-24 14:55:33,717 [ERROR] LogOutputStream:75 - [STDERR_REDIRECT] WARNING: Couldn't flush system prefs: java.util.prefs.BackingStoreException: Couldn't get file lock.
2026-07-24 14:55:33,717 [ERROR] LogOutputStream:75 - [STDERR_REDIRECT] 
2026-07-24 14:56:03,716 [ERROR] LogOutputStream:75 - [STDERR_REDIRECT] Jul 24, 2026 2:56:03 PM java.util.prefs.FileSystemPreferences checkLockFile0ErrorCode
2026-07-24 14:56:03,716 [ERROR] LogOutputStream:75 - [STDERR_REDIRECT] WARNING: Could not lock System prefs. Unix error code 2.
2026-07-24 14:56:03,716 [ERROR] LogOutputStream:75 - [STDERR_REDIRECT] 
2026-07-24 14:56:03,717 [ERROR] LogOutputStream:75 - [STDERR_REDIRECT] Jul 24, 2026 2:56:03 PM java.util.prefs.FileSystemPreferences syncWorld
2026-07-24 14:56:03,717 [ERROR] LogOutputStream:75 - [STDERR_REDIRECT] WARNING: Couldn't flush system prefs: java.util.prefs.BackingStoreException: Couldn't get file lock.
2026-07-24 14:56:03,717 [ERROR] LogOutputStream:75 - [STDERR_REDIRECT] 
2026-07-24 14:56:33,717 [ERROR] LogOutputStream:75 - [STDERR_REDIRECT] Jul 24, 2026 2:56:33 PM java.util.prefs.FileSystemPreferences checkLockFile0ErrorCode
2026-07-24 14:56:33,717 [ERROR] LogOutputStream:75 - [STDERR_REDIRECT] WARNING: Could not lock System prefs. Unix error code 2.
2026-07-24 14:56:33,717 [ERROR] LogOutputStream:75 - [STDERR_REDIRECT] 
2026-07-24 14:56:33,718 [ERROR] LogOutputStream:75 - [STDERR_REDIRECT] Jul 24, 2026 2:56:33 PM java.util.prefs.FileSystemPreferences syncWorld
2026-07-24 14:56:33,718 [ERROR] LogOutputStream:75 - [STDERR_REDIRECT] WARNING: Couldn't flush system prefs: java.util.prefs.BackingStoreException: Couldn't get file lock.
2026-07-24 14:56:33,718 [ERROR] LogOutputStream:75 - [STDERR_REDIRECT] 
2026-07-24 14:57:03,715 [ERROR] LogOutputStream:75 - [STDERR_REDIRECT] Jul 24, 2026 2:57:03 PM java.util.prefs.FileSystemPreferences checkLockFile0ErrorCode
2026-07-24 14:57:03,715 [ERROR] LogOutputStream:75 - [STDERR_REDIRECT] WARNING: Could not lock System prefs. Unix error code 2.
2026-07-24 14:57:03,715 [ERROR] LogOutputStream:75 - [STDERR_REDIRECT] 
2026-07-24 14:57:03,715 [ERROR] LogOutputStream:75 - [STDERR_REDIRECT] Jul 24, 2026 2:57:03 PM java.util.prefs.FileSystemPreferences syncWorld
2026-07-24 14:57:03,715 [ERROR] LogOutputStream:75 - [STDERR_REDIRECT] WARNING: Couldn't flush system prefs: java.util.prefs.BackingStoreException: Couldn't get file lock.
2026-07-24 14:57:03,716 [ERROR] LogOutputStream:75 - [STDERR_REDIRECT] 
2026-07-24 14:57:33,715 [ERROR] LogOutputStream:75 - [STDERR_REDIRECT] Jul 24, 2026 2:57:33 PM java.util.prefs.FileSystemPreferences checkLockFile0ErrorCode
2026-07-24 14:57:33,716 [ERROR] LogOutputStream:75 - [STDERR_REDIRECT] WARNING: Could not lock System prefs. Unix error code 2.
2026-07-24 14:57:33,716 [ERROR] LogOutputStream:75 - [STDERR_REDIRECT] 
2026-07-24 14:57:33,716 [ERROR] LogOutputStream:75 - [STDERR_REDIRECT] Jul 24, 2026 2:57:33 PM java.util.prefs.FileSystemPreferences syncWorld
2026-07-24 14:57:33,716 [ERROR] LogOutputStream:75 - [STDERR_REDIRECT] WARNING: Couldn't flush system prefs: java.util.prefs.BackingStoreException: Couldn't get file lock.
2026-07-24 14:57:33,717 [ERROR] LogOutputStream:75 - [STDERR_REDIRECT] 
2026-07-24 14:58:03,716 [ERROR] LogOutputStream:75 - [STDERR_REDIRECT] Jul 24, 2026 2:58:03 PM java.util.prefs.FileSystemPreferences checkLockFile0ErrorCode
2026-07-24 14:58:03,717 [ERROR] LogOutputStream:75 - [STDERR_REDIRECT] WARNING: Could not lock System prefs. Unix error code 2.
2026-07-24 14:58:03,717 [ERROR] LogOutputStream:75 - [STDERR_REDIRECT] 
2026-07-24 14:58:03,717 [ERROR] LogOutputStream:75 - [STDERR_REDIRECT] Jul 24, 2026 2:58:03 PM java.util.prefs.FileSystemPreferences syncWorld
2026-07-24 14:58:03,717 [ERROR] LogOutputStream:75 - [STDERR_REDIRECT] WARNING: Couldn't flush system prefs: java.util.prefs.BackingStoreException: Couldn't get file lock.
2026-07-24 14:58:03,717 [ERROR] LogOutputStream:75 - [STDERR_REDIRECT] 
2026-07-24 14:58:33,714 [ERROR] LogOutputStream:75 - [STDERR_REDIRECT] Jul 24, 2026 2:58:33 PM java.util.prefs.FileSystemPreferences checkLockFile0ErrorCode
2026-07-24 14:58:33,715 [ERROR] LogOutputStream:75 - [STDERR_REDIRECT] WARNING: Could not lock System prefs. Unix error code 2.
2026-07-24 14:58:33,715 [ERROR] LogOutputStream:75 - [STDERR_REDIRECT] 
2026-07-24 14:58:33,715 [ERROR] LogOutputStream:75 - [STDERR_REDIRECT] Jul 24, 2026 2:58:33 PM java.util.prefs.FileSystemPreferences syncWorld
2026-07-24 14:58:33,715 [ERROR] LogOutputStream:75 - [STDERR_REDIRECT] WARNING: Couldn't flush system prefs: java.util.prefs.BackingStoreException: Couldn't get file lock.
2026-07-24 14:58:33,715 [ERROR] LogOutputStream:75 - [STDERR_REDIRECT] 
2026-07-24 14:59:03,716 [ERROR] LogOutputStream:75 - [STDERR_REDIRECT] Jul 24, 2026 2:59:03 PM java.util.prefs.FileSystemPreferences checkLockFile0ErrorCode
2026-07-24 14:59:03,716 [ERROR] LogOutputStream:75 - [STDERR_REDIRECT] WARNING: Could not lock System prefs. Unix error code 2.
2026-07-24 14:59:03,716 [ERROR] LogOutputStream:75 - [STDERR_REDIRECT] 
2026-07-24 14:59:03,716 [ERROR] LogOutputStream:75 - [STDERR_REDIRECT] Jul 24, 2026 2:59:03 PM java.util.prefs.FileSystemPreferences syncWorld
2026-07-24 14:59:03,716 [ERROR] LogOutputStream:75 - [STDERR_REDIRECT] WARNING: Couldn't flush system prefs: java.util.prefs.BackingStoreException: Couldn't get file lock.
2026-07-24 14:59:03,717 [ERROR] LogOutputStream:75 - [STDERR_REDIRECT] 
2026-07-24 14:59:33,715 [ERROR] LogOutputStream:75 - [STDERR_REDIRECT] Jul 24, 2026 2:59:33 PM java.util.prefs.FileSystemPreferences checkLockFile0ErrorCode
2026-07-24 14:59:33,715 [ERROR] LogOutputStream:75 - [STDERR_REDIRECT] WARNING: Could not lock System prefs. Unix error code 2.
2026-07-24 14:59:33,715 [ERROR] LogOutputStream:75 - [STDERR_REDIRECT] 
2026-07-24 14:59:33,716 [ERROR] LogOutputStream:75 - [STDERR_REDIRECT] Jul 24, 2026 2:59:33 PM java.util.prefs.FileSystemPreferences syncWorld
2026-07-24 14:59:33,716 [ERROR] LogOutputStream:75 - [STDERR_REDIRECT] WARNING: Couldn't flush system prefs: java.util.prefs.BackingStoreException: Couldn't get file lock.
2026-07-24 14:59:33,716 [ERROR] LogOutputStream:75 - [STDERR_REDIRECT] 
2026-07-24 15:00:03,715 [ERROR] LogOutputStream:75 - [STDERR_REDIRECT] Jul 24, 2026 3:00:03 PM java.util.prefs.FileSystemPreferences checkLockFile0ErrorCode
2026-07-24 15:00:03,716 [ERROR] LogOutputStream:75 - [STDERR_REDIRECT] WARNING: Could not lock System prefs. Unix error code 2.
2026-07-24 15:00:03,716 [ERROR] LogOutputStream:75 - [STDERR_REDIRECT] 
2026-07-24 15:00:03,716 [ERROR] LogOutputStream:75 - [STDERR_REDIRECT] Jul 24, 2026 3:00:03 PM java.util.prefs.FileSystemPreferences syncWorld
2026-07-24 15:00:03,716 [ERROR] LogOutputStream:75 - [STDERR_REDIRECT] WARNING: Couldn't flush system prefs: java.util.prefs.BackingStoreException: Couldn't get file lock.
2026-07-24 15:00:03,716 [ERROR] LogOutputStream:75 - [STDERR_REDIRECT] 
2026-07-24 15:00:33,716 [ERROR] LogOutputStream:75 - [STDERR_REDIRECT] Jul 24, 2026 3:00:33 PM java.util.prefs.FileSystemPreferences checkLockFile0ErrorCode
2026-07-24 15:00:33,717 [ERROR] LogOutputStream:75 - [STDERR_REDIRECT] WARNING: Could not lock System prefs. Unix error code 2.
2026-07-24 15:00:33,717 [ERROR] LogOutputStream:75 - [STDERR_REDIRECT] 
2026-07-24 15:00:33,717 [ERROR] LogOutputStream:75 - [STDERR_REDIRECT] Jul 24, 2026 3:00:33 PM java.util.prefs.FileSystemPreferences syncWorld
2026-07-24 15:00:33,717 [ERROR] LogOutputStream:75 - [STDERR_REDIRECT] WARNING: Couldn't flush system prefs: java.util.prefs.BackingStoreException: Couldn't get file lock.
2026-07-24 15:00:33,717 [ERROR] LogOutputStream:75 - [STDERR_REDIRECT] 
2026-07-24 15:01:03,718 [ERROR] LogOutputStream:75 - [STDERR_REDIRECT] Jul 24, 2026 3:01:03 PM java.util.prefs.FileSystemPreferences checkLockFile0ErrorCode
2026-07-24 15:01:03,718 [ERROR] LogOutputStream:75 - [STDERR_REDIRECT] WARNING: Could not lock System prefs. Unix error code 2.
2026-07-24 15:01:03,718 [ERROR] LogOutputStream:75 - [STDERR_REDIRECT] 
2026-07-24 15:01:03,718 [ERROR] LogOutputStream:75 - [STDERR_REDIRECT] Jul 24, 2026 3:01:03 PM java.util.prefs.FileSystemPreferences syncWorld
2026-07-24 15:01:03,719 [ERROR] LogOutputStream:75 - [STDERR_REDIRECT] WARNING: Couldn't flush system prefs: java.util.prefs.BackingStoreException: Couldn't get file lock.
2026-07-24 15:01:03,719 [ERROR] LogOutputStream:75 - [STDERR_REDIRECT] 
2026-07-24 15:01:33,718 [ERROR] LogOutputStream:75 - [STDERR_REDIRECT] Jul 24, 2026 3:01:33 PM java.util.prefs.FileSystemPreferences checkLockFile0ErrorCode
2026-07-24 15:01:33,719 [ERROR] LogOutputStream:75 - [STDERR_REDIRECT] WARNING: Could not lock System prefs. Unix error code 2.
2026-07-24 15:01:33,719 [ERROR] LogOutputStream:75 - [STDERR_REDIRECT] 
2026-07-24 15:01:33,719 [ERROR] LogOutputStream:75 - [STDERR_REDIRECT] Jul 24, 2026 3:01:33 PM java.util.prefs.FileSystemPreferences syncWorld
2026-07-24 15:01:33,719 [ERROR] LogOutputStream:75 - [STDERR_REDIRECT] WARNING: Couldn't flush system prefs: java.util.prefs.BackingStoreException: Couldn't get file lock.
2026-07-24 15:01:33,719 [ERROR] LogOutputStream:75 - [STDERR_REDIRECT] 
2026-07-24 15:02:03,718 [ERROR] LogOutputStream:75 - [STDERR_REDIRECT] Jul 24, 2026 3:02:03 PM java.util.prefs.FileSystemPreferences checkLockFile0ErrorCode
2026-07-24 15:02:03,719 [ERROR] LogOutputStream:75 - [STDERR_REDIRECT] WARNING: Could not lock System prefs. Unix error code 2.
2026-07-24 15:02:03,719 [ERROR] LogOutputStream:75 - [STDERR_REDIRECT] 
2026-07-24 15:02:03,719 [ERROR] LogOutputStream:75 - [STDERR_REDIRECT] Jul 24, 2026 3:02:03 PM java.util.prefs.FileSystemPreferences syncWorld
2026-07-24 15:02:03,719 [ERROR] LogOutputStream:75 - [STDERR_REDIRECT] WARNING: Couldn't flush system prefs: java.util.prefs.BackingStoreException: Couldn't get file lock.
2026-07-24 15:02:03,719 [ERROR] LogOutputStream:75 - [STDERR_REDIRECT] 
2026-07-24 15:02:33,718 [ERROR] LogOutputStream:75 - [STDERR_REDIRECT] Jul 24, 2026 3:02:33 PM java.util.prefs.FileSystemPreferences checkLockFile0ErrorCode
2026-07-24 15:02:33,719 [ERROR] LogOutputStream:75 - [STDERR_REDIRECT] WARNING: Could not lock System prefs. Unix error code 2.
2026-07-24 15:02:33,719 [ERROR] LogOutputStream:75 - [STDERR_REDIRECT] 
2026-07-24 15:02:33,719 [ERROR] LogOutputStream:75 - [STDERR_REDIRECT] Jul 24, 2026 3:02:33 PM java.util.prefs.FileSystemPreferences syncWorld
2026-07-24 15:02:33,719 [ERROR] LogOutputStream:75 - [STDERR_REDIRECT] WARNING: Couldn't flush system prefs: java.util.prefs.BackingStoreException: Couldn't get file lock.
2026-07-24 15:02:33,720 [ERROR] LogOutputStream:75 - [STDERR_REDIRECT] 
2026-07-24 15:03:03,718 [ERROR] LogOutputStream:75 - [STDERR_REDIRECT] Jul 24, 2026 3:03:03 PM java.util.prefs.FileSystemPreferences checkLockFile0ErrorCode
2026-07-24 15:03:03,718 [ERROR] LogOutputStream:75 - [STDERR_REDIRECT] WARNING: Could not lock System prefs. Unix error code 2.
2026-07-24 15:03:03,718 [ERROR] LogOutputStream:75 - [STDERR_REDIRECT] 
2026-07-24 15:03:03,719 [ERROR] LogOutputStream:75 - [STDERR_REDIRECT] Jul 24, 2026 3:03:03 PM java.util.prefs.FileSystemPreferences syncWorld
2026-07-24 15:03:03,719 [ERROR] LogOutputStream:75 - [STDERR_REDIRECT] WARNING: Couldn't flush system prefs: java.util.prefs.BackingStoreException: Couldn't get file lock.
2026-07-24 15:03:03,719 [ERROR] LogOutputStream:75 - [STDERR_REDIRECT] 
2026-07-24 15:03:33,718 [ERROR] LogOutputStream:75 - [STDERR_REDIRECT] Jul 24, 2026 3:03:33 PM java.util.prefs.FileSystemPreferences checkLockFile0ErrorCode
2026-07-24 15:03:33,719 [ERROR] LogOutputStream:75 - [STDERR_REDIRECT] WARNING: Could not lock System prefs. Unix error code 2.
2026-07-24 15:03:33,719 [ERROR] LogOutputStream:75 - [STDERR_REDIRECT] 
2026-07-24 15:03:33,719 [ERROR] LogOutputStream:75 - [STDERR_REDIRECT] Jul 24, 2026 3:03:33 PM java.util.prefs.FileSystemPreferences syncWorld
2026-07-24 15:03:33,719 [ERROR] LogOutputStream:75 - [STDERR_REDIRECT] WARNING: Couldn't flush system prefs: java.util.prefs.BackingStoreException: Couldn't get file lock.
2026-07-24 15:03:33,719 [ERROR] LogOutputStream:75 - [STDERR_REDIRECT] 
2026-07-24 15:04:03,718 [ERROR] LogOutputStream:75 - [STDERR_REDIRECT] Jul 24, 2026 3:04:03 PM java.util.prefs.FileSystemPreferences checkLockFile0ErrorCode
2026-07-24 15:04:03,718 [ERROR] LogOutputStream:75 - [STDERR_REDIRECT] WARNING: Could not lock System prefs. Unix error code 2.
2026-07-24 15:04:03,718 [ERROR] LogOutputStream:75 - [STDERR_REDIRECT] 
2026-07-24 15:04:03,718 [ERROR] LogOutputStream:75 - [STDERR_REDIRECT] Jul 24, 2026 3:04:03 PM java.util.prefs.FileSystemPreferences syncWorld
2026-07-24 15:04:03,718 [ERROR] LogOutputStream:75 - [STDERR_REDIRECT] WARNING: Couldn't flush system prefs: java.util.prefs.BackingStoreException: Couldn't get file lock.
2026-07-24 15:04:03,718 [ERROR] LogOutputStream:75 - [STDERR_REDIRECT] 
2026-07-24 15:04:33,720 [ERROR] LogOutputStream:75 - [STDERR_REDIRECT] Jul 24, 2026 3:04:33 PM java.util.prefs.FileSystemPreferences checkLockFile0ErrorCode
2026-07-24 15:04:33,720 [ERROR] LogOutputStream:75 - [STDERR_REDIRECT] WARNING: Could not lock System prefs. Unix error code 2.
2026-07-24 15:04:33,720 [ERROR] LogOutputStream:75 - [STDERR_REDIRECT] 
2026-07-24 15:04:33,720 [ERROR] LogOutputStream:75 - [STDERR_REDIRECT] Jul 24, 2026 3:04:33 PM java.util.prefs.FileSystemPreferences syncWorld
2026-07-24 15:04:33,720 [ERROR] LogOutputStream:75 - [STDERR_REDIRECT] WARNING: Couldn't flush system prefs: java.util.prefs.BackingStoreException: Couldn't get file lock.
2026-07-24 15:04:33,720 [ERROR] LogOutputStream:75 - [STDERR_REDIRECT] 
2026-07-24 15:05:03,720 [ERROR] LogOutputStream:75 - [STDERR_REDIRECT] Jul 24, 2026 3:05:03 PM java.util.prefs.FileSystemPreferences checkLockFile0ErrorCode
2026-07-24 15:05:03,720 [ERROR] LogOutputStream:75 - [STDERR_REDIRECT] WARNING: Could not lock System prefs. Unix error code 2.
2026-07-24 15:05:03,720 [ERROR] LogOutputStream:75 - [STDERR_REDIRECT] 
2026-07-24 15:05:03,721 [ERROR] LogOutputStream:75 - [STDERR_REDIRECT] Jul 24, 2026 3:05:03 PM java.util.prefs.FileSystemPreferences syncWorld
2026-07-24 15:05:03,721 [ERROR] LogOutputStream:75 - [STDERR_REDIRECT] WARNING: Couldn't flush system prefs: java.util.prefs.BackingStoreException: Couldn't get file lock.
2026-07-24 15:05:03,721 [ERROR] LogOutputStream:75 - [STDERR_REDIRECT] 
2026-07-24 15:05:33,719 [ERROR] LogOutputStream:75 - [STDERR_REDIRECT] Jul 24, 2026 3:05:33 PM java.util.prefs.FileSystemPreferences checkLockFile0ErrorCode
2026-07-24 15:05:33,720 [ERROR] LogOutputStream:75 - [STDERR_REDIRECT] WARNING: Could not lock System prefs. Unix error code 2.
2026-07-24 15:05:33,720 [ERROR] LogOutputStream:75 - [STDERR_REDIRECT] 
2026-07-24 15:05:33,720 [ERROR] LogOutputStream:75 - [STDERR_REDIRECT] Jul 24, 2026 3:05:33 PM java.util.prefs.FileSystemPreferences syncWorld
2026-07-24 15:05:33,720 [ERROR] LogOutputStream:75 - [STDERR_REDIRECT] WARNING: Couldn't flush system prefs: java.util.prefs.BackingStoreException: Couldn't get file lock.
2026-07-24 15:05:33,721 [ERROR] LogOutputStream:75 - [STDERR_REDIRECT] 
2026-07-24 15:06:03,720 [ERROR] LogOutputStream:75 - [STDERR_REDIRECT] Jul 24, 2026 3:06:03 PM java.util.prefs.FileSystemPreferences checkLockFile0ErrorCode
2026-07-24 15:06:03,720 [ERROR] LogOutputStream:75 - [STDERR_REDIRECT] WARNING: Could not lock System prefs. Unix error code 2.
2026-07-24 15:06:03,720 [ERROR] LogOutputStream:75 - [STDERR_REDIRECT] 
2026-07-24 15:06:03,721 [ERROR] LogOutputStream:75 - [STDERR_REDIRECT] Jul 24, 2026 3:06:03 PM java.util.prefs.FileSystemPreferences syncWorld
2026-07-24 15:06:03,721 [ERROR] LogOutputStream:75 - [STDERR_REDIRECT] WARNING: Couldn't flush system prefs: java.util.prefs.BackingStoreException: Couldn't get file lock.
2026-07-24 15:06:03,721 [ERROR] LogOutputStream:75 - [STDERR_REDIRECT] 
2026-07-24 15:06:33,720 [ERROR] LogOutputStream:75 - [STDERR_REDIRECT] Jul 24, 2026 3:06:33 PM java.util.prefs.FileSystemPreferences checkLockFile0ErrorCode
2026-07-24 15:06:33,721 [ERROR] LogOutputStream:75 - [STDERR_REDIRECT] WARNING: Could not lock System prefs. Unix error code 2.
2026-07-24 15:06:33,721 [ERROR] LogOutputStream:75 - [STDERR_REDIRECT] 
2026-07-24 15:06:33,721 [ERROR] LogOutputStream:75 - [STDERR_REDIRECT] Jul 24, 2026 3:06:33 PM java.util.prefs.FileSystemPreferences syncWorld
2026-07-24 15:06:33,722 [ERROR] LogOutputStream:75 - [STDERR_REDIRECT] WARNING: Couldn't flush system prefs: java.util.prefs.BackingStoreException: Couldn't get file lock.
2026-07-24 15:06:33,722 [ERROR] LogOutputStream:75 - [STDERR_REDIRECT] 
2026-07-24 15:07:03,720 [ERROR] LogOutputStream:75 - [STDERR_REDIRECT] Jul 24, 2026 3:07:03 PM java.util.prefs.FileSystemPreferences checkLockFile0ErrorCode
2026-07-24 15:07:03,720 [ERROR] LogOutputStream:75 - [STDERR_REDIRECT] WARNING: Could not lock System prefs. Unix error code 2.
2026-07-24 15:07:03,720 [ERROR] LogOutputStream:75 - [STDERR_REDIRECT] 
2026-07-24 15:07:03,720 [ERROR] LogOutputStream:75 - [STDERR_REDIRECT] Jul 24, 2026 3:07:03 PM java.util.prefs.FileSystemPreferences syncWorld
2026-07-24 15:07:03,720 [ERROR] LogOutputStream:75 - [STDERR_REDIRECT] WARNING: Couldn't flush system prefs: java.util.prefs.BackingStoreException: Couldn't get file lock.
2026-07-24 15:07:03,721 [ERROR] LogOutputStream:75 - [STDERR_REDIRECT] 
2026-07-24 15:07:33,720 [ERROR] LogOutputStream:75 - [STDERR_REDIRECT] Jul 24, 2026 3:07:33 PM java.util.prefs.FileSystemPreferences checkLockFile0ErrorCode
2026-07-24 15:07:33,720 [ERROR] LogOutputStream:75 - [STDERR_REDIRECT] WARNING: Could not lock System prefs. Unix error code 2.
2026-07-24 15:07:33,720 [ERROR] LogOutputStream:75 - [STDERR_REDIRECT] 
2026-07-24 15:07:33,720 [ERROR] LogOutputStream:75 - [STDERR_REDIRECT] Jul 24, 2026 3:07:33 PM java.util.prefs.FileSystemPreferences syncWorld
2026-07-24 15:07:33,721 [ERROR] LogOutputStream:75 - [STDERR_REDIRECT] WARNING: Couldn't flush system prefs: java.util.prefs.BackingStoreException: Couldn't get file lock.
2026-07-24 15:07:33,721 [ERROR] LogOutputStream:75 - [STDERR_REDIRECT] 
2026-07-24 15:08:03,720 [ERROR] LogOutputStream:75 - [STDERR_REDIRECT] Jul 24, 2026 3:08:03 PM java.util.prefs.FileSystemPreferences checkLockFile0ErrorCode
2026-07-24 15:08:03,720 [ERROR] LogOutputStream:75 - [STDERR_REDIRECT] WARNING: Could not lock System prefs. Unix error code 2.
2026-07-24 15:08:03,720 [ERROR] LogOutputStream:75 - [STDERR_REDIRECT] 
2026-07-24 15:08:03,721 [ERROR] LogOutputStream:75 - [STDERR_REDIRECT] Jul 24, 2026 3:08:03 PM java.util.prefs.FileSystemPreferences syncWorld
2026-07-24 15:08:03,721 [ERROR] LogOutputStream:75 - [STDERR_REDIRECT] WARNING: Couldn't flush system prefs: java.util.prefs.BackingStoreException: Couldn't get file lock.
2026-07-24 15:08:03,721 [ERROR] LogOutputStream:75 - [STDERR_REDIRECT] 
2026-07-24 15:08:33,721 [ERROR] LogOutputStream:75 - [STDERR_REDIRECT] Jul 24, 2026 3:08:33 PM java.util.prefs.FileSystemPreferences checkLockFile0ErrorCode
2026-07-24 15:08:33,721 [ERROR] LogOutputStream:75 - [STDERR_REDIRECT] WARNING: Could not lock System prefs. Unix error code 2.
2026-07-24 15:08:33,721 [ERROR] LogOutputStream:75 - [STDERR_REDIRECT] 
2026-07-24 15:08:33,721 [ERROR] LogOutputStream:75 - [STDERR_REDIRECT] Jul 24, 2026 3:08:33 PM java.util.prefs.FileSystemPreferences syncWorld
2026-07-24 15:08:33,721 [ERROR] LogOutputStream:75 - [STDERR_REDIRECT] WARNING: Couldn't flush system prefs: java.util.prefs.BackingStoreException: Couldn't get file lock.
2026-07-24 15:08:33,721 [ERROR] LogOutputStream:75 - [STDERR_REDIRECT] 
2026-07-24 15:09:03,721 [ERROR] LogOutputStream:75 - [STDERR_REDIRECT] Jul 24, 2026 3:09:03 PM java.util.prefs.FileSystemPreferences checkLockFile0ErrorCode
2026-07-24 15:09:03,721 [ERROR] LogOutputStream:75 - [STDERR_REDIRECT] WARNING: Could not lock System prefs. Unix error code 2.
2026-07-24 15:09:03,721 [ERROR] LogOutputStream:75 - [STDERR_REDIRECT] 
2026-07-24 15:09:03,721 [ERROR] LogOutputStream:75 - [STDERR_REDIRECT] Jul 24, 2026 3:09:03 PM java.util.prefs.FileSystemPreferences syncWorld
2026-07-24 15:09:03,721 [ERROR] LogOutputStream:75 - [STDERR_REDIRECT] WARNING: Couldn't flush system prefs: java.util.prefs.BackingStoreException: Couldn't get file lock.
2026-07-24 15:09:03,721 [ERROR] LogOutputStream:75 - [STDERR_REDIRECT] 
2026-07-24 15:09:33,721 [ERROR] LogOutputStream:75 - [STDERR_REDIRECT] Jul 24, 2026 3:09:33 PM java.util.prefs.FileSystemPreferences checkLockFile0ErrorCode
2026-07-24 15:09:33,721 [ERROR] LogOutputStream:75 - [STDERR_REDIRECT] WARNING: Could not lock System prefs. Unix error code 2.
2026-07-24 15:09:33,721 [ERROR] LogOutputStream:75 - [STDERR_REDIRECT] 
2026-07-24 15:09:33,721 [ERROR] LogOutputStream:75 - [STDERR_REDIRECT] Jul 24, 2026 3:09:33 PM java.util.prefs.FileSystemPreferences syncWorld
2026-07-24 15:09:33,722 [ERROR] LogOutputStream:75 - [STDERR_REDIRECT] WARNING: Couldn't flush system prefs: java.util.prefs.BackingStoreException: Couldn't get file lock.
2026-07-24 15:09:33,722 [ERROR] LogOutputStream:75 - [STDERR_REDIRECT] 
2026-07-24 15:10:03,720 [ERROR] LogOutputStream:75 - [STDERR_REDIRECT] Jul 24, 2026 3:10:03 PM java.util.prefs.FileSystemPreferences checkLockFile0ErrorCode
2026-07-24 15:10:03,721 [ERROR] LogOutputStream:75 - [STDERR_REDIRECT] WARNING: Could not lock System prefs. Unix error code 2.
2026-07-24 15:10:03,721 [ERROR] LogOutputStream:75 - [STDERR_REDIRECT] 
2026-07-24 15:10:03,721 [ERROR] LogOutputStream:75 - [STDERR_REDIRECT] Jul 24, 2026 3:10:03 PM java.util.prefs.FileSystemPreferences syncWorld
2026-07-24 15:10:03,721 [ERROR] LogOutputStream:75 - [STDERR_REDIRECT] WARNING: Couldn't flush system prefs: java.util.prefs.BackingStoreException: Couldn't get file lock.
2026-07-24 15:10:03,721 [ERROR] LogOutputStream:75 - [STDERR_REDIRECT] 
2026-07-24 15:10:33,722 [ERROR] LogOutputStream:75 - [STDERR_REDIRECT] Jul 24, 2026 3:10:33 PM java.util.prefs.FileSystemPreferences checkLockFile0ErrorCode
2026-07-24 15:10:33,722 [ERROR] LogOutputStream:75 - [STDERR_REDIRECT] WARNING: Could not lock System prefs. Unix error code 2.
2026-07-24 15:10:33,722 [ERROR] LogOutputStream:75 - [STDERR_REDIRECT] 
2026-07-24 15:10:33,723 [ERROR] LogOutputStream:75 - [STDERR_REDIRECT] Jul 24, 2026 3:10:33 PM java.util.prefs.FileSystemPreferences syncWorld
2026-07-24 15:10:33,723 [ERROR] LogOutputStream:75 - [STDERR_REDIRECT] WARNING: Couldn't flush system prefs: java.util.prefs.BackingStoreException: Couldn't get file lock.
2026-07-24 15:10:33,723 [ERROR] LogOutputStream:75 - [STDERR_REDIRECT] 
2026-07-24 15:11:03,722 [ERROR] LogOutputStream:75 - [STDERR_REDIRECT] Jul 24, 2026 3:11:03 PM java.util.prefs.FileSystemPreferences checkLockFile0ErrorCode
2026-07-24 15:11:03,722 [ERROR] LogOutputStream:75 - [STDERR_REDIRECT] WARNING: Could not lock System prefs. Unix error code 2.
2026-07-24 15:11:03,722 [ERROR] LogOutputStream:75 - [STDERR_REDIRECT] 
2026-07-24 15:11:03,722 [ERROR] LogOutputStream:75 - [STDERR_REDIRECT] Jul 24, 2026 3:11:03 PM java.util.prefs.FileSystemPreferences syncWorld
2026-07-24 15:11:03,722 [ERROR] LogOutputStream:75 - [STDERR_REDIRECT] WARNING: Couldn't flush system prefs: java.util.prefs.BackingStoreException: Couldn't get file lock.
2026-07-24 15:11:03,723 [ERROR] LogOutputStream:75 - [STDERR_REDIRECT] 
2026-07-24 15:11:33,721 [ERROR] LogOutputStream:75 - [STDERR_REDIRECT] Jul 24, 2026 3:11:33 PM java.util.prefs.FileSystemPreferences checkLockFile0ErrorCode
2026-07-24 15:11:33,722 [ERROR] LogOutputStream:75 - [STDERR_REDIRECT] WARNING: Could not lock System prefs. Unix error code 2.
2026-07-24 15:11:33,722 [ERROR] LogOutputStream:75 - [STDERR_REDIRECT] 
2026-07-24 15:11:33,723 [ERROR] LogOutputStream:75 - [STDERR_REDIRECT] Jul 24, 2026 3:11:33 PM java.util.prefs.FileSystemPreferences syncWorld
2026-07-24 15:11:33,723 [ERROR] LogOutputStream:75 - [STDERR_REDIRECT] WARNING: Couldn't flush system prefs: java.util.prefs.BackingStoreException: Couldn't get file lock.
2026-07-24 15:11:33,723 [ERROR] LogOutputStream:75 - [STDERR_REDIRECT] 
2026-07-24 15:12:03,722 [ERROR] LogOutputStream:75 - [STDERR_REDIRECT] Jul 24, 2026 3:12:03 PM java.util.prefs.FileSystemPreferences checkLockFile0ErrorCode
2026-07-24 15:12:03,722 [ERROR] LogOutputStream:75 - [STDERR_REDIRECT] WARNING: Could not lock System prefs. Unix error code 2.
2026-07-24 15:12:03,723 [ERROR] LogOutputStream:75 - [STDERR_REDIRECT] 
2026-07-24 15:12:03,723 [ERROR] LogOutputStream:75 - [STDERR_REDIRECT] Jul 24, 2026 3:12:03 PM java.util.prefs.FileSystemPreferences syncWorld
2026-07-24 15:12:03,723 [ERROR] LogOutputStream:75 - [STDERR_REDIRECT] WARNING: Couldn't flush system prefs: java.util.prefs.BackingStoreException: Couldn't get file lock.
2026-07-24 15:12:03,723 [ERROR] LogOutputStream:75 - [STDERR_REDIRECT] 
2026-07-24 15:12:33,723 [ERROR] LogOutputStream:75 - [STDERR_REDIRECT] Jul 24, 2026 3:12:33 PM java.util.prefs.FileSystemPreferences checkLockFile0ErrorCode
2026-07-24 15:12:33,723 [ERROR] LogOutputStream:75 - [STDERR_REDIRECT] WARNING: Could not lock System prefs. Unix error code 2.
2026-07-24 15:12:33,723 [ERROR] LogOutputStream:75 - [STDERR_REDIRECT] 
2026-07-24 15:12:33,723 [ERROR] LogOutputStream:75 - [STDERR_REDIRECT] Jul 24, 2026 3:12:33 PM java.util.prefs.FileSystemPreferences syncWorld
2026-07-24 15:12:33,723 [ERROR] LogOutputStream:75 - [STDERR_REDIRECT] WARNING: Couldn't flush system prefs: java.util.prefs.BackingStoreException: Couldn't get file lock.
2026-07-24 15:12:33,723 [ERROR] LogOutputStream:75 - [STDERR_REDIRECT] 
2026-07-24 15:13:03,721 [ERROR] LogOutputStream:75 - [STDERR_REDIRECT] Jul 24, 2026 3:13:03 PM java.util.prefs.FileSystemPreferences checkLockFile0ErrorCode
2026-07-24 15:13:03,721 [ERROR] LogOutputStream:75 - [STDERR_REDIRECT] WARNING: Could not lock System prefs. Unix error code 2.
2026-07-24 15:13:03,721 [ERROR] LogOutputStream:75 - [STDERR_REDIRECT] 
2026-07-24 15:13:03,721 [ERROR] LogOutputStream:75 - [STDERR_REDIRECT] Jul 24, 2026 3:13:03 PM java.util.prefs.FileSystemPreferences syncWorld
2026-07-24 15:13:03,721 [ERROR] LogOutputStream:75 - [STDERR_REDIRECT] WARNING: Couldn't flush system prefs: java.util.prefs.BackingStoreException: Couldn't get file lock.
2026-07-24 15:13:03,722 [ERROR] LogOutputStream:75 - [STDERR_REDIRECT] 
2026-07-24 15:13:33,722 [ERROR] LogOutputStream:75 - [STDERR_REDIRECT] Jul 24, 2026 3:13:33 PM java.util.prefs.FileSystemPreferences checkLockFile0ErrorCode
2026-07-24 15:13:33,722 [ERROR] LogOutputStream:75 - [STDERR_REDIRECT] WARNING: Could not lock System prefs. Unix error code 2.
2026-07-24 15:13:33,722 [ERROR] LogOutputStream:75 - [STDERR_REDIRECT] 
2026-07-24 15:13:33,722 [ERROR] LogOutputStream:75 - [STDERR_REDIRECT] Jul 24, 2026 3:13:33 PM java.util.prefs.FileSystemPreferences syncWorld
2026-07-24 15:13:33,723 [ERROR] LogOutputStream:75 - [STDERR_REDIRECT] WARNING: Couldn't flush system prefs: java.util.prefs.BackingStoreException: Couldn't get file lock.
2026-07-24 15:13:33,723 [ERROR] LogOutputStream:75 - [STDERR_REDIRECT] 
2026-07-24 15:14:03,722 [ERROR] LogOutputStream:75 - [STDERR_REDIRECT] Jul 24, 2026 3:14:03 PM java.util.prefs.FileSystemPreferences checkLockFile0ErrorCode
2026-07-24 15:14:03,722 [ERROR] LogOutputStream:75 - [STDERR_REDIRECT] WARNING: Could not lock System prefs. Unix error code 2.
2026-07-24 15:14:03,723 [ERROR] LogOutputStream:75 - [STDERR_REDIRECT] 
2026-07-24 15:14:03,723 [ERROR] LogOutputStream:75 - [STDERR_REDIRECT] Jul 24, 2026 3:14:03 PM java.util.prefs.FileSystemPreferences syncWorld
2026-07-24 15:14:03,723 [ERROR] LogOutputStream:75 - [STDERR_REDIRECT] WARNING: Couldn't flush system prefs: java.util.prefs.BackingStoreException: Couldn't get file lock.
2026-07-24 15:14:03,723 [ERROR] LogOutputStream:75 - [STDERR_REDIRECT] 
2026-07-24 15:14:33,725 [ERROR] LogOutputStream:75 - [STDERR_REDIRECT] Jul 24, 2026 3:14:33 PM java.util.prefs.FileSystemPreferences checkLockFile0ErrorCode
2026-07-24 15:14:33,725 [ERROR] LogOutputStream:75 - [STDERR_REDIRECT] WARNING: Could not lock System prefs. Unix error code 2.
2026-07-24 15:14:33,725 [ERROR] LogOutputStream:75 - [STDERR_REDIRECT] 
2026-07-24 15:14:33,725 [ERROR] LogOutputStream:75 - [STDERR_REDIRECT] Jul 24, 2026 3:14:33 PM java.util.prefs.FileSystemPreferences syncWorld
2026-07-24 15:14:33,725 [ERROR] LogOutputStream:75 - [STDERR_REDIRECT] WARNING: Couldn't flush system prefs: java.util.prefs.BackingStoreException: Couldn't get file lock.
2026-07-24 15:14:33,725 [ERROR] LogOutputStream:75 - [STDERR_REDIRECT] 
2026-07-24 15:15:03,723 [ERROR] LogOutputStream:75 - [STDERR_REDIRECT] Jul 24, 2026 3:15:03 PM java.util.prefs.FileSystemPreferences checkLockFile0ErrorCode
2026-07-24 15:15:03,723 [ERROR] LogOutputStream:75 - [STDERR_REDIRECT] WARNING: Could not lock System prefs. Unix error code 2.
2026-07-24 15:15:03,723 [ERROR] LogOutputStream:75 - [STDERR_REDIRECT] 
2026-07-24 15:15:03,723 [ERROR] LogOutputStream:75 - [STDERR_REDIRECT] Jul 24, 2026 3:15:03 PM java.util.prefs.FileSystemPreferences syncWorld
2026-07-24 15:15:03,723 [ERROR] LogOutputStream:75 - [STDERR_REDIRECT] WARNING: Couldn't flush system prefs: java.util.prefs.BackingStoreException: Couldn't get file lock.
2026-07-24 15:15:03,723 [ERROR] LogOutputStream:75 - [STDERR_REDIRECT] 
2026-07-24 15:15:33,723 [ERROR] LogOutputStream:75 - [STDERR_REDIRECT] Jul 24, 2026 3:15:33 PM java.util.prefs.FileSystemPreferences checkLockFile0ErrorCode
2026-07-24 15:15:33,724 [ERROR] LogOutputStream:75 - [STDERR_REDIRECT] WARNING: Could not lock System prefs. Unix error code 2.
2026-07-24 15:15:33,724 [ERROR] LogOutputStream:75 - [STDERR_REDIRECT] 
2026-07-24 15:15:33,724 [ERROR] LogOutputStream:75 - [STDERR_REDIRECT] Jul 24, 2026 3:15:33 PM java.util.prefs.FileSystemPreferences syncWorld
2026-07-24 15:15:33,724 [ERROR] LogOutputStream:75 - [STDERR_REDIRECT] WARNING: Couldn't flush system prefs: java.util.prefs.BackingStoreException: Couldn't get file lock.
2026-07-24 15:15:33,724 [ERROR] LogOutputStream:75 - [STDERR_REDIRECT] 
2026-07-24 15:16:03,724 [ERROR] LogOutputStream:75 - [STDERR_REDIRECT] Jul 24, 2026 3:16:03 PM java.util.prefs.FileSystemPreferences checkLockFile0ErrorCode
2026-07-24 15:16:03,725 [ERROR] LogOutputStream:75 - [STDERR_REDIRECT] WARNING: Could not lock System prefs. Unix error code 2.
2026-07-24 15:16:03,725 [ERROR] LogOutputStream:75 - [STDERR_REDIRECT] 
2026-07-24 15:16:03,725 [ERROR] LogOutputStream:75 - [STDERR_REDIRECT] Jul 24, 2026 3:16:03 PM java.util.prefs.FileSystemPreferences syncWorld
2026-07-24 15:16:03,726 [ERROR] LogOutputStream:75 - [STDERR_REDIRECT] WARNING: Couldn't flush system prefs: java.util.prefs.BackingStoreException: Couldn't get file lock.
2026-07-24 15:16:03,726 [ERROR] LogOutputStream:75 - [STDERR_REDIRECT] 
2026-07-24 15:16:33,725 [ERROR] LogOutputStream:75 - [STDERR_REDIRECT] Jul 24, 2026 3:16:33 PM java.util.prefs.FileSystemPreferences checkLockFile0ErrorCode
2026-07-24 15:16:33,725 [ERROR] LogOutputStream:75 - [STDERR_REDIRECT] WARNING: Could not lock System prefs. Unix error code 2.
2026-07-24 15:16:33,725 [ERROR] LogOutputStream:75 - [STDERR_REDIRECT] 
2026-07-24 15:16:33,725 [ERROR] LogOutputStream:75 - [STDERR_REDIRECT] Jul 24, 2026 3:16:33 PM java.util.prefs.FileSystemPreferences syncWorld
2026-07-24 15:16:33,725 [ERROR] LogOutputStream:75 - [STDERR_REDIRECT] WARNING: Couldn't flush system prefs: java.util.prefs.BackingStoreException: Couldn't get file lock.
2026-07-24 15:16:33,726 [ERROR] LogOutputStream:75 - [STDERR_REDIRECT] 
2026-07-24 15:17:03,725 [ERROR] LogOutputStream:75 - [STDERR_REDIRECT] Jul 24, 2026 3:17:03 PM java.util.prefs.FileSystemPreferences checkLockFile0ErrorCode
2026-07-24 15:17:03,725 [ERROR] LogOutputStream:75 - [STDERR_REDIRECT] WARNING: Could not lock System prefs. Unix error code 2.
2026-07-24 15:17:03,725 [ERROR] LogOutputStream:75 - [STDERR_REDIRECT] 
2026-07-24 15:17:03,725 [ERROR] LogOutputStream:75 - [STDERR_REDIRECT] Jul 24, 2026 3:17:03 PM java.util.prefs.FileSystemPreferences syncWorld
2026-07-24 15:17:03,725 [ERROR] LogOutputStream:75 - [STDERR_REDIRECT] WARNING: Couldn't flush system prefs: java.util.prefs.BackingStoreException: Couldn't get file lock.
2026-07-24 15:17:03,726 [ERROR] LogOutputStream:75 - [STDERR_REDIRECT] 
2026-07-24 15:17:33,725 [ERROR] LogOutputStream:75 - [STDERR_REDIRECT] Jul 24, 2026 3:17:33 PM java.util.prefs.FileSystemPreferences checkLockFile0ErrorCode
2026-07-24 15:17:33,725 [ERROR] LogOutputStream:75 - [STDERR_REDIRECT] WARNING: Could not lock System prefs. Unix error code 2.
2026-07-24 15:17:33,726 [ERROR] LogOutputStream:75 - [STDERR_REDIRECT] 
2026-07-24 15:17:33,726 [ERROR] LogOutputStream:75 - [STDERR_REDIRECT] Jul 24, 2026 3:17:33 PM java.util.prefs.FileSystemPreferences syncWorld
2026-07-24 15:17:33,726 [ERROR] LogOutputStream:75 - [STDERR_REDIRECT] WARNING: Couldn't flush system prefs: java.util.prefs.BackingStoreException: Couldn't get file lock.
2026-07-24 15:17:33,726 [ERROR] LogOutputStream:75 - [STDERR_REDIRECT] 
2026-07-24 15:18:03,725 [ERROR] LogOutputStream:75 - [STDERR_REDIRECT] Jul 24, 2026 3:18:03 PM java.util.prefs.FileSystemPreferences checkLockFile0ErrorCode
2026-07-24 15:18:03,726 [ERROR] LogOutputStream:75 - [STDERR_REDIRECT] WARNING: Could not lock System prefs. Unix error code 2.
2026-07-24 15:18:03,726 [ERROR] LogOutputStream:75 - [STDERR_REDIRECT] 
2026-07-24 15:18:03,726 [ERROR] LogOutputStream:75 - [STDERR_REDIRECT] Jul 24, 2026 3:18:03 PM java.util.prefs.FileSystemPreferences syncWorld
2026-07-24 15:18:03,726 [ERROR] LogOutputStream:75 - [STDERR_REDIRECT] WARNING: Couldn't flush system prefs: java.util.prefs.BackingStoreException: Couldn't get file lock.
2026-07-24 15:18:03,727 [ERROR] LogOutputStream:75 - [STDERR_REDIRECT] 
2026-07-24 15:18:33,725 [ERROR] LogOutputStream:75 - [STDERR_REDIRECT] Jul 24, 2026 3:18:33 PM java.util.prefs.FileSystemPreferences checkLockFile0ErrorCode
2026-07-24 15:18:33,726 [ERROR] LogOutputStream:75 - [STDERR_REDIRECT] WARNING: Could not lock System prefs. Unix error code 2.
2026-07-24 15:18:33,726 [ERROR] LogOutputStream:75 - [STDERR_REDIRECT] 
2026-07-24 15:18:33,726 [ERROR] LogOutputStream:75 - [STDERR_REDIRECT] Jul 24, 2026 3:18:33 PM java.util.prefs.FileSystemPreferences syncWorld
2026-07-24 15:18:33,726 [ERROR] LogOutputStream:75 - [STDERR_REDIRECT] WARNING: Couldn't flush system prefs: java.util.prefs.BackingStoreException: Couldn't get file lock.
2026-07-24 15:18:33,726 [ERROR] LogOutputStream:75 - [STDERR_REDIRECT] 
2026-07-24 15:19:03,725 [ERROR] LogOutputStream:75 - [STDERR_REDIRECT] Jul 24, 2026 3:19:03 PM java.util.prefs.FileSystemPreferences checkLockFile0ErrorCode
2026-07-24 15:19:03,725 [ERROR] LogOutputStream:75 - [STDERR_REDIRECT] WARNING: Could not lock System prefs. Unix error code 2.
2026-07-24 15:19:03,725 [ERROR] LogOutputStream:75 - [STDERR_REDIRECT] 
2026-07-24 15:19:03,726 [ERROR] LogOutputStream:75 - [STDERR_REDIRECT] Jul 24, 2026 3:19:03 PM java.util.prefs.FileSystemPreferences syncWorld
2026-07-24 15:19:03,726 [ERROR] LogOutputStream:75 - [STDERR_REDIRECT] WARNING: Couldn't flush system prefs: java.util.prefs.BackingStoreException: Couldn't get file lock.
2026-07-24 15:19:03,726 [ERROR] LogOutputStream:75 - [STDERR_REDIRECT] 
2026-07-24 15:19:33,726 [ERROR] LogOutputStream:75 - [STDERR_REDIRECT] Jul 24, 2026 3:19:33 PM java.util.prefs.FileSystemPreferences checkLockFile0ErrorCode
2026-07-24 15:19:33,726 [ERROR] LogOutputStream:75 - [STDERR_REDIRECT] WARNING: Could not lock System prefs. Unix error code 2.
2026-07-24 15:19:33,726 [ERROR] LogOutputStream:75 - [STDERR_REDIRECT] 
2026-07-24 15:19:33,726 [ERROR] LogOutputStream:75 - [STDERR_REDIRECT] Jul 24, 2026 3:19:33 PM java.util.prefs.FileSystemPreferences syncWorld
2026-07-24 15:19:33,726 [ERROR] LogOutputStream:75 - [STDERR_REDIRECT] WARNING: Couldn't flush system prefs: java.util.prefs.BackingStoreException: Couldn't get file lock.
2026-07-24 15:19:33,726 [ERROR] LogOutputStream:75 - [STDERR_REDIRECT] 
2026-07-24 15:20:03,726 [ERROR] LogOutputStream:75 - [STDERR_REDIRECT] Jul 24, 2026 3:20:03 PM java.util.prefs.FileSystemPreferences checkLockFile0ErrorCode
2026-07-24 15:20:03,727 [ERROR] LogOutputStream:75 - [STDERR_REDIRECT] WARNING: Could not lock System prefs. Unix error code 2.
2026-07-24 15:20:03,727 [ERROR] LogOutputStream:75 - [STDERR_REDIRECT] 
2026-07-24 15:20:03,727 [ERROR] LogOutputStream:75 - [STDERR_REDIRECT] Jul 24, 2026 3:20:03 PM java.util.prefs.FileSystemPreferences syncWorld
2026-07-24 15:20:03,727 [ERROR] LogOutputStream:75 - [STDERR_REDIRECT] WARNING: Couldn't flush system prefs: java.util.prefs.BackingStoreException: Couldn't get file lock.
2026-07-24 15:20:03,727 [ERROR] LogOutputStream:75 - [STDERR_REDIRECT] 
2026-07-24 15:20:33,727 [ERROR] LogOutputStream:75 - [STDERR_REDIRECT] Jul 24, 2026 3:20:33 PM java.util.prefs.FileSystemPreferences checkLockFile0ErrorCode
2026-07-24 15:20:33,727 [ERROR] LogOutputStream:75 - [STDERR_REDIRECT] WARNING: Could not lock System prefs. Unix error code 2.
2026-07-24 15:20:33,728 [ERROR] LogOutputStream:75 - [STDERR_REDIRECT] 
2026-07-24 15:20:33,728 [ERROR] LogOutputStream:75 - [STDERR_REDIRECT] Jul 24, 2026 3:20:33 PM java.util.prefs.FileSystemPreferences syncWorld
2026-07-24 15:20:33,728 [ERROR] LogOutputStream:75 - [STDERR_REDIRECT] WARNING: Couldn't flush system prefs: java.util.prefs.BackingStoreException: Couldn't get file lock.
2026-07-24 15:20:33,728 [ERROR] LogOutputStream:75 - [STDERR_REDIRECT] 
2026-07-24 15:21:03,728 [ERROR] LogOutputStream:75 - [STDERR_REDIRECT] Jul 24, 2026 3:21:03 PM java.util.prefs.FileSystemPreferences checkLockFile0ErrorCode
2026-07-24 15:21:03,728 [ERROR] LogOutputStream:75 - [STDERR_REDIRECT] WARNING: Could not lock System prefs. Unix error code 2.
2026-07-24 15:21:03,728 [ERROR] LogOutputStream:75 - [STDERR_REDIRECT] 
2026-07-24 15:21:03,728 [ERROR] LogOutputStream:75 - [STDERR_REDIRECT] Jul 24, 2026 3:21:03 PM java.util.prefs.FileSystemPreferences syncWorld
2026-07-24 15:21:03,728 [ERROR] LogOutputStream:75 - [STDERR_REDIRECT] WARNING: Couldn't flush system prefs: java.util.prefs.BackingStoreException: Couldn't get file lock.
2026-07-24 15:21:03,728 [ERROR] LogOutputStream:75 - [STDERR_REDIRECT] 
2026-07-24 15:21:33,728 [ERROR] LogOutputStream:75 - [STDERR_REDIRECT] Jul 24, 2026 3:21:33 PM java.util.prefs.FileSystemPreferences checkLockFile0ErrorCode
2026-07-24 15:21:33,728 [ERROR] LogOutputStream:75 - [STDERR_REDIRECT] WARNING: Could not lock System prefs. Unix error code 2.
2026-07-24 15:21:33,728 [ERROR] LogOutputStream:75 - [STDERR_REDIRECT] 
2026-07-24 15:21:33,728 [ERROR] LogOutputStream:75 - [STDERR_REDIRECT] Jul 24, 2026 3:21:33 PM java.util.prefs.FileSystemPreferences syncWorld
2026-07-24 15:21:33,728 [ERROR] LogOutputStream:75 - [STDERR_REDIRECT] WARNING: Couldn't flush system prefs: java.util.prefs.BackingStoreException: Couldn't get file lock.
2026-07-24 15:21:33,728 [ERROR] LogOutputStream:75 - [STDERR_REDIRECT] 
2026-07-24 15:22:03,728 [ERROR] LogOutputStream:75 - [STDERR_REDIRECT] Jul 24, 2026 3:22:03 PM java.util.prefs.FileSystemPreferences checkLockFile0ErrorCode
2026-07-24 15:22:03,728 [ERROR] LogOutputStream:75 - [STDERR_REDIRECT] WARNING: Could not lock System prefs. Unix error code 2.
2026-07-24 15:22:03,728 [ERROR] LogOutputStream:75 - [STDERR_REDIRECT] 
2026-07-24 15:22:03,729 [ERROR] LogOutputStream:75 - [STDERR_REDIRECT] Jul 24, 2026 3:22:03 PM java.util.prefs.FileSystemPreferences syncWorld
2026-07-24 15:22:03,729 [ERROR] LogOutputStream:75 - [STDERR_REDIRECT] WARNING: Couldn't flush system prefs: java.util.prefs.BackingStoreException: Couldn't get file lock.
2026-07-24 15:22:03,729 [ERROR] LogOutputStream:75 - [STDERR_REDIRECT] 
2026-07-24 15:22:33,728 [ERROR] LogOutputStream:75 - [STDERR_REDIRECT] Jul 24, 2026 3:22:33 PM java.util.prefs.FileSystemPreferences checkLockFile0ErrorCode
2026-07-24 15:22:33,729 [ERROR] LogOutputStream:75 - [STDERR_REDIRECT] WARNING: Could not lock System prefs. Unix error code 2.
2026-07-24 15:22:33,729 [ERROR] LogOutputStream:75 - [STDERR_REDIRECT] 
2026-07-24 15:22:33,729 [ERROR] LogOutputStream:75 - [STDERR_REDIRECT] Jul 24, 2026 3:22:33 PM java.util.prefs.FileSystemPreferences syncWorld
2026-07-24 15:22:33,729 [ERROR] LogOutputStream:75 - [STDERR_REDIRECT] WARNING: Couldn't flush system prefs: java.util.prefs.BackingStoreException: Couldn't get file lock.
2026-07-24 15:22:33,729 [ERROR] LogOutputStream:75 - [STDERR_REDIRECT] 
2026-07-24 15:23:03,728 [ERROR] LogOutputStream:75 - [STDERR_REDIRECT] Jul 24, 2026 3:23:03 PM java.util.prefs.FileSystemPreferences checkLockFile0ErrorCode
2026-07-24 15:23:03,728 [ERROR] LogOutputStream:75 - [STDERR_REDIRECT] WARNING: Could not lock System prefs. Unix error code 2.
2026-07-24 15:23:03,728 [ERROR] LogOutputStream:75 - [STDERR_REDIRECT] 
2026-07-24 15:23:03,728 [ERROR] LogOutputStream:75 - [STDERR_REDIRECT] Jul 24, 2026 3:23:03 PM java.util.prefs.FileSystemPreferences syncWorld
2026-07-24 15:23:03,728 [ERROR] LogOutputStream:75 - [STDERR_REDIRECT] WARNING: Couldn't flush system prefs: java.util.prefs.BackingStoreException: Couldn't get file lock.
2026-07-24 15:23:03,728 [ERROR] LogOutputStream:75 - [STDERR_REDIRECT] 
2026-07-24 15:23:33,729 [ERROR] LogOutputStream:75 - [STDERR_REDIRECT] Jul 24, 2026 3:23:33 PM java.util.prefs.FileSystemPreferences checkLockFile0ErrorCode
2026-07-24 15:23:33,729 [ERROR] LogOutputStream:75 - [STDERR_REDIRECT] WARNING: Could not lock System prefs. Unix error code 2.
2026-07-24 15:23:33,729 [ERROR] LogOutputStream:75 - [STDERR_REDIRECT] 
2026-07-24 15:23:33,729 [ERROR] LogOutputStream:75 - [STDERR_REDIRECT] Jul 24, 2026 3:23:33 PM java.util.prefs.FileSystemPreferences syncWorld
2026-07-24 15:23:33,729 [ERROR] LogOutputStream:75 - [STDERR_REDIRECT] WARNING: Couldn't flush system prefs: java.util.prefs.BackingStoreException: Couldn't get file lock.
2026-07-24 15:23:33,729 [ERROR] LogOutputStream:75 - [STDERR_REDIRECT] 
2026-07-24 15:24:03,729 [ERROR] LogOutputStream:75 - [STDERR_REDIRECT] Jul 24, 2026 3:24:03 PM java.util.prefs.FileSystemPreferences checkLockFile0ErrorCode
2026-07-24 15:24:03,729 [ERROR] LogOutputStream:75 - [STDERR_REDIRECT] WARNING: Could not lock System prefs. Unix error code 2.
2026-07-24 15:24:03,729 [ERROR] LogOutputStream:75 - [STDERR_REDIRECT] 
2026-07-24 15:24:03,729 [ERROR] LogOutputStream:75 - [STDERR_REDIRECT] Jul 24, 2026 3:24:03 PM java.util.prefs.FileSystemPreferences syncWorld
2026-07-24 15:24:03,729 [ERROR] LogOutputStream:75 - [STDERR_REDIRECT] WARNING: Couldn't flush system prefs: java.util.prefs.BackingStoreException: Couldn't get file lock.
2026-07-24 15:24:03,729 [ERROR] LogOutputStream:75 - [STDERR_REDIRECT] 
2026-07-24 15:24:33,729 [ERROR] LogOutputStream:75 - [STDERR_REDIRECT] Jul 24, 2026 3:24:33 PM java.util.prefs.FileSystemPreferences checkLockFile0ErrorCode
2026-07-24 15:24:33,730 [ERROR] LogOutputStream:75 - [STDERR_REDIRECT] WARNING: Could not lock System prefs. Unix error code 2.
2026-07-24 15:24:33,730 [ERROR] LogOutputStream:75 - [STDERR_REDIRECT] 
2026-07-24 15:24:33,730 [ERROR] LogOutputStream:75 - [STDERR_REDIRECT] Jul 24, 2026 3:24:33 PM java.util.prefs.FileSystemPreferences syncWorld
2026-07-24 15:24:33,730 [ERROR] LogOutputStream:75 - [STDERR_REDIRECT] WARNING: Couldn't flush system prefs: java.util.prefs.BackingStoreException: Couldn't get file lock.
2026-07-24 15:24:33,730 [ERROR] LogOutputStream:75 - [STDERR_REDIRECT] 
2026-07-24 15:25:03,730 [ERROR] LogOutputStream:75 - [STDERR_REDIRECT] Jul 24, 2026 3:25:03 PM java.util.prefs.FileSystemPreferences checkLockFile0ErrorCode
2026-07-24 15:25:03,730 [ERROR] LogOutputStream:75 - [STDERR_REDIRECT] WARNING: Could not lock System prefs. Unix error code 2.
2026-07-24 15:25:03,730 [ERROR] LogOutputStream:75 - [STDERR_REDIRECT] 
2026-07-24 15:25:03,730 [ERROR] LogOutputStream:75 - [STDERR_REDIRECT] Jul 24, 2026 3:25:03 PM java.util.prefs.FileSystemPreferences syncWorld
2026-07-24 15:25:03,731 [ERROR] LogOutputStream:75 - [STDERR_REDIRECT] WARNING: Couldn't flush system prefs: java.util.prefs.BackingStoreException: Couldn't get file lock.
2026-07-24 15:25:03,731 [ERROR] LogOutputStream:75 - [STDERR_REDIRECT] 
2026-07-24 15:25:33,730 [ERROR] LogOutputStream:75 - [STDERR_REDIRECT] Jul 24, 2026 3:25:33 PM java.util.prefs.FileSystemPreferences checkLockFile0ErrorCode
2026-07-24 15:25:33,731 [ERROR] LogOutputStream:75 - [STDERR_REDIRECT] WARNING: Could not lock System prefs. Unix error code 2.
2026-07-24 15:25:33,731 [ERROR] LogOutputStream:75 - [STDERR_REDIRECT] 
2026-07-24 15:25:33,731 [ERROR] LogOutputStream:75 - [STDERR_REDIRECT] Jul 24, 2026 3:25:33 PM java.util.prefs.FileSystemPreferences syncWorld
2026-07-24 15:25:33,731 [ERROR] LogOutputStream:75 - [STDERR_REDIRECT] WARNING: Couldn't flush system prefs: java.util.prefs.BackingStoreException: Couldn't get file lock.
2026-07-24 15:25:33,731 [ERROR] LogOutputStream:75 - [STDERR_REDIRECT] 
2026-07-24 15:26:03,730 [ERROR] LogOutputStream:75 - [STDERR_REDIRECT] Jul 24, 2026 3:26:03 PM java.util.prefs.FileSystemPreferences checkLockFile0ErrorCode
2026-07-24 15:26:03,730 [ERROR] LogOutputStream:75 - [STDERR_REDIRECT] WARNING: Could not lock System prefs. Unix error code 2.
2026-07-24 15:26:03,731 [ERROR] LogOutputStream:75 - [STDERR_REDIRECT] 
2026-07-24 15:26:03,731 [ERROR] LogOutputStream:75 - [STDERR_REDIRECT] Jul 24, 2026 3:26:03 PM java.util.prefs.FileSystemPreferences syncWorld
2026-07-24 15:26:03,731 [ERROR] LogOutputStream:75 - [STDERR_REDIRECT] WARNING: Couldn't flush system prefs: java.util.prefs.BackingStoreException: Couldn't get file lock.
2026-07-24 15:26:03,731 [ERROR] LogOutputStream:75 - [STDERR_REDIRECT] 
2026-07-24 15:26:33,730 [ERROR] LogOutputStream:75 - [STDERR_REDIRECT] Jul 24, 2026 3:26:33 PM java.util.prefs.FileSystemPreferences checkLockFile0ErrorCode
2026-07-24 15:26:33,730 [ERROR] LogOutputStream:75 - [STDERR_REDIRECT] WARNING: Could not lock System prefs. Unix error code 2.
2026-07-24 15:26:33,730 [ERROR] LogOutputStream:75 - [STDERR_REDIRECT] 
2026-07-24 15:26:33,730 [ERROR] LogOutputStream:75 - [STDERR_REDIRECT] Jul 24, 2026 3:26:33 PM java.util.prefs.FileSystemPreferences syncWorld
2026-07-24 15:26:33,730 [ERROR] LogOutputStream:75 - [STDERR_REDIRECT] WARNING: Couldn't flush system prefs: java.util.prefs.BackingStoreException: Couldn't get file lock.
2026-07-24 15:26:33,731 [ERROR] LogOutputStream:75 - [STDERR_REDIRECT] 
2026-07-24 15:27:03,730 [ERROR] LogOutputStream:75 - [STDERR_REDIRECT] Jul 24, 2026 3:27:03 PM java.util.prefs.FileSystemPreferences checkLockFile0ErrorCode
2026-07-24 15:27:03,730 [ERROR] LogOutputStream:75 - [STDERR_REDIRECT] WARNING: Could not lock System prefs. Unix error code 2.
2026-07-24 15:27:03,730 [ERROR] LogOutputStream:75 - [STDERR_REDIRECT] 
2026-07-24 15:27:03,730 [ERROR] LogOutputStream:75 - [STDERR_REDIRECT] Jul 24, 2026 3:27:03 PM java.util.prefs.FileSystemPreferences syncWorld
2026-07-24 15:27:03,730 [ERROR] LogOutputStream:75 - [STDERR_REDIRECT] WARNING: Couldn't flush system prefs: java.util.prefs.BackingStoreException: Couldn't get file lock.
2026-07-24 15:27:03,730 [ERROR] LogOutputStream:75 - [STDERR_REDIRECT] 
2026-07-24 15:27:33,731 [ERROR] LogOutputStream:75 - [STDERR_REDIRECT] Jul 24, 2026 3:27:33 PM java.util.prefs.FileSystemPreferences checkLockFile0ErrorCode
2026-07-24 15:27:33,731 [ERROR] LogOutputStream:75 - [STDERR_REDIRECT] WARNING: Could not lock System prefs. Unix error code 2.
2026-07-24 15:27:33,732 [ERROR] LogOutputStream:75 - [STDERR_REDIRECT] 
2026-07-24 15:27:33,732 [ERROR] LogOutputStream:75 - [STDERR_REDIRECT] Jul 24, 2026 3:27:33 PM java.util.prefs.FileSystemPreferences syncWorld
2026-07-24 15:27:33,732 [ERROR] LogOutputStream:75 - [STDERR_REDIRECT] WARNING: Couldn't flush system prefs: java.util.prefs.BackingStoreException: Couldn't get file lock.
2026-07-24 15:27:33,732 [ERROR] LogOutputStream:75 - [STDERR_REDIRECT] 
2026-07-24 15:28:03,731 [ERROR] LogOutputStream:75 - [STDERR_REDIRECT] Jul 24, 2026 3:28:03 PM java.util.prefs.FileSystemPreferences checkLockFile0ErrorCode
2026-07-24 15:28:03,732 [ERROR] LogOutputStream:75 - [STDERR_REDIRECT] WARNING: Could not lock System prefs. Unix error code 2.
2026-07-24 15:28:03,732 [ERROR] LogOutputStream:75 - [STDERR_REDIRECT] 
2026-07-24 15:28:03,732 [ERROR] LogOutputStream:75 - [STDERR_REDIRECT] Jul 24, 2026 3:28:03 PM java.util.prefs.FileSystemPreferences syncWorld
2026-07-24 15:28:03,732 [ERROR] LogOutputStream:75 - [STDERR_REDIRECT] WARNING: Couldn't flush system prefs: java.util.prefs.BackingStoreException: Couldn't get file lock.
2026-07-24 15:28:03,732 [ERROR] LogOutputStream:75 - [STDERR_REDIRECT] 
2026-07-24 15:28:33,732 [ERROR] LogOutputStream:75 - [STDERR_REDIRECT] Jul 24, 2026 3:28:33 PM java.util.prefs.FileSystemPreferences checkLockFile0ErrorCode
2026-07-24 15:28:33,733 [ERROR] LogOutputStream:75 - [STDERR_REDIRECT] WARNING: Could not lock System prefs. Unix error code 2.
2026-07-24 15:28:33,733 [ERROR] LogOutputStream:75 - [STDERR_REDIRECT] 
2026-07-24 15:28:33,733 [ERROR] LogOutputStream:75 - [STDERR_REDIRECT] Jul 24, 2026 3:28:33 PM java.util.prefs.FileSystemPreferences syncWorld
2026-07-24 15:28:33,733 [ERROR] LogOutputStream:75 - [STDERR_REDIRECT] WARNING: Couldn't flush system prefs: java.util.prefs.BackingStoreException: Couldn't get file lock.
2026-07-24 15:28:33,733 [ERROR] LogOutputStream:75 - [STDERR_REDIRECT] 
2026-07-24 15:29:03,734 [ERROR] LogOutputStream:75 - [STDERR_REDIRECT] Jul 24, 2026 3:29:03 PM java.util.prefs.FileSystemPreferences checkLockFile0ErrorCode
2026-07-24 15:29:03,734 [ERROR] LogOutputStream:75 - [STDERR_REDIRECT] WARNING: Could not lock System prefs. Unix error code 2.
2026-07-24 15:29:03,734 [ERROR] LogOutputStream:75 - [STDERR_REDIRECT] 
2026-07-24 15:29:03,734 [ERROR] LogOutputStream:75 - [STDERR_REDIRECT] Jul 24, 2026 3:29:03 PM java.util.prefs.FileSystemPreferences syncWorld
2026-07-24 15:29:03,734 [ERROR] LogOutputStream:75 - [STDERR_REDIRECT] WARNING: Couldn't flush system prefs: java.util.prefs.BackingStoreException: Couldn't get file lock.
2026-07-24 15:29:03,734 [ERROR] LogOutputStream:75 - [STDERR_REDIRECT] 
2026-07-24 15:29:33,733 [ERROR] LogOutputStream:75 - [STDERR_REDIRECT] Jul 24, 2026 3:29:33 PM java.util.prefs.FileSystemPreferences checkLockFile0ErrorCode
2026-07-24 15:29:33,733 [ERROR] LogOutputStream:75 - [STDERR_REDIRECT] WARNING: Could not lock System prefs. Unix error code 2.
2026-07-24 15:29:33,733 [ERROR] LogOutputStream:75 - [STDERR_REDIRECT] 
2026-07-24 15:29:33,733 [ERROR] LogOutputStream:75 - [STDERR_REDIRECT] Jul 24, 2026 3:29:33 PM java.util.prefs.FileSystemPreferences syncWorld
2026-07-24 15:29:33,734 [ERROR] LogOutputStream:75 - [STDERR_REDIRECT] WARNING: Couldn't flush system prefs: java.util.prefs.BackingStoreException: Couldn't get file lock.
2026-07-24 15:29:33,734 [ERROR] LogOutputStream:75 - [STDERR_REDIRECT] 
2026-07-24 15:30:03,733 [ERROR] LogOutputStream:75 - [STDERR_REDIRECT] Jul 24, 2026 3:30:03 PM java.util.prefs.FileSystemPreferences checkLockFile0ErrorCode
2026-07-24 15:30:03,733 [ERROR] LogOutputStream:75 - [STDERR_REDIRECT] WARNING: Could not lock System prefs. Unix error code 2.
2026-07-24 15:30:03,733 [ERROR] LogOutputStream:75 - [STDERR_REDIRECT] 
2026-07-24 15:30:03,733 [ERROR] LogOutputStream:75 - [STDERR_REDIRECT] Jul 24, 2026 3:30:03 PM java.util.prefs.FileSystemPreferences syncWorld
2026-07-24 15:30:03,733 [ERROR] LogOutputStream:75 - [STDERR_REDIRECT] WARNING: Couldn't flush system prefs: java.util.prefs.BackingStoreException: Couldn't get file lock.
2026-07-24 15:30:03,733 [ERROR] LogOutputStream:75 - [STDERR_REDIRECT] 
2026-07-24 15:30:33,734 [ERROR] LogOutputStream:75 - [STDERR_REDIRECT] Jul 24, 2026 3:30:33 PM java.util.prefs.FileSystemPreferences checkLockFile0ErrorCode
2026-07-24 15:30:33,734 [ERROR] LogOutputStream:75 - [STDERR_REDIRECT] WARNING: Could not lock System prefs. Unix error code 2.
2026-07-24 15:30:33,734 [ERROR] LogOutputStream:75 - [STDERR_REDIRECT] 
2026-07-24 15:30:33,734 [ERROR] LogOutputStream:75 - [STDERR_REDIRECT] Jul 24, 2026 3:30:33 PM java.util.prefs.FileSystemPreferences syncWorld
2026-07-24 15:30:33,734 [ERROR] LogOutputStream:75 - [STDERR_REDIRECT] WARNING: Couldn't flush system prefs: java.util.prefs.BackingStoreException: Couldn't get file lock.
2026-07-24 15:30:33,734 [ERROR] LogOutputStream:75 - [STDERR_REDIRECT] 
2026-07-24 15:31:03,734 [ERROR] LogOutputStream:75 - [STDERR_REDIRECT] Jul 24, 2026 3:31:03 PM java.util.prefs.FileSystemPreferences checkLockFile0ErrorCode
2026-07-24 15:31:03,734 [ERROR] LogOutputStream:75 - [STDERR_REDIRECT] WARNING: Could not lock System prefs. Unix error code 2.
2026-07-24 15:31:03,734 [ERROR] LogOutputStream:75 - [STDERR_REDIRECT] 
2026-07-24 15:31:03,735 [ERROR] LogOutputStream:75 - [STDERR_REDIRECT] Jul 24, 2026 3:31:03 PM java.util.prefs.FileSystemPreferences syncWorld
2026-07-24 15:31:03,735 [ERROR] LogOutputStream:75 - [STDERR_REDIRECT] WARNING: Couldn't flush system prefs: java.util.prefs.BackingStoreException: Couldn't get file lock.
2026-07-24 15:31:03,735 [ERROR] LogOutputStream:75 - [STDERR_REDIRECT] 
2026-07-24 15:31:33,734 [ERROR] LogOutputStream:75 - [STDERR_REDIRECT] Jul 24, 2026 3:31:33 PM java.util.prefs.FileSystemPreferences checkLockFile0ErrorCode
2026-07-24 15:31:33,734 [ERROR] LogOutputStream:75 - [STDERR_REDIRECT] WARNING: Could not lock System prefs. Unix error code 2.
2026-07-24 15:31:33,734 [ERROR] LogOutputStream:75 - [STDERR_REDIRECT] 
2026-07-24 15:31:33,734 [ERROR] LogOutputStream:75 - [STDERR_REDIRECT] Jul 24, 2026 3:31:33 PM java.util.prefs.FileSystemPreferences syncWorld
2026-07-24 15:31:33,735 [ERROR] LogOutputStream:75 - [STDERR_REDIRECT] WARNING: Couldn't flush system prefs: java.util.prefs.BackingStoreException: Couldn't get file lock.
2026-07-24 15:31:33,735 [ERROR] LogOutputStream:75 - [STDERR_REDIRECT] 
2026-07-24 15:32:03,733 [ERROR] LogOutputStream:75 - [STDERR_REDIRECT] Jul 24, 2026 3:32:03 PM java.util.prefs.FileSystemPreferences checkLockFile0ErrorCode
2026-07-24 15:32:03,733 [ERROR] LogOutputStream:75 - [STDERR_REDIRECT] WARNING: Could not lock System prefs. Unix error code 2.
2026-07-24 15:32:03,733 [ERROR] LogOutputStream:75 - [STDERR_REDIRECT] 
2026-07-24 15:32:03,733 [ERROR] LogOutputStream:75 - [STDERR_REDIRECT] Jul 24, 2026 3:32:03 PM java.util.prefs.FileSystemPreferences syncWorld
2026-07-24 15:32:03,733 [ERROR] LogOutputStream:75 - [STDERR_REDIRECT] WARNING: Couldn't flush system prefs: java.util.prefs.BackingStoreException: Couldn't get file lock.
2026-07-24 15:32:03,733 [ERROR] LogOutputStream:75 - [STDERR_REDIRECT] 
2026-07-24 15:32:33,733 [ERROR] LogOutputStream:75 - [STDERR_REDIRECT] Jul 24, 2026 3:32:33 PM java.util.prefs.FileSystemPreferences checkLockFile0ErrorCode
2026-07-24 15:32:33,734 [ERROR] LogOutputStream:75 - [STDERR_REDIRECT] WARNING: Could not lock System prefs. Unix error code 2.
2026-07-24 15:32:33,734 [ERROR] LogOutputStream:75 - [STDERR_REDIRECT] 
2026-07-24 15:32:33,734 [ERROR] LogOutputStream:75 - [STDERR_REDIRECT] Jul 24, 2026 3:32:33 PM java.util.prefs.FileSystemPreferences syncWorld
2026-07-24 15:32:33,734 [ERROR] LogOutputStream:75 - [STDERR_REDIRECT] WARNING: Couldn't flush system prefs: java.util.prefs.BackingStoreException: Couldn't get file lock.
2026-07-24 15:32:33,734 [ERROR] LogOutputStream:75 - [STDERR_REDIRECT] 
2026-07-24 15:33:03,734 [ERROR] LogOutputStream:75 - [STDERR_REDIRECT] Jul 24, 2026 3:33:03 PM java.util.prefs.FileSystemPreferences checkLockFile0ErrorCode
2026-07-24 15:33:03,734 [ERROR] LogOutputStream:75 - [STDERR_REDIRECT] WARNING: Could not lock System prefs. Unix error code 2.
2026-07-24 15:33:03,734 [ERROR] LogOutputStream:75 - [STDERR_REDIRECT] 
2026-07-24 15:33:03,734 [ERROR] LogOutputStream:75 - [STDERR_REDIRECT] Jul 24, 2026 3:33:03 PM java.util.prefs.FileSystemPreferences syncWorld
2026-07-24 15:33:03,734 [ERROR] LogOutputStream:75 - [STDERR_REDIRECT] WARNING: Couldn't flush system prefs: java.util.prefs.BackingStoreException: Couldn't get file lock.
2026-07-24 15:33:03,734 [ERROR] LogOutputStream:75 - [STDERR_REDIRECT] 
2026-07-24 15:33:33,736 [ERROR] LogOutputStream:75 - [STDERR_REDIRECT] Jul 24, 2026 3:33:33 PM java.util.prefs.FileSystemPreferences checkLockFile0ErrorCode
2026-07-24 15:33:33,736 [ERROR] LogOutputStream:75 - [STDERR_REDIRECT] WARNING: Could not lock System prefs. Unix error code 2.
2026-07-24 15:33:33,736 [ERROR] LogOutputStream:75 - [STDERR_REDIRECT] 
2026-07-24 15:33:33,736 [ERROR] LogOutputStream:75 - [STDERR_REDIRECT] Jul 24, 2026 3:33:33 PM java.util.prefs.FileSystemPreferences syncWorld
2026-07-24 15:33:33,736 [ERROR] LogOutputStream:75 - [STDERR_REDIRECT] WARNING: Couldn't flush system prefs: java.util.prefs.BackingStoreException: Couldn't get file lock.
2026-07-24 15:33:33,736 [ERROR] LogOutputStream:75 - [STDERR_REDIRECT] 
2026-07-24 15:34:03,736 [ERROR] LogOutputStream:75 - [STDERR_REDIRECT] Jul 24, 2026 3:34:03 PM java.util.prefs.FileSystemPreferences checkLockFile0ErrorCode
2026-07-24 15:34:03,736 [ERROR] LogOutputStream:75 - [STDERR_REDIRECT] WARNING: Could not lock System prefs. Unix error code 2.
2026-07-24 15:34:03,736 [ERROR] LogOutputStream:75 - [STDERR_REDIRECT] 
2026-07-24 15:34:03,736 [ERROR] LogOutputStream:75 - [STDERR_REDIRECT] Jul 24, 2026 3:34:03 PM java.util.prefs.FileSystemPreferences syncWorld
2026-07-24 15:34:03,736 [ERROR] LogOutputStream:75 - [STDERR_REDIRECT] WARNING: Couldn't flush system prefs: java.util.prefs.BackingStoreException: Couldn't get file lock.
2026-07-24 15:34:03,736 [ERROR] LogOutputStream:75 - [STDERR_REDIRECT] 
2026-07-24 15:34:33,738 [ERROR] LogOutputStream:75 - [STDERR_REDIRECT] Jul 24, 2026 3:34:33 PM java.util.prefs.FileSystemPreferences checkLockFile0ErrorCode
2026-07-24 15:34:33,738 [ERROR] LogOutputStream:75 - [STDERR_REDIRECT] WARNING: Could not lock System prefs. Unix error code 2.
2026-07-24 15:34:33,738 [ERROR] LogOutputStream:75 - [STDERR_REDIRECT] 
2026-07-24 15:34:33,738 [ERROR] LogOutputStream:75 - [STDERR_REDIRECT] Jul 24, 2026 3:34:33 PM java.util.prefs.FileSystemPreferences syncWorld
2026-07-24 15:34:33,738 [ERROR] LogOutputStream:75 - [STDERR_REDIRECT] WARNING: Couldn't flush system prefs: java.util.prefs.BackingStoreException: Couldn't get file lock.
2026-07-24 15:34:33,738 [ERROR] LogOutputStream:75 - [STDERR_REDIRECT] 
2026-07-24 15:35:03,738 [ERROR] LogOutputStream:75 - [STDERR_REDIRECT] Jul 24, 2026 3:35:03 PM java.util.prefs.FileSystemPreferences checkLockFile0ErrorCode
2026-07-24 15:35:03,738 [ERROR] LogOutputStream:75 - [STDERR_REDIRECT] WARNING: Could not lock System prefs. Unix error code 2.
2026-07-24 15:35:03,738 [ERROR] LogOutputStream:75 - [STDERR_REDIRECT] 
2026-07-24 15:35:03,738 [ERROR] LogOutputStream:75 - [STDERR_REDIRECT] Jul 24, 2026 3:35:03 PM java.util.prefs.FileSystemPreferences syncWorld
2026-07-24 15:35:03,738 [ERROR] LogOutputStream:75 - [STDERR_REDIRECT] WARNING: Couldn't flush system prefs: java.util.prefs.BackingStoreException: Couldn't get file lock.
2026-07-24 15:35:03,739 [ERROR] LogOutputStream:75 - [STDERR_REDIRECT] 
2026-07-24 15:35:33,739 [ERROR] LogOutputStream:75 - [STDERR_REDIRECT] Jul 24, 2026 3:35:33 PM java.util.prefs.FileSystemPreferences checkLockFile0ErrorCode
2026-07-24 15:35:33,739 [ERROR] LogOutputStream:75 - [STDERR_REDIRECT] WARNING: Could not lock System prefs. Unix error code 2.
2026-07-24 15:35:33,739 [ERROR] LogOutputStream:75 - [STDERR_REDIRECT] 
2026-07-24 15:35:33,740 [ERROR] LogOutputStream:75 - [STDERR_REDIRECT] Jul 24, 2026 3:35:33 PM java.util.prefs.FileSystemPreferences syncWorld
2026-07-24 15:35:33,740 [ERROR] LogOutputStream:75 - [STDERR_REDIRECT] WARNING: Couldn't flush system prefs: java.util.prefs.BackingStoreException: Couldn't get file lock.
2026-07-24 15:35:33,740 [ERROR] LogOutputStream:75 - [STDERR_REDIRECT] 
2026-07-24 15:36:03,738 [ERROR] LogOutputStream:75 - [STDERR_REDIRECT] Jul 24, 2026 3:36:03 PM java.util.prefs.FileSystemPreferences checkLockFile0ErrorCode
2026-07-24 15:36:03,738 [ERROR] LogOutputStream:75 - [STDERR_REDIRECT] WARNING: Could not lock System prefs. Unix error code 2.
2026-07-24 15:36:03,738 [ERROR] LogOutputStream:75 - [STDERR_REDIRECT] 
2026-07-24 15:36:03,739 [ERROR] LogOutputStream:75 - [STDERR_REDIRECT] Jul 24, 2026 3:36:03 PM java.util.prefs.FileSystemPreferences syncWorld
2026-07-24 15:36:03,739 [ERROR] LogOutputStream:75 - [STDERR_REDIRECT] WARNING: Couldn't flush system prefs: java.util.prefs.BackingStoreException: Couldn't get file lock.
2026-07-24 15:36:03,739 [ERROR] LogOutputStream:75 - [STDERR_REDIRECT] 
2026-07-24 15:36:33,737 [ERROR] LogOutputStream:75 - [STDERR_REDIRECT] Jul 24, 2026 3:36:33 PM java.util.prefs.FileSystemPreferences checkLockFile0ErrorCode
2026-07-24 15:36:33,738 [ERROR] LogOutputStream:75 - [STDERR_REDIRECT] WARNING: Could not lock System prefs. Unix error code 2.
2026-07-24 15:36:33,738 [ERROR] LogOutputStream:75 - [STDERR_REDIRECT] 
2026-07-24 15:36:33,738 [ERROR] LogOutputStream:75 - [STDERR_REDIRECT] Jul 24, 2026 3:36:33 PM java.util.prefs.FileSystemPreferences syncWorld
2026-07-24 15:36:33,738 [ERROR] LogOutputStream:75 - [STDERR_REDIRECT] WARNING: Couldn't flush system prefs: java.util.prefs.BackingStoreException: Couldn't get file lock.
2026-07-24 15:36:33,738 [ERROR] LogOutputStream:75 - [STDERR_REDIRECT] 
2026-07-24 15:37:03,739 [ERROR] LogOutputStream:75 - [STDERR_REDIRECT] Jul 24, 2026 3:37:03 PM java.util.prefs.FileSystemPreferences checkLockFile0ErrorCode
2026-07-24 15:37:03,739 [ERROR] LogOutputStream:75 - [STDERR_REDIRECT] WARNING: Could not lock System prefs. Unix error code 2.
2026-07-24 15:37:03,739 [ERROR] LogOutputStream:75 - [STDERR_REDIRECT] 
2026-07-24 15:37:03,739 [ERROR] LogOutputStream:75 - [STDERR_REDIRECT] Jul 24, 2026 3:37:03 PM java.util.prefs.FileSystemPreferences syncWorld
2026-07-24 15:37:03,739 [ERROR] LogOutputStream:75 - [STDERR_REDIRECT] WARNING: Couldn't flush system prefs: java.util.prefs.BackingStoreException: Couldn't get file lock.
2026-07-24 15:37:03,739 [ERROR] LogOutputStream:75 - [STDERR_REDIRECT] 
2026-07-24 15:37:33,739 [ERROR] LogOutputStream:75 - [STDERR_REDIRECT] Jul 24, 2026 3:37:33 PM java.util.prefs.FileSystemPreferences checkLockFile0ErrorCode
2026-07-24 15:37:33,739 [ERROR] LogOutputStream:75 - [STDERR_REDIRECT] WARNING: Could not lock System prefs. Unix error code 2.
2026-07-24 15:37:33,739 [ERROR] LogOutputStream:75 - [STDERR_REDIRECT] 
2026-07-24 15:37:33,739 [ERROR] LogOutputStream:75 - [STDERR_REDIRECT] Jul 24, 2026 3:37:33 PM java.util.prefs.FileSystemPreferences syncWorld
2026-07-24 15:37:33,740 [ERROR] LogOutputStream:75 - [STDERR_REDIRECT] WARNING: Couldn't flush system prefs: java.util.prefs.BackingStoreException: Couldn't get file lock.
2026-07-24 15:37:33,740 [ERROR] LogOutputStream:75 - [STDERR_REDIRECT] 
2026-07-24 15:38:03,739 [ERROR] LogOutputStream:75 - [STDERR_REDIRECT] Jul 24, 2026 3:38:03 PM java.util.prefs.FileSystemPreferences checkLockFile0ErrorCode
2026-07-24 15:38:03,739 [ERROR] LogOutputStream:75 - [STDERR_REDIRECT] WARNING: Could not lock System prefs. Unix error code 2.
2026-07-24 15:38:03,739 [ERROR] LogOutputStream:75 - [STDERR_REDIRECT] 
2026-07-24 15:38:03,739 [ERROR] LogOutputStream:75 - [STDERR_REDIRECT] Jul 24, 2026 3:38:03 PM java.util.prefs.FileSystemPreferences syncWorld
2026-07-24 15:38:03,740 [ERROR] LogOutputStream:75 - [STDERR_REDIRECT] WARNING: Couldn't flush system prefs: java.util.prefs.BackingStoreException: Couldn't get file lock.
2026-07-24 15:38:03,740 [ERROR] LogOutputStream:75 - [STDERR_REDIRECT] 
2026-07-24 15:38:33,740 [ERROR] LogOutputStream:75 - [STDERR_REDIRECT] Jul 24, 2026 3:38:33 PM java.util.prefs.FileSystemPreferences checkLockFile0ErrorCode
2026-07-24 15:38:33,740 [ERROR] LogOutputStream:75 - [STDERR_REDIRECT] WARNING: Could not lock System prefs. Unix error code 2.
2026-07-24 15:38:33,741 [ERROR] LogOutputStream:75 - [STDERR_REDIRECT] 
2026-07-24 15:38:33,741 [ERROR] LogOutputStream:75 - [STDERR_REDIRECT] Jul 24, 2026 3:38:33 PM java.util.prefs.FileSystemPreferences syncWorld
2026-07-24 15:38:33,741 [ERROR] LogOutputStream:75 - [STDERR_REDIRECT] WARNING: Couldn't flush system prefs: java.util.prefs.BackingStoreException: Couldn't get file lock.
2026-07-24 15:38:33,741 [ERROR] LogOutputStream:75 - [STDERR_REDIRECT] 
2026-07-24 15:39:03,740 [ERROR] LogOutputStream:75 - [STDERR_REDIRECT] Jul 24, 2026 3:39:03 PM java.util.prefs.FileSystemPreferences checkLockFile0ErrorCode
2026-07-24 15:39:03,740 [ERROR] LogOutputStream:75 - [STDERR_REDIRECT] WARNING: Could not lock System prefs. Unix error code 2.
2026-07-24 15:39:03,741 [ERROR] LogOutputStream:75 - [STDERR_REDIRECT] 
2026-07-24 15:39:03,741 [ERROR] LogOutputStream:75 - [STDERR_REDIRECT] Jul 24, 2026 3:39:03 PM java.util.prefs.FileSystemPreferences syncWorld
2026-07-24 15:39:03,741 [ERROR] LogOutputStream:75 - [STDERR_REDIRECT] WARNING: Couldn't flush system prefs: java.util.prefs.BackingStoreException: Couldn't get file lock.
2026-07-24 15:39:03,741 [ERROR] LogOutputStream:75 - [STDERR_REDIRECT] 
2026-07-24 15:39:33,741 [ERROR] LogOutputStream:75 - [STDERR_REDIRECT] Jul 24, 2026 3:39:33 PM java.util.prefs.FileSystemPreferences checkLockFile0ErrorCode
2026-07-24 15:39:33,741 [ERROR] LogOutputStream:75 - [STDERR_REDIRECT] WARNING: Could not lock System prefs. Unix error code 2.
2026-07-24 15:39:33,741 [ERROR] LogOutputStream:75 - [STDERR_REDIRECT] 
2026-07-24 15:39:33,741 [ERROR] LogOutputStream:75 - [STDERR_REDIRECT] Jul 24, 2026 3:39:33 PM java.util.prefs.FileSystemPreferences syncWorld
2026-07-24 15:39:33,741 [ERROR] LogOutputStream:75 - [STDERR_REDIRECT] WARNING: Couldn't flush system prefs: java.util.prefs.BackingStoreException: Couldn't get file lock.
2026-07-24 15:39:33,741 [ERROR] LogOutputStream:75 - [STDERR_REDIRECT] 
2026-07-24 15:40:03,741 [ERROR] LogOutputStream:75 - [STDERR_REDIRECT] Jul 24, 2026 3:40:03 PM java.util.prefs.FileSystemPreferences checkLockFile0ErrorCode
2026-07-24 15:40:03,741 [ERROR] LogOutputStream:75 - [STDERR_REDIRECT] WARNING: Could not lock System prefs. Unix error code 2.
2026-07-24 15:40:03,741 [ERROR] LogOutputStream:75 - [STDERR_REDIRECT] 
2026-07-24 15:40:03,741 [ERROR] LogOutputStream:75 - [STDERR_REDIRECT] Jul 24, 2026 3:40:03 PM java.util.prefs.FileSystemPreferences syncWorld
2026-07-24 15:40:03,741 [ERROR] LogOutputStream:75 - [STDERR_REDIRECT] WARNING: Couldn't flush system prefs: java.util.prefs.BackingStoreException: Couldn't get file lock.
2026-07-24 15:40:03,741 [ERROR] LogOutputStream:75 - [STDERR_REDIRECT] 
2026-07-24 15:40:33,741 [ERROR] LogOutputStream:75 - [STDERR_REDIRECT] Jul 24, 2026 3:40:33 PM java.util.prefs.FileSystemPreferences checkLockFile0ErrorCode
2026-07-24 15:40:33,742 [ERROR] LogOutputStream:75 - [STDERR_REDIRECT] WARNING: Could not lock System prefs. Unix error code 2.
2026-07-24 15:40:33,742 [ERROR] LogOutputStream:75 - [STDERR_REDIRECT] 
2026-07-24 15:40:33,742 [ERROR] LogOutputStream:75 - [STDERR_REDIRECT] Jul 24, 2026 3:40:33 PM java.util.prefs.FileSystemPreferences syncWorld
2026-07-24 15:40:33,742 [ERROR] LogOutputStream:75 - [STDERR_REDIRECT] WARNING: Couldn't flush system prefs: java.util.prefs.BackingStoreException: Couldn't get file lock.
2026-07-24 15:40:33,742 [ERROR] LogOutputStream:75 - [STDERR_REDIRECT] 
2026-07-24 15:41:03,742 [ERROR] LogOutputStream:75 - [STDERR_REDIRECT] Jul 24, 2026 3:41:03 PM java.util.prefs.FileSystemPreferences checkLockFile0ErrorCode
2026-07-24 15:41:03,742 [ERROR] LogOutputStream:75 - [STDERR_REDIRECT] WARNING: Could not lock System prefs. Unix error code 2.
2026-07-24 15:41:03,742 [ERROR] LogOutputStream:75 - [STDERR_REDIRECT] 
2026-07-24 15:41:03,742 [ERROR] LogOutputStream:75 - [STDERR_REDIRECT] Jul 24, 2026 3:41:03 PM java.util.prefs.FileSystemPreferences syncWorld
2026-07-24 15:41:03,743 [ERROR] LogOutputStream:75 - [STDERR_REDIRECT] WARNING: Couldn't flush system prefs: java.util.prefs.BackingStoreException: Couldn't get file lock.
2026-07-24 15:41:03,743 [ERROR] LogOutputStream:75 - [STDERR_REDIRECT] 
2026-07-24 15:41:33,741 [ERROR] LogOutputStream:75 - [STDERR_REDIRECT] Jul 24, 2026 3:41:33 PM java.util.prefs.FileSystemPreferences checkLockFile0ErrorCode
2026-07-24 15:41:33,742 [ERROR] LogOutputStream:75 - [STDERR_REDIRECT] WARNING: Could not lock System prefs. Unix error code 2.
2026-07-24 15:41:33,742 [ERROR] LogOutputStream:75 - [STDERR_REDIRECT] 
2026-07-24 15:41:33,742 [ERROR] LogOutputStream:75 - [STDERR_REDIRECT] Jul 24, 2026 3:41:33 PM java.util.prefs.FileSystemPreferences syncWorld
2026-07-24 15:41:33,742 [ERROR] LogOutputStream:75 - [STDERR_REDIRECT] WARNING: Couldn't flush system prefs: java.util.prefs.BackingStoreException: Couldn't get file lock.
2026-07-24 15:41:33,742 [ERROR] LogOutputStream:75 - [STDERR_REDIRECT] 
2026-07-24 15:42:03,742 [ERROR] LogOutputStream:75 - [STDERR_REDIRECT] Jul 24, 2026 3:42:03 PM java.util.prefs.FileSystemPreferences checkLockFile0ErrorCode
2026-07-24 15:42:03,742 [ERROR] LogOutputStream:75 - [STDERR_REDIRECT] WARNING: Could not lock System prefs. Unix error code 2.
2026-07-24 15:42:03,742 [ERROR] LogOutputStream:75 - [STDERR_REDIRECT] 
2026-07-24 15:42:03,743 [ERROR] LogOutputStream:75 - [STDERR_REDIRECT] Jul 24, 2026 3:42:03 PM java.util.prefs.FileSystemPreferences syncWorld
2026-07-24 15:42:03,743 [ERROR] LogOutputStream:75 - [STDERR_REDIRECT] WARNING: Couldn't flush system prefs: java.util.prefs.BackingStoreException: Couldn't get file lock.
2026-07-24 15:42:03,743 [ERROR] LogOutputStream:75 - [STDERR_REDIRECT] 
2026-07-24 15:42:33,742 [ERROR] LogOutputStream:75 - [STDERR_REDIRECT] Jul 24, 2026 3:42:33 PM java.util.prefs.FileSystemPreferences checkLockFile0ErrorCode
2026-07-24 15:42:33,742 [ERROR] LogOutputStream:75 - [STDERR_REDIRECT] WARNING: Could not lock System prefs. Unix error code 2.
2026-07-24 15:42:33,742 [ERROR] LogOutputStream:75 - [STDERR_REDIRECT] 
2026-07-24 15:42:33,742 [ERROR] LogOutputStream:75 - [STDERR_REDIRECT] Jul 24, 2026 3:42:33 PM java.util.prefs.FileSystemPreferences syncWorld
2026-07-24 15:42:33,742 [ERROR] LogOutputStream:75 - [STDERR_REDIRECT] WARNING: Couldn't flush system prefs: java.util.prefs.BackingStoreException: Couldn't get file lock.
2026-07-24 15:42:33,742 [ERROR] LogOutputStream:75 - [STDERR_REDIRECT] 
2026-07-24 15:43:03,743 [ERROR] LogOutputStream:75 - [STDERR_REDIRECT] Jul 24, 2026 3:43:03 PM java.util.prefs.FileSystemPreferences checkLockFile0ErrorCode
2026-07-24 15:43:03,743 [ERROR] LogOutputStream:75 - [STDERR_REDIRECT] WARNING: Could not lock System prefs. Unix error code 2.
2026-07-24 15:43:03,743 [ERROR] LogOutputStream:75 - [STDERR_REDIRECT] 
2026-07-24 15:43:03,743 [ERROR] LogOutputStream:75 - [STDERR_REDIRECT] Jul 24, 2026 3:43:03 PM java.util.prefs.FileSystemPreferences syncWorld
2026-07-24 15:43:03,743 [ERROR] LogOutputStream:75 - [STDERR_REDIRECT] WARNING: Couldn't flush system prefs: java.util.prefs.BackingStoreException: Couldn't get file lock.
2026-07-24 15:43:03,743 [ERROR] LogOutputStream:75 - [STDERR_REDIRECT] 
2026-07-24 15:43:33,743 [ERROR] LogOutputStream:75 - [STDERR_REDIRECT] Jul 24, 2026 3:43:33 PM java.util.prefs.FileSystemPreferences checkLockFile0ErrorCode
2026-07-24 15:43:33,743 [ERROR] LogOutputStream:75 - [STDERR_REDIRECT] WARNING: Could not lock System prefs. Unix error code 2.
2026-07-24 15:43:33,743 [ERROR] LogOutputStream:75 - [STDERR_REDIRECT] 
2026-07-24 15:43:33,744 [ERROR] LogOutputStream:75 - [STDERR_REDIRECT] Jul 24, 2026 3:43:33 PM java.util.prefs.FileSystemPreferences syncWorld
2026-07-24 15:43:33,744 [ERROR] LogOutputStream:75 - [STDERR_REDIRECT] WARNING: Couldn't flush system prefs: java.util.prefs.BackingStoreException: Couldn't get file lock.
2026-07-24 15:43:33,744 [ERROR] LogOutputStream:75 - [STDERR_REDIRECT] 
2026-07-24 15:44:03,742 [ERROR] LogOutputStream:75 - [STDERR_REDIRECT] Jul 24, 2026 3:44:03 PM java.util.prefs.FileSystemPreferences checkLockFile0ErrorCode
2026-07-24 15:44:03,742 [ERROR] LogOutputStream:75 - [STDERR_REDIRECT] WARNING: Could not lock System prefs. Unix error code 2.
2026-07-24 15:44:03,742 [ERROR] LogOutputStream:75 - [STDERR_REDIRECT] 
2026-07-24 15:44:03,742 [ERROR] LogOutputStream:75 - [STDERR_REDIRECT] Jul 24, 2026 3:44:03 PM java.util.prefs.FileSystemPreferences syncWorld
2026-07-24 15:44:03,743 [ERROR] LogOutputStream:75 - [STDERR_REDIRECT] WARNING: Couldn't flush system prefs: java.util.prefs.BackingStoreException: Couldn't get file lock.
2026-07-24 15:44:03,743 [ERROR] LogOutputStream:75 - [STDERR_REDIRECT] 
2026-07-24 15:44:33,742 [ERROR] LogOutputStream:75 - [STDERR_REDIRECT] Jul 24, 2026 3:44:33 PM java.util.prefs.FileSystemPreferences checkLockFile0ErrorCode
2026-07-24 15:44:33,743 [ERROR] LogOutputStream:75 - [STDERR_REDIRECT] WARNING: Could not lock System prefs. Unix error code 2.
2026-07-24 15:44:33,743 [ERROR] LogOutputStream:75 - [STDERR_REDIRECT] 
2026-07-24 15:44:33,743 [ERROR] LogOutputStream:75 - [STDERR_REDIRECT] Jul 24, 2026 3:44:33 PM java.util.prefs.FileSystemPreferences syncWorld
2026-07-24 15:44:33,743 [ERROR] LogOutputStream:75 - [STDERR_REDIRECT] WARNING: Couldn't flush system prefs: java.util.prefs.BackingStoreException: Couldn't get file lock.
2026-07-24 15:44:33,743 [ERROR] LogOutputStream:75 - [STDERR_REDIRECT] 
2026-07-24 15:45:03,743 [ERROR] LogOutputStream:75 - [STDERR_REDIRECT] Jul 24, 2026 3:45:03 PM java.util.prefs.FileSystemPreferences checkLockFile0ErrorCode
2026-07-24 15:45:03,743 [ERROR] LogOutputStream:75 - [STDERR_REDIRECT] WARNING: Could not lock System prefs. Unix error code 2.
2026-07-24 15:45:03,743 [ERROR] LogOutputStream:75 - [STDERR_REDIRECT] 
2026-07-24 15:45:03,744 [ERROR] LogOutputStream:75 - [STDERR_REDIRECT] Jul 24, 2026 3:45:03 PM java.util.prefs.FileSystemPreferences syncWorld
2026-07-24 15:45:03,744 [ERROR] LogOutputStream:75 - [STDERR_REDIRECT] WARNING: Couldn't flush system prefs: java.util.prefs.BackingStoreException: Couldn't get file lock.
2026-07-24 15:45:03,744 [ERROR] LogOutputStream:75 - [STDERR_REDIRECT] 
2026-07-24 23:29:32,196 [ERROR] LogOutputStream:75 - [STDERR_REDIRECT] Jul 24, 2026 11:29:32 PM java.util.prefs.FileSystemPreferences checkLockFile0ErrorCode
2026-07-24 23:29:32,197 [ERROR] LogOutputStream:75 - [STDERR_REDIRECT] WARNING: Could not lock System prefs. Unix error code 2.
2026-07-24 23:29:32,197 [ERROR] LogOutputStream:75 - [STDERR_REDIRECT] 
2026-07-24 23:29:32,197 [ERROR] LogOutputStream:75 - [STDERR_REDIRECT] Jul 24, 2026 11:29:32 PM java.util.prefs.FileSystemPreferences syncWorld
2026-07-24 23:29:32,197 [ERROR] LogOutputStream:75 - [STDERR_REDIRECT] WARNING: Couldn't flush system prefs: java.util.prefs.BackingStoreException: Couldn't get file lock.
2026-07-24 23:29:32,197 [ERROR] LogOutputStream:75 - [STDERR_REDIRECT] 
2026-07-24 23:30:02,195 [ERROR] LogOutputStream:75 - [STDERR_REDIRECT] Jul 24, 2026 11:30:02 PM java.util.prefs.FileSystemPreferences checkLockFile0ErrorCode
2026-07-24 23:30:02,195 [ERROR] LogOutputStream:75 - [STDERR_REDIRECT] WARNING: Could not lock System prefs. Unix error code 2.
2026-07-24 23:30:02,195 [ERROR] LogOutputStream:75 - [STDERR_REDIRECT] 
2026-07-24 23:30:02,195 [ERROR] LogOutputStream:75 - [STDERR_REDIRECT] Jul 24, 2026 11:30:02 PM java.util.prefs.FileSystemPreferences syncWorld
2026-07-24 23:30:02,195 [ERROR] LogOutputStream:75 - [STDERR_REDIRECT] WARNING: Couldn't flush system prefs: java.util.prefs.BackingStoreException: Couldn't get file lock.
2026-07-24 23:30:02,195 [ERROR] LogOutputStream:75 - [STDERR_REDIRECT] 
2026-07-24 23:30:32,196 [ERROR] LogOutputStream:75 - [STDERR_REDIRECT] Jul 24, 2026 11:30:32 PM java.util.prefs.FileSystemPreferences checkLockFile0ErrorCode
2026-07-24 23:30:32,196 [ERROR] LogOutputStream:75 - [STDERR_REDIRECT] WARNING: Could not lock System prefs. Unix error code 2.
2026-07-24 23:30:32,196 [ERROR] LogOutputStream:75 - [STDERR_REDIRECT] 
2026-07-24 23:30:32,196 [ERROR] LogOutputStream:75 - [STDERR_REDIRECT] Jul 24, 2026 11:30:32 PM java.util.prefs.FileSystemPreferences syncWorld
2026-07-24 23:30:32,196 [ERROR] LogOutputStream:75 - [STDERR_REDIRECT] WARNING: Couldn't flush system prefs: java.util.prefs.BackingStoreException: Couldn't get file lock.
2026-07-24 23:30:32,196 [ERROR] LogOutputStream:75 - [STDERR_REDIRECT] 
2026-07-24 23:31:02,197 [ERROR] LogOutputStream:75 - [STDERR_REDIRECT] Jul 24, 2026 11:31:02 PM java.util.prefs.FileSystemPreferences checkLockFile0ErrorCode
2026-07-24 23:31:02,198 [ERROR] LogOutputStream:75 - [STDERR_REDIRECT] WARNING: Could not lock System prefs. Unix error code 2.
2026-07-24 23:31:02,198 [ERROR] LogOutputStream:75 - [STDERR_REDIRECT] 
2026-07-24 23:31:02,198 [ERROR] LogOutputStream:75 - [STDERR_REDIRECT] Jul 24, 2026 11:31:02 PM java.util.prefs.FileSystemPreferences syncWorld
2026-07-24 23:31:02,198 [ERROR] LogOutputStream:75 - [STDERR_REDIRECT] WARNING: Couldn't flush system prefs: java.util.prefs.BackingStoreException: Couldn't get file lock.
2026-07-24 23:31:02,198 [ERROR] LogOutputStream:75 - [STDERR_REDIRECT] 
2026-07-24 23:31:32,196 [ERROR] LogOutputStream:75 - [STDERR_REDIRECT] Jul 24, 2026 11:31:32 PM java.util.prefs.FileSystemPreferences checkLockFile0ErrorCode
2026-07-24 23:31:32,196 [ERROR] LogOutputStream:75 - [STDERR_REDIRECT] WARNING: Could not lock System prefs. Unix error code 2.
2026-07-24 23:31:32,196 [ERROR] LogOutputStream:75 - [STDERR_REDIRECT] 
2026-07-24 23:31:32,196 [ERROR] LogOutputStream:75 - [STDERR_REDIRECT] Jul 24, 2026 11:31:32 PM java.util.prefs.FileSystemPreferences syncWorld
2026-07-24 23:31:32,196 [ERROR] LogOutputStream:75 - [STDERR_REDIRECT] WARNING: Couldn't flush system prefs: java.util.prefs.BackingStoreException: Couldn't get file lock.
2026-07-24 23:31:32,197 [ERROR] LogOutputStream:75 - [STDERR_REDIRECT] 
2026-07-24 23:32:02,196 [ERROR] LogOutputStream:75 - [STDERR_REDIRECT] Jul 24, 2026 11:32:02 PM java.util.prefs.FileSystemPreferences checkLockFile0ErrorCode
2026-07-24 23:32:02,196 [ERROR] LogOutputStream:75 - [STDERR_REDIRECT] WARNING: Could not lock System prefs. Unix error code 2.
2026-07-24 23:32:02,196 [ERROR] LogOutputStream:75 - [STDERR_REDIRECT] 
2026-07-24 23:32:02,196 [ERROR] LogOutputStream:75 - [STDERR_REDIRECT] Jul 24, 2026 11:32:02 PM java.util.prefs.FileSystemPreferences syncWorld
2026-07-24 23:32:02,196 [ERROR] LogOutputStream:75 - [STDERR_REDIRECT] WARNING: Couldn't flush system prefs: java.util.prefs.BackingStoreException: Couldn't get file lock.
2026-07-24 23:32:02,196 [ERROR] LogOutputStream:75 - [STDERR_REDIRECT] 
2026-07-24 23:32:32,197 [ERROR] LogOutputStream:75 - [STDERR_REDIRECT] Jul 24, 2026 11:32:32 PM java.util.prefs.FileSystemPreferences checkLockFile0ErrorCode
2026-07-24 23:32:32,198 [ERROR] LogOutputStream:75 - [STDERR_REDIRECT] WARNING: Could not lock System prefs. Unix error code 2.
2026-07-24 23:32:32,198 [ERROR] LogOutputStream:75 - [STDERR_REDIRECT] 
2026-07-24 23:32:32,198 [ERROR] LogOutputStream:75 - [STDERR_REDIRECT] Jul 24, 2026 11:32:32 PM java.util.prefs.FileSystemPreferences syncWorld
2026-07-24 23:32:32,198 [ERROR] LogOutputStream:75 - [STDERR_REDIRECT] WARNING: Couldn't flush system prefs: java.util.prefs.BackingStoreException: Couldn't get file lock.
2026-07-24 23:32:32,198 [ERROR] LogOutputStream:75 - [STDERR_REDIRECT] 
2026-07-24 23:33:02,198 [ERROR] LogOutputStream:75 - [STDERR_REDIRECT] Jul 24, 2026 11:33:02 PM java.util.prefs.FileSystemPreferences checkLockFile0ErrorCode
2026-07-24 23:33:02,198 [ERROR] LogOutputStream:75 - [STDERR_REDIRECT] WARNING: Could not lock System prefs. Unix error code 2.
2026-07-24 23:33:02,198 [ERROR] LogOutputStream:75 - [STDERR_REDIRECT] 
2026-07-24 23:33:02,199 [ERROR] LogOutputStream:75 - [STDERR_REDIRECT] Jul 24, 2026 11:33:02 PM java.util.prefs.FileSystemPreferences syncWorld
2026-07-24 23:33:02,199 [ERROR] LogOutputStream:75 - [STDERR_REDIRECT] WARNING: Couldn't flush system prefs: java.util.prefs.BackingStoreException: Couldn't get file lock.
2026-07-24 23:33:02,199 [ERROR] LogOutputStream:75 - [STDERR_REDIRECT] 
2026-07-24 23:33:32,199 [ERROR] LogOutputStream:75 - [STDERR_REDIRECT] Jul 24, 2026 11:33:32 PM java.util.prefs.FileSystemPreferences checkLockFile0ErrorCode
2026-07-24 23:33:32,199 [ERROR] LogOutputStream:75 - [STDERR_REDIRECT] WARNING: Could not lock System prefs. Unix error code 2.
2026-07-24 23:33:32,199 [ERROR] LogOutputStream:75 - [STDERR_REDIRECT] 
2026-07-24 23:33:32,200 [ERROR] LogOutputStream:75 - [STDERR_REDIRECT] Jul 24, 2026 11:33:32 PM java.util.prefs.FileSystemPreferences syncWorld
2026-07-24 23:33:32,200 [ERROR] LogOutputStream:75 - [STDERR_REDIRECT] WARNING: Couldn't flush system prefs: java.util.prefs.BackingStoreException: Couldn't get file lock.
2026-07-24 23:33:32,200 [ERROR] LogOutputStream:75 - [STDERR_REDIRECT] 
2026-07-24 23:34:02,199 [ERROR] LogOutputStream:75 - [STDERR_REDIRECT] Jul 24, 2026 11:34:02 PM java.util.prefs.FileSystemPreferences checkLockFile0ErrorCode
2026-07-24 23:34:02,199 [ERROR] LogOutputStream:75 - [STDERR_REDIRECT] WARNING: Could not lock System prefs. Unix error code 2.
2026-07-24 23:34:02,199 [ERROR] LogOutputStream:75 - [STDERR_REDIRECT] 
2026-07-24 23:34:02,199 [ERROR] LogOutputStream:75 - [STDERR_REDIRECT] Jul 24, 2026 11:34:02 PM java.util.prefs.FileSystemPreferences syncWorld
2026-07-24 23:34:02,199 [ERROR] LogOutputStream:75 - [STDERR_REDIRECT] WARNING: Couldn't flush system prefs: java.util.prefs.BackingStoreException: Couldn't get file lock.
2026-07-24 23:34:02,199 [ERROR] LogOutputStream:75 - [STDERR_REDIRECT] 
2026-07-24 23:34:32,199 [ERROR] LogOutputStream:75 - [STDERR_REDIRECT] Jul 24, 2026 11:34:32 PM java.util.prefs.FileSystemPreferences checkLockFile0ErrorCode
2026-07-24 23:34:32,199 [ERROR] LogOutputStream:75 - [STDERR_REDIRECT] WARNING: Could not lock System prefs. Unix error code 2.
2026-07-24 23:34:32,199 [ERROR] LogOutputStream:75 - [STDERR_REDIRECT] 
2026-07-24 23:34:32,199 [ERROR] LogOutputStream:75 - [STDERR_REDIRECT] Jul 24, 2026 11:34:32 PM java.util.prefs.FileSystemPreferences syncWorld
2026-07-24 23:34:32,199 [ERROR] LogOutputStream:75 - [STDERR_REDIRECT] WARNING: Couldn't flush system prefs: java.util.prefs.BackingStoreException: Couldn't get file lock.
2026-07-24 23:34:32,199 [ERROR] LogOutputStream:75 - [STDERR_REDIRECT] 
2026-07-24 23:35:02,200 [ERROR] LogOutputStream:75 - [STDERR_REDIRECT] Jul 24, 2026 11:35:02 PM java.util.prefs.FileSystemPreferences checkLockFile0ErrorCode
2026-07-24 23:35:02,200 [ERROR] LogOutputStream:75 - [STDERR_REDIRECT] WARNING: Could not lock System prefs. Unix error code 2.
2026-07-24 23:35:02,201 [ERROR] LogOutputStream:75 - [STDERR_REDIRECT] 
2026-07-24 23:35:02,201 [ERROR] LogOutputStream:75 - [STDERR_REDIRECT] Jul 24, 2026 11:35:02 PM java.util.prefs.FileSystemPreferences syncWorld
2026-07-24 23:35:02,201 [ERROR] LogOutputStream:75 - [STDERR_REDIRECT] WARNING: Couldn't flush system prefs: java.util.prefs.BackingStoreException: Couldn't get file lock.
2026-07-24 23:35:02,201 [ERROR] LogOutputStream:75 - [STDERR_REDIRECT] 
2026-07-24 23:35:32,201 [ERROR] LogOutputStream:75 - [STDERR_REDIRECT] Jul 24, 2026 11:35:32 PM java.util.prefs.FileSystemPreferences checkLockFile0ErrorCode
2026-07-24 23:35:32,201 [ERROR] LogOutputStream:75 - [STDERR_REDIRECT] WARNING: Could not lock System prefs. Unix error code 2.
2026-07-24 23:35:32,201 [ERROR] LogOutputStream:75 - [STDERR_REDIRECT] 
2026-07-24 23:35:32,201 [ERROR] LogOutputStream:75 - [STDERR_REDIRECT] Jul 24, 2026 11:35:32 PM java.util.prefs.FileSystemPreferences syncWorld
2026-07-24 23:35:32,202 [ERROR] LogOutputStream:75 - [STDERR_REDIRECT] WARNING: Couldn't flush system prefs: java.util.prefs.BackingStoreException: Couldn't get file lock.
2026-07-24 23:35:32,202 [ERROR] LogOutputStream:75 - [STDERR_REDIRECT] 
2026-07-24 23:36:02,201 [ERROR] LogOutputStream:75 - [STDERR_REDIRECT] Jul 24, 2026 11:36:02 PM java.util.prefs.FileSystemPreferences checkLockFile0ErrorCode
2026-07-24 23:36:02,201 [ERROR] LogOutputStream:75 - [STDERR_REDIRECT] WARNING: Could not lock System prefs. Unix error code 2.
2026-07-24 23:36:02,201 [ERROR] LogOutputStream:75 - [STDERR_REDIRECT] 
2026-07-24 23:36:02,202 [ERROR] LogOutputStream:75 - [STDERR_REDIRECT] Jul 24, 2026 11:36:02 PM java.util.prefs.FileSystemPreferences syncWorld
2026-07-24 23:36:02,202 [ERROR] LogOutputStream:75 - [STDERR_REDIRECT] WARNING: Couldn't flush system prefs: java.util.prefs.BackingStoreException: Couldn't get file lock.
2026-07-24 23:36:02,202 [ERROR] LogOutputStream:75 - [STDERR_REDIRECT] 
2026-07-24 23:36:32,201 [ERROR] LogOutputStream:75 - [STDERR_REDIRECT] Jul 24, 2026 11:36:32 PM java.util.prefs.FileSystemPreferences checkLockFile0ErrorCode
2026-07-24 23:36:32,201 [ERROR] LogOutputStream:75 - [STDERR_REDIRECT] WARNING: Could not lock System prefs. Unix error code 2.
2026-07-24 23:36:32,201 [ERROR] LogOutputStream:75 - [STDERR_REDIRECT] 
2026-07-24 23:36:32,202 [ERROR] LogOutputStream:75 - [STDERR_REDIRECT] Jul 24, 2026 11:36:32 PM java.util.prefs.FileSystemPreferences syncWorld
2026-07-24 23:36:32,202 [ERROR] LogOutputStream:75 - [STDERR_REDIRECT] WARNING: Couldn't flush system prefs: java.util.prefs.BackingStoreException: Couldn't get file lock.
2026-07-24 23:36:32,202 [ERROR] LogOutputStream:75 - [STDERR_REDIRECT] 
2026-07-24 23:37:02,201 [ERROR] LogOutputStream:75 - [STDERR_REDIRECT] Jul 24, 2026 11:37:02 PM java.util.prefs.FileSystemPreferences checkLockFile0ErrorCode
2026-07-24 23:37:02,202 [ERROR] LogOutputStream:75 - [STDERR_REDIRECT] WARNING: Could not lock System prefs. Unix error code 2.
2026-07-24 23:37:02,202 [ERROR] LogOutputStream:75 - [STDERR_REDIRECT] 
2026-07-24 23:37:02,202 [ERROR] LogOutputStream:75 - [STDERR_REDIRECT] Jul 24, 2026 11:37:02 PM java.util.prefs.FileSystemPreferences syncWorld
2026-07-24 23:37:02,202 [ERROR] LogOutputStream:75 - [STDERR_REDIRECT] WARNING: Couldn't flush system prefs: java.util.prefs.BackingStoreException: Couldn't get file lock.
2026-07-24 23:37:02,202 [ERROR] LogOutputStream:75 - [STDERR_REDIRECT] 
2026-07-24 23:37:32,202 [ERROR] LogOutputStream:75 - [STDERR_REDIRECT] Jul 24, 2026 11:37:32 PM java.util.prefs.FileSystemPreferences checkLockFile0ErrorCode
2026-07-24 23:37:32,202 [ERROR] LogOutputStream:75 - [STDERR_REDIRECT] WARNING: Could not lock System prefs. Unix error code 2.
2026-07-24 23:37:32,202 [ERROR] LogOutputStream:75 - [STDERR_REDIRECT] 
2026-07-24 23:37:32,202 [ERROR] LogOutputStream:75 - [STDERR_REDIRECT] Jul 24, 2026 11:37:32 PM java.util.prefs.FileSystemPreferences syncWorld
2026-07-24 23:37:32,202 [ERROR] LogOutputStream:75 - [STDERR_REDIRECT] WARNING: Couldn't flush system prefs: java.util.prefs.BackingStoreException: Couldn't get file lock.
2026-07-24 23:37:32,202 [ERROR] LogOutputStream:75 - [STDERR_REDIRECT] 
2026-07-24 23:38:02,203 [ERROR] LogOutputStream:75 - [STDERR_REDIRECT] Jul 24, 2026 11:38:02 PM java.util.prefs.FileSystemPreferences checkLockFile0ErrorCode
2026-07-24 23:38:02,203 [ERROR] LogOutputStream:75 - [STDERR_REDIRECT] WARNING: Could not lock System prefs. Unix error code 2.
2026-07-24 23:38:02,204 [ERROR] LogOutputStream:75 - [STDERR_REDIRECT] 
2026-07-24 23:38:02,204 [ERROR] LogOutputStream:75 - [STDERR_REDIRECT] Jul 24, 2026 11:38:02 PM java.util.prefs.FileSystemPreferences syncWorld
2026-07-24 23:38:02,204 [ERROR] LogOutputStream:75 - [STDERR_REDIRECT] WARNING: Couldn't flush system prefs: java.util.prefs.BackingStoreException: Couldn't get file lock.
2026-07-24 23:38:02,204 [ERROR] LogOutputStream:75 - [STDERR_REDIRECT] 
2026-07-24 23:38:32,202 [ERROR] LogOutputStream:75 - [STDERR_REDIRECT] Jul 24, 2026 11:38:32 PM java.util.prefs.FileSystemPreferences checkLockFile0ErrorCode
2026-07-24 23:38:32,202 [ERROR] LogOutputStream:75 - [STDERR_REDIRECT] WARNING: Could not lock System prefs. Unix error code 2.
2026-07-24 23:38:32,202 [ERROR] LogOutputStream:75 - [STDERR_REDIRECT] 
2026-07-24 23:38:32,203 [ERROR] LogOutputStream:75 - [STDERR_REDIRECT] Jul 24, 2026 11:38:32 PM java.util.prefs.FileSystemPreferences syncWorld
2026-07-24 23:38:32,203 [ERROR] LogOutputStream:75 - [STDERR_REDIRECT] WARNING: Couldn't flush system prefs: java.util.prefs.BackingStoreException: Couldn't get file lock.
2026-07-24 23:38:32,203 [ERROR] LogOutputStream:75 - [STDERR_REDIRECT] 
2026-07-24 23:39:02,202 [ERROR] LogOutputStream:75 - [STDERR_REDIRECT] Jul 24, 2026 11:39:02 PM java.util.prefs.FileSystemPreferences checkLockFile0ErrorCode
2026-07-24 23:39:02,203 [ERROR] LogOutputStream:75 - [STDERR_REDIRECT] WARNING: Could not lock System prefs. Unix error code 2.
2026-07-24 23:39:02,203 [ERROR] LogOutputStream:75 - [STDERR_REDIRECT] 
2026-07-24 23:39:02,203 [ERROR] LogOutputStream:75 - [STDERR_REDIRECT] Jul 24, 2026 11:39:02 PM java.util.prefs.FileSystemPreferences syncWorld
2026-07-24 23:39:02,203 [ERROR] LogOutputStream:75 - [STDERR_REDIRECT] WARNING: Couldn't flush system prefs: java.util.prefs.BackingStoreException: Couldn't get file lock.
2026-07-24 23:39:02,203 [ERROR] LogOutputStream:75 - [STDERR_REDIRECT] 
2026-07-24 23:39:32,202 [ERROR] LogOutputStream:75 - [STDERR_REDIRECT] Jul 24, 2026 11:39:32 PM java.util.prefs.FileSystemPreferences checkLockFile0ErrorCode
2026-07-24 23:39:32,202 [ERROR] LogOutputStream:75 - [STDERR_REDIRECT] WARNING: Could not lock System prefs. Unix error code 2.
2026-07-24 23:39:32,202 [ERROR] LogOutputStream:75 - [STDERR_REDIRECT] 
2026-07-24 23:39:32,203 [ERROR] LogOutputStream:75 - [STDERR_REDIRECT] Jul 24, 2026 11:39:32 PM java.util.prefs.FileSystemPreferences syncWorld
2026-07-24 23:39:32,203 [ERROR] LogOutputStream:75 - [STDERR_REDIRECT] WARNING: Couldn't flush system prefs: java.util.prefs.BackingStoreException: Couldn't get file lock.
2026-07-24 23:39:32,203 [ERROR] LogOutputStream:75 - [STDERR_REDIRECT] 
2026-07-24 23:40:02,203 [ERROR] LogOutputStream:75 - [STDERR_REDIRECT] Jul 24, 2026 11:40:02 PM java.util.prefs.FileSystemPreferences checkLockFile0ErrorCode
2026-07-24 23:40:02,203 [ERROR] LogOutputStream:75 - [STDERR_REDIRECT] WARNING: Could not lock System prefs. Unix error code 2.
2026-07-24 23:40:02,203 [ERROR] LogOutputStream:75 - [STDERR_REDIRECT] 
2026-07-24 23:40:02,203 [ERROR] LogOutputStream:75 - [STDERR_REDIRECT] Jul 24, 2026 11:40:02 PM java.util.prefs.FileSystemPreferences syncWorld
2026-07-24 23:40:02,204 [ERROR] LogOutputStream:75 - [STDERR_REDIRECT] WARNING: Couldn't flush system prefs: java.util.prefs.BackingStoreException: Couldn't get file lock.
2026-07-24 23:40:02,204 [ERROR] LogOutputStream:75 - [STDERR_REDIRECT] 
2026-07-24 23:40:32,202 [ERROR] LogOutputStream:75 - [STDERR_REDIRECT] Jul 24, 2026 11:40:32 PM java.util.prefs.FileSystemPreferences checkLockFile0ErrorCode
2026-07-24 23:40:32,203 [ERROR] LogOutputStream:75 - [STDERR_REDIRECT] WARNING: Could not lock System prefs. Unix error code 2.
2026-07-24 23:40:32,203 [ERROR] LogOutputStream:75 - [STDERR_REDIRECT] 
2026-07-24 23:40:32,203 [ERROR] LogOutputStream:75 - [STDERR_REDIRECT] Jul 24, 2026 11:40:32 PM java.util.prefs.FileSystemPreferences syncWorld
2026-07-24 23:40:32,203 [ERROR] LogOutputStream:75 - [STDERR_REDIRECT] WARNING: Couldn't flush system prefs: java.util.prefs.BackingStoreException: Couldn't get file lock.
2026-07-24 23:40:32,203 [ERROR] LogOutputStream:75 - [STDERR_REDIRECT] 
2026-07-24 23:41:02,203 [ERROR] LogOutputStream:75 - [STDERR_REDIRECT] Jul 24, 2026 11:41:02 PM java.util.prefs.FileSystemPreferences checkLockFile0ErrorCode
2026-07-24 23:41:02,203 [ERROR] LogOutputStream:75 - [STDERR_REDIRECT] WARNING: Could not lock System prefs. Unix error code 2.
2026-07-24 23:41:02,203 [ERROR] LogOutputStream:75 - [STDERR_REDIRECT] 
2026-07-24 23:41:02,203 [ERROR] LogOutputStream:75 - [STDERR_REDIRECT] Jul 24, 2026 11:41:02 PM java.util.prefs.FileSystemPreferences syncWorld
2026-07-24 23:41:02,204 [ERROR] LogOutputStream:75 - [STDERR_REDIRECT] WARNING: Couldn't flush system prefs: java.util.prefs.BackingStoreException: Couldn't get file lock.
2026-07-24 23:41:02,204 [ERROR] LogOutputStream:75 - [STDERR_REDIRECT] 
2026-07-24 23:41:32,203 [ERROR] LogOutputStream:75 - [STDERR_REDIRECT] Jul 24, 2026 11:41:32 PM java.util.prefs.FileSystemPreferences checkLockFile0ErrorCode
2026-07-24 23:41:32,203 [ERROR] LogOutputStream:75 - [STDERR_REDIRECT] WARNING: Could not lock System prefs. Unix error code 2.
2026-07-24 23:41:32,203 [ERROR] LogOutputStream:75 - [STDERR_REDIRECT] 
2026-07-24 23:41:32,204 [ERROR] LogOutputStream:75 - [STDERR_REDIRECT] Jul 24, 2026 11:41:32 PM java.util.prefs.FileSystemPreferences syncWorld
2026-07-24 23:41:32,204 [ERROR] LogOutputStream:75 - [STDERR_REDIRECT] WARNING: Couldn't flush system prefs: java.util.prefs.BackingStoreException: Couldn't get file lock.
2026-07-24 23:41:32,204 [ERROR] LogOutputStream:75 - [STDERR_REDIRECT] 
2026-07-24 23:42:02,202 [ERROR] LogOutputStream:75 - [STDERR_REDIRECT] Jul 24, 2026 11:42:02 PM java.util.prefs.FileSystemPreferences checkLockFile0ErrorCode
2026-07-24 23:42:02,203 [ERROR] LogOutputStream:75 - [STDERR_REDIRECT] WARNING: Could not lock System prefs. Unix error code 2.
2026-07-24 23:42:02,203 [ERROR] LogOutputStream:75 - [STDERR_REDIRECT] 
2026-07-24 23:42:02,203 [ERROR] LogOutputStream:75 - [STDERR_REDIRECT] Jul 24, 2026 11:42:02 PM java.util.prefs.FileSystemPreferences syncWorld
2026-07-24 23:42:02,203 [ERROR] LogOutputStream:75 - [STDERR_REDIRECT] WARNING: Couldn't flush system prefs: java.util.prefs.BackingStoreException: Couldn't get file lock.
2026-07-24 23:42:02,203 [ERROR] LogOutputStream:75 - [STDERR_REDIRECT] 
2026-07-24 23:42:32,202 [ERROR] LogOutputStream:75 - [STDERR_REDIRECT] Jul 24, 2026 11:42:32 PM java.util.prefs.FileSystemPreferences checkLockFile0ErrorCode
2026-07-24 23:42:32,202 [ERROR] LogOutputStream:75 - [STDERR_REDIRECT] WARNING: Could not lock System prefs. Unix error code 2.
2026-07-24 23:42:32,202 [ERROR] LogOutputStream:75 - [STDERR_REDIRECT] 
2026-07-24 23:42:32,202 [ERROR] LogOutputStream:75 - [STDERR_REDIRECT] Jul 24, 2026 11:42:32 PM java.util.prefs.FileSystemPreferences syncWorld
2026-07-24 23:42:32,202 [ERROR] LogOutputStream:75 - [STDERR_REDIRECT] WARNING: Couldn't flush system prefs: java.util.prefs.BackingStoreException: Couldn't get file lock.
2026-07-24 23:42:32,202 [ERROR] LogOutputStream:75 - [STDERR_REDIRECT] 
2026-07-24 23:43:02,203 [ERROR] LogOutputStream:75 - [STDERR_REDIRECT] Jul 24, 2026 11:43:02 PM java.util.prefs.FileSystemPreferences checkLockFile0ErrorCode
2026-07-24 23:43:02,204 [ERROR] LogOutputStream:75 - [STDERR_REDIRECT] WARNING: Could not lock System prefs. Unix error code 2.
2026-07-24 23:43:02,204 [ERROR] LogOutputStream:75 - [STDERR_REDIRECT] 
2026-07-24 23:43:02,204 [ERROR] LogOutputStream:75 - [STDERR_REDIRECT] Jul 24, 2026 11:43:02 PM java.util.prefs.FileSystemPreferences syncWorld
2026-07-24 23:43:02,204 [ERROR] LogOutputStream:75 - [STDERR_REDIRECT] WARNING: Couldn't flush system prefs: java.util.prefs.BackingStoreException: Couldn't get file lock.
2026-07-24 23:43:02,204 [ERROR] LogOutputStream:75 - [STDERR_REDIRECT] 
2026-07-24 23:43:32,204 [ERROR] LogOutputStream:75 - [STDERR_REDIRECT] Jul 24, 2026 11:43:32 PM java.util.prefs.FileSystemPreferences checkLockFile0ErrorCode
2026-07-24 23:43:32,204 [ERROR] LogOutputStream:75 - [STDERR_REDIRECT] WARNING: Could not lock System prefs. Unix error code 2.
2026-07-24 23:43:32,204 [ERROR] LogOutputStream:75 - [STDERR_REDIRECT] 
2026-07-24 23:43:32,204 [ERROR] LogOutputStream:75 - [STDERR_REDIRECT] Jul 24, 2026 11:43:32 PM java.util.prefs.FileSystemPreferences syncWorld
2026-07-24 23:43:32,204 [ERROR] LogOutputStream:75 - [STDERR_REDIRECT] WARNING: Couldn't flush system prefs: java.util.prefs.BackingStoreException: Couldn't get file lock.
2026-07-24 23:43:32,204 [ERROR] LogOutputStream:75 - [STDERR_REDIRECT] 
2026-07-24 23:44:02,204 [ERROR] LogOutputStream:75 - [STDERR_REDIRECT] Jul 24, 2026 11:44:02 PM java.util.prefs.FileSystemPreferences checkLockFile0ErrorCode
2026-07-24 23:44:02,205 [ERROR] LogOutputStream:75 - [STDERR_REDIRECT] WARNING: Could not lock System prefs. Unix error code 2.
2026-07-24 23:44:02,205 [ERROR] LogOutputStream:75 - [STDERR_REDIRECT] 
2026-07-24 23:44:02,205 [ERROR] LogOutputStream:75 - [STDERR_REDIRECT] Jul 24, 2026 11:44:02 PM java.util.prefs.FileSystemPreferences syncWorld
2026-07-24 23:44:02,205 [ERROR] LogOutputStream:75 - [STDERR_REDIRECT] WARNING: Couldn't flush system prefs: java.util.prefs.BackingStoreException: Couldn't get file lock.
2026-07-24 23:44:02,205 [ERROR] LogOutputStream:75 - [STDERR_REDIRECT] 
2026-07-24 23:44:32,202 [ERROR] LogOutputStream:75 - [STDERR_REDIRECT] Jul 24, 2026 11:44:32 PM java.util.prefs.FileSystemPreferences checkLockFile0ErrorCode
2026-07-24 23:44:32,203 [ERROR] LogOutputStream:75 - [STDERR_REDIRECT] WARNING: Could not lock System prefs. Unix error code 2.
2026-07-24 23:44:32,203 [ERROR] LogOutputStream:75 - [STDERR_REDIRECT] 
2026-07-24 23:44:32,203 [ERROR] LogOutputStream:75 - [STDERR_REDIRECT] Jul 24, 2026 11:44:32 PM java.util.prefs.FileSystemPreferences syncWorld
2026-07-24 23:44:32,203 [ERROR] LogOutputStream:75 - [STDERR_REDIRECT] WARNING: Couldn't flush system prefs: java.util.prefs.BackingStoreException: Couldn't get file lock.
2026-07-24 23:44:32,203 [ERROR] LogOutputStream:75 - [STDERR_REDIRECT] 
2026-07-24 23:45:02,203 [ERROR] LogOutputStream:75 - [STDERR_REDIRECT] Jul 24, 2026 11:45:02 PM java.util.prefs.FileSystemPreferences checkLockFile0ErrorCode
2026-07-24 23:45:02,203 [ERROR] LogOutputStream:75 - [STDERR_REDIRECT] WARNING: Could not lock System prefs. Unix error code 2.
2026-07-24 23:45:02,203 [ERROR] LogOutputStream:75 - [STDERR_REDIRECT] 
2026-07-24 23:45:02,203 [ERROR] LogOutputStream:75 - [STDERR_REDIRECT] Jul 24, 2026 11:45:02 PM java.util.prefs.FileSystemPreferences syncWorld
2026-07-24 23:45:02,204 [ERROR] LogOutputStream:75 - [STDERR_REDIRECT] WARNING: Couldn't flush system prefs: java.util.prefs.BackingStoreException: Couldn't get file lock.
2026-07-24 23:45:02,204 [ERROR] LogOutputStream:75 - [STDERR_REDIRECT] 
2026-07-24 23:45:32,202 [ERROR] LogOutputStream:75 - [STDERR_REDIRECT] Jul 24, 2026 11:45:32 PM java.util.prefs.FileSystemPreferences checkLockFile0ErrorCode
2026-07-24 23:45:32,203 [ERROR] LogOutputStream:75 - [STDERR_REDIRECT] WARNING: Could not lock System prefs. Unix error code 2.
2026-07-24 23:45:32,203 [ERROR] LogOutputStream:75 - [STDERR_REDIRECT] 
2026-07-24 23:45:32,203 [ERROR] LogOutputStream:75 - [STDERR_REDIRECT] Jul 24, 2026 11:45:32 PM java.util.prefs.FileSystemPreferences syncWorld
2026-07-24 23:45:32,203 [ERROR] LogOutputStream:75 - [STDERR_REDIRECT] WARNING: Couldn't flush system prefs: java.util.prefs.BackingStoreException: Couldn't get file lock.
2026-07-24 23:45:32,203 [ERROR] LogOutputStream:75 - [STDERR_REDIRECT] 
2026-07-24 23:46:02,204 [ERROR] LogOutputStream:75 - [STDERR_REDIRECT] Jul 24, 2026 11:46:02 PM java.util.prefs.FileSystemPreferences checkLockFile0ErrorCode
2026-07-24 23:46:02,204 [ERROR] LogOutputStream:75 - [STDERR_REDIRECT] WARNING: Could not lock System prefs. Unix error code 2.
2026-07-24 23:46:02,204 [ERROR] LogOutputStream:75 - [STDERR_REDIRECT] 
2026-07-24 23:46:02,205 [ERROR] LogOutputStream:75 - [STDERR_REDIRECT] Jul 24, 2026 11:46:02 PM java.util.prefs.FileSystemPreferences syncWorld
2026-07-24 23:46:02,205 [ERROR] LogOutputStream:75 - [STDERR_REDIRECT] WARNING: Couldn't flush system prefs: java.util.prefs.BackingStoreException: Couldn't get file lock.
2026-07-24 23:46:02,205 [ERROR] LogOutputStream:75 - [STDERR_REDIRECT] 
2026-07-24 23:46:32,794 [ERROR] LogOutputStream:75 - [STDERR_REDIRECT] Jul 24, 2026 11:46:32 PM java.util.prefs.FileSystemPreferences checkLockFile0ErrorCode
2026-07-24 23:46:32,795 [ERROR] LogOutputStream:75 - [STDERR_REDIRECT] WARNING: Could not lock System prefs. Unix error code 2.
2026-07-24 23:46:32,795 [ERROR] LogOutputStream:75 - [STDERR_REDIRECT] 
2026-07-24 23:46:32,795 [ERROR] LogOutputStream:75 - [STDERR_REDIRECT] Jul 24, 2026 11:46:32 PM java.util.prefs.FileSystemPreferences syncWorld
2026-07-24 23:46:32,795 [ERROR] LogOutputStream:75 - [STDERR_REDIRECT] WARNING: Couldn't flush system prefs: java.util.prefs.BackingStoreException: Couldn't get file lock.
2026-07-24 23:46:32,795 [ERROR] LogOutputStream:75 - [STDERR_REDIRECT] 
2026-07-24 23:47:02,794 [ERROR] LogOutputStream:75 - [STDERR_REDIRECT] Jul 24, 2026 11:47:02 PM java.util.prefs.FileSystemPreferences checkLockFile0ErrorCode
2026-07-24 23:47:02,794 [ERROR] LogOutputStream:75 - [STDERR_REDIRECT] WARNING: Could not lock System prefs. Unix error code 2.
2026-07-24 23:47:02,794 [ERROR] LogOutputStream:75 - [STDERR_REDIRECT] 
2026-07-24 23:47:02,794 [ERROR] LogOutputStream:75 - [STDERR_REDIRECT] Jul 24, 2026 11:47:02 PM java.util.prefs.FileSystemPreferences syncWorld
2026-07-24 23:47:02,794 [ERROR] LogOutputStream:75 - [STDERR_REDIRECT] WARNING: Couldn't flush system prefs: java.util.prefs.BackingStoreException: Couldn't get file lock.
2026-07-24 23:47:02,794 [ERROR] LogOutputStream:75 - [STDERR_REDIRECT] 
2026-07-24 23:47:32,795 [ERROR] LogOutputStream:75 - [STDERR_REDIRECT] Jul 24, 2026 11:47:32 PM java.util.prefs.FileSystemPreferences checkLockFile0ErrorCode
2026-07-24 23:47:32,795 [ERROR] LogOutputStream:75 - [STDERR_REDIRECT] WARNING: Could not lock System prefs. Unix error code 2.
2026-07-24 23:47:32,795 [ERROR] LogOutputStream:75 - [STDERR_REDIRECT] 
2026-07-24 23:47:32,795 [ERROR] LogOutputStream:75 - [STDERR_REDIRECT] Jul 24, 2026 11:47:32 PM java.util.prefs.FileSystemPreferences syncWorld
2026-07-24 23:47:32,795 [ERROR] LogOutputStream:75 - [STDERR_REDIRECT] WARNING: Couldn't flush system prefs: java.util.prefs.BackingStoreException: Couldn't get file lock.
2026-07-24 23:47:32,796 [ERROR] LogOutputStream:75 - [STDERR_REDIRECT] 
2026-07-24 23:48:02,795 [ERROR] LogOutputStream:75 - [STDERR_REDIRECT] Jul 24, 2026 11:48:02 PM java.util.prefs.FileSystemPreferences checkLockFile0ErrorCode
2026-07-24 23:48:02,795 [ERROR] LogOutputStream:75 - [STDERR_REDIRECT] WARNING: Could not lock System prefs. Unix error code 2.
2026-07-24 23:48:02,795 [ERROR] LogOutputStream:75 - [STDERR_REDIRECT] 
2026-07-24 23:48:02,795 [ERROR] LogOutputStream:75 - [STDERR_REDIRECT] Jul 24, 2026 11:48:02 PM java.util.prefs.FileSystemPreferences syncWorld
2026-07-24 23:48:02,795 [ERROR] LogOutputStream:75 - [STDERR_REDIRECT] WARNING: Couldn't flush system prefs: java.util.prefs.BackingStoreException: Couldn't get file lock.
2026-07-24 23:48:02,795 [ERROR] LogOutputStream:75 - [STDERR_REDIRECT] 
2026-07-24 23:48:32,794 [ERROR] LogOutputStream:75 - [STDERR_REDIRECT] Jul 24, 2026 11:48:32 PM java.util.prefs.FileSystemPreferences checkLockFile0ErrorCode
2026-07-24 23:48:32,795 [ERROR] LogOutputStream:75 - [STDERR_REDIRECT] WARNING: Could not lock System prefs. Unix error code 2.
2026-07-24 23:48:32,795 [ERROR] LogOutputStream:75 - [STDERR_REDIRECT] 
2026-07-24 23:48:32,795 [ERROR] LogOutputStream:75 - [STDERR_REDIRECT] Jul 24, 2026 11:48:32 PM java.util.prefs.FileSystemPreferences syncWorld
2026-07-24 23:48:32,795 [ERROR] LogOutputStream:75 - [STDERR_REDIRECT] WARNING: Couldn't flush system prefs: java.util.prefs.BackingStoreException: Couldn't get file lock.
2026-07-24 23:48:32,795 [ERROR] LogOutputStream:75 - [STDERR_REDIRECT] 
2026-07-24 23:49:02,795 [ERROR] LogOutputStream:75 - [STDERR_REDIRECT] Jul 24, 2026 11:49:02 PM java.util.prefs.FileSystemPreferences checkLockFile0ErrorCode
2026-07-24 23:49:02,795 [ERROR] LogOutputStream:75 - [STDERR_REDIRECT] WARNING: Could not lock System prefs. Unix error code 2.
2026-07-24 23:49:02,795 [ERROR] LogOutputStream:75 - [STDERR_REDIRECT] 
2026-07-24 23:49:02,795 [ERROR] LogOutputStream:75 - [STDERR_REDIRECT] Jul 24, 2026 11:49:02 PM java.util.prefs.FileSystemPreferences syncWorld
2026-07-24 23:49:02,795 [ERROR] LogOutputStream:75 - [STDERR_REDIRECT] WARNING: Couldn't flush system prefs: java.util.prefs.BackingStoreException: Couldn't get file lock.
2026-07-24 23:49:02,795 [ERROR] LogOutputStream:75 - [STDERR_REDIRECT] 
2026-07-24 23:49:32,795 [ERROR] LogOutputStream:75 - [STDERR_REDIRECT] Jul 24, 2026 11:49:32 PM java.util.prefs.FileSystemPreferences checkLockFile0ErrorCode
2026-07-24 23:49:32,795 [ERROR] LogOutputStream:75 - [STDERR_REDIRECT] WARNING: Could not lock System prefs. Unix error code 2.
2026-07-24 23:49:32,795 [ERROR] LogOutputStream:75 - [STDERR_REDIRECT] 
2026-07-24 23:49:32,796 [ERROR] LogOutputStream:75 - [STDERR_REDIRECT] Jul 24, 2026 11:49:32 PM java.util.prefs.FileSystemPreferences syncWorld
2026-07-24 23:49:32,796 [ERROR] LogOutputStream:75 - [STDERR_REDIRECT] WARNING: Couldn't flush system prefs: java.util.prefs.BackingStoreException: Couldn't get file lock.
2026-07-24 23:49:32,796 [ERROR] LogOutputStream:75 - [STDERR_REDIRECT] 
2026-07-24 23:50:02,796 [ERROR] LogOutputStream:75 - [STDERR_REDIRECT] Jul 24, 2026 11:50:02 PM java.util.prefs.FileSystemPreferences checkLockFile0ErrorCode
2026-07-24 23:50:02,796 [ERROR] LogOutputStream:75 - [STDERR_REDIRECT] WARNING: Could not lock System prefs. Unix error code 2.
2026-07-24 23:50:02,796 [ERROR] LogOutputStream:75 - [STDERR_REDIRECT] 
2026-07-24 23:50:02,796 [ERROR] LogOutputStream:75 - [STDERR_REDIRECT] Jul 24, 2026 11:50:02 PM java.util.prefs.FileSystemPreferences syncWorld
2026-07-24 23:50:02,796 [ERROR] LogOutputStream:75 - [STDERR_REDIRECT] WARNING: Couldn't flush system prefs: java.util.prefs.BackingStoreException: Couldn't get file lock.
2026-07-24 23:50:02,796 [ERROR] LogOutputStream:75 - [STDERR_REDIRECT] 
2026-07-24 23:50:32,796 [ERROR] LogOutputStream:75 - [STDERR_REDIRECT] Jul 24, 2026 11:50:32 PM java.util.prefs.FileSystemPreferences checkLockFile0ErrorCode
2026-07-24 23:50:32,797 [ERROR] LogOutputStream:75 - [STDERR_REDIRECT] WARNING: Could not lock System prefs. Unix error code 2.
2026-07-24 23:50:32,797 [ERROR] LogOutputStream:75 - [STDERR_REDIRECT] 
2026-07-24 23:50:32,797 [ERROR] LogOutputStream:75 - [STDERR_REDIRECT] Jul 24, 2026 11:50:32 PM java.util.prefs.FileSystemPreferences syncWorld
2026-07-24 23:50:32,797 [ERROR] LogOutputStream:75 - [STDERR_REDIRECT] WARNING: Couldn't flush system prefs: java.util.prefs.BackingStoreException: Couldn't get file lock.
2026-07-24 23:50:32,798 [ERROR] LogOutputStream:75 - [STDERR_REDIRECT] 
2026-07-24 23:51:02,797 [ERROR] LogOutputStream:75 - [STDERR_REDIRECT] Jul 24, 2026 11:51:02 PM java.util.prefs.FileSystemPreferences checkLockFile0ErrorCode
2026-07-24 23:51:02,797 [ERROR] LogOutputStream:75 - [STDERR_REDIRECT] WARNING: Could not lock System prefs. Unix error code 2.
2026-07-24 23:51:02,797 [ERROR] LogOutputStream:75 - [STDERR_REDIRECT] 
2026-07-24 23:51:02,797 [ERROR] LogOutputStream:75 - [STDERR_REDIRECT] Jul 24, 2026 11:51:02 PM java.util.prefs.FileSystemPreferences syncWorld
2026-07-24 23:51:02,797 [ERROR] LogOutputStream:75 - [STDERR_REDIRECT] WARNING: Couldn't flush system prefs: java.util.prefs.BackingStoreException: Couldn't get file lock.
2026-07-24 23:51:02,797 [ERROR] LogOutputStream:75 - [STDERR_REDIRECT] 
2026-07-24 23:51:32,798 [ERROR] LogOutputStream:75 - [STDERR_REDIRECT] Jul 24, 2026 11:51:32 PM java.util.prefs.FileSystemPreferences checkLockFile0ErrorCode
2026-07-24 23:51:32,798 [ERROR] LogOutputStream:75 - [STDERR_REDIRECT] WARNING: Could not lock System prefs. Unix error code 2.
2026-07-24 23:51:32,798 [ERROR] LogOutputStream:75 - [STDERR_REDIRECT] 
2026-07-24 23:51:32,798 [ERROR] LogOutputStream:75 - [STDERR_REDIRECT] Jul 24, 2026 11:51:32 PM java.util.prefs.FileSystemPreferences syncWorld
2026-07-24 23:51:32,798 [ERROR] LogOutputStream:75 - [STDERR_REDIRECT] WARNING: Couldn't flush system prefs: java.util.prefs.BackingStoreException: Couldn't get file lock.
2026-07-24 23:51:32,798 [ERROR] LogOutputStream:75 - [STDERR_REDIRECT] 
2026-07-24 23:52:02,798 [ERROR] LogOutputStream:75 - [STDERR_REDIRECT] Jul 24, 2026 11:52:02 PM java.util.prefs.FileSystemPreferences checkLockFile0ErrorCode
2026-07-24 23:52:02,798 [ERROR] LogOutputStream:75 - [STDERR_REDIRECT] WARNING: Could not lock System prefs. Unix error code 2.
2026-07-24 23:52:02,798 [ERROR] LogOutputStream:75 - [STDERR_REDIRECT] 
2026-07-24 23:52:02,798 [ERROR] LogOutputStream:75 - [STDERR_REDIRECT] Jul 24, 2026 11:52:02 PM java.util.prefs.FileSystemPreferences syncWorld
2026-07-24 23:52:02,798 [ERROR] LogOutputStream:75 - [STDERR_REDIRECT] WARNING: Couldn't flush system prefs: java.util.prefs.BackingStoreException: Couldn't get file lock.
2026-07-24 23:52:02,798 [ERROR] LogOutputStream:75 - [STDERR_REDIRECT] 
2026-07-24 23:52:32,799 [ERROR] LogOutputStream:75 - [STDERR_REDIRECT] Jul 24, 2026 11:52:32 PM java.util.prefs.FileSystemPreferences checkLockFile0ErrorCode
2026-07-24 23:52:32,799 [ERROR] LogOutputStream:75 - [STDERR_REDIRECT] WARNING: Could not lock System prefs. Unix error code 2.
2026-07-24 23:52:32,799 [ERROR] LogOutputStream:75 - [STDERR_REDIRECT] 
2026-07-24 23:52:32,799 [ERROR] LogOutputStream:75 - [STDERR_REDIRECT] Jul 24, 2026 11:52:32 PM java.util.prefs.FileSystemPreferences syncWorld
2026-07-24 23:52:32,799 [ERROR] LogOutputStream:75 - [STDERR_REDIRECT] WARNING: Couldn't flush system prefs: java.util.prefs.BackingStoreException: Couldn't get file lock.
2026-07-24 23:52:32,800 [ERROR] LogOutputStream:75 - [STDERR_REDIRECT] 
2026-07-24 23:53:02,799 [ERROR] LogOutputStream:75 - [STDERR_REDIRECT] Jul 24, 2026 11:53:02 PM java.util.prefs.FileSystemPreferences checkLockFile0ErrorCode
2026-07-24 23:53:02,799 [ERROR] LogOutputStream:75 - [STDERR_REDIRECT] WARNING: Could not lock System prefs. Unix error code 2.
2026-07-24 23:53:02,799 [ERROR] LogOutputStream:75 - [STDERR_REDIRECT] 
2026-07-24 23:53:02,800 [ERROR] LogOutputStream:75 - [STDERR_REDIRECT] Jul 24, 2026 11:53:02 PM java.util.prefs.FileSystemPreferences syncWorld
2026-07-24 23:53:02,800 [ERROR] LogOutputStream:75 - [STDERR_REDIRECT] WARNING: Couldn't flush system prefs: java.util.prefs.BackingStoreException: Couldn't get file lock.
2026-07-24 23:53:02,800 [ERROR] LogOutputStream:75 - [STDERR_REDIRECT] 
2026-07-24 23:53:32,800 [ERROR] LogOutputStream:75 - [STDERR_REDIRECT] Jul 24, 2026 11:53:32 PM java.util.prefs.FileSystemPreferences checkLockFile0ErrorCode
2026-07-24 23:53:32,800 [ERROR] LogOutputStream:75 - [STDERR_REDIRECT] WARNING: Could not lock System prefs. Unix error code 2.
2026-07-24 23:53:32,800 [ERROR] LogOutputStream:75 - [STDERR_REDIRECT] 
2026-07-24 23:53:32,800 [ERROR] LogOutputStream:75 - [STDERR_REDIRECT] Jul 24, 2026 11:53:32 PM java.util.prefs.FileSystemPreferences syncWorld
2026-07-24 23:53:32,800 [ERROR] LogOutputStream:75 - [STDERR_REDIRECT] WARNING: Couldn't flush system prefs: java.util.prefs.BackingStoreException: Couldn't get file lock.
2026-07-24 23:53:32,800 [ERROR] LogOutputStream:75 - [STDERR_REDIRECT] 
2026-07-24 23:54:02,800 [ERROR] LogOutputStream:75 - [STDERR_REDIRECT] Jul 24, 2026 11:54:02 PM java.util.prefs.FileSystemPreferences checkLockFile0ErrorCode
2026-07-24 23:54:02,800 [ERROR] LogOutputStream:75 - [STDERR_REDIRECT] WARNING: Could not lock System prefs. Unix error code 2.
2026-07-24 23:54:02,800 [ERROR] LogOutputStream:75 - [STDERR_REDIRECT] 
2026-07-24 23:54:02,800 [ERROR] LogOutputStream:75 - [STDERR_REDIRECT] Jul 24, 2026 11:54:02 PM java.util.prefs.FileSystemPreferences syncWorld
2026-07-24 23:54:02,801 [ERROR] LogOutputStream:75 - [STDERR_REDIRECT] WARNING: Couldn't flush system prefs: java.util.prefs.BackingStoreException: Couldn't get file lock.
2026-07-24 23:54:02,801 [ERROR] LogOutputStream:75 - [STDERR_REDIRECT] 
2026-07-24 23:54:32,802 [ERROR] LogOutputStream:75 - [STDERR_REDIRECT] Jul 24, 2026 11:54:32 PM java.util.prefs.FileSystemPreferences checkLockFile0ErrorCode
2026-07-24 23:54:32,802 [ERROR] LogOutputStream:75 - [STDERR_REDIRECT] WARNING: Could not lock System prefs. Unix error code 2.
2026-07-24 23:54:32,802 [ERROR] LogOutputStream:75 - [STDERR_REDIRECT] 
2026-07-24 23:54:32,802 [ERROR] LogOutputStream:75 - [STDERR_REDIRECT] Jul 24, 2026 11:54:32 PM java.util.prefs.FileSystemPreferences syncWorld
2026-07-24 23:54:32,802 [ERROR] LogOutputStream:75 - [STDERR_REDIRECT] WARNING: Couldn't flush system prefs: java.util.prefs.BackingStoreException: Couldn't get file lock.
2026-07-24 23:54:32,802 [ERROR] LogOutputStream:75 - [STDERR_REDIRECT] 
2026-07-24 23:55:02,801 [ERROR] LogOutputStream:75 - [STDERR_REDIRECT] Jul 24, 2026 11:55:02 PM java.util.prefs.FileSystemPreferences checkLockFile0ErrorCode
2026-07-24 23:55:02,801 [ERROR] LogOutputStream:75 - [STDERR_REDIRECT] WARNING: Could not lock System prefs. Unix error code 2.
2026-07-24 23:55:02,801 [ERROR] LogOutputStream:75 - [STDERR_REDIRECT] 
2026-07-24 23:55:02,802 [ERROR] LogOutputStream:75 - [STDERR_REDIRECT] Jul 24, 2026 11:55:02 PM java.util.prefs.FileSystemPreferences syncWorld
2026-07-24 23:55:02,802 [ERROR] LogOutputStream:75 - [STDERR_REDIRECT] WARNING: Couldn't flush system prefs: java.util.prefs.BackingStoreException: Couldn't get file lock.
2026-07-24 23:55:02,802 [ERROR] LogOutputStream:75 - [STDERR_REDIRECT] 
2026-07-24 23:55:32,802 [ERROR] LogOutputStream:75 - [STDERR_REDIRECT] Jul 24, 2026 11:55:32 PM java.util.prefs.FileSystemPreferences checkLockFile0ErrorCode
2026-07-24 23:55:32,802 [ERROR] LogOutputStream:75 - [STDERR_REDIRECT] WARNING: Could not lock System prefs. Unix error code 2.
2026-07-24 23:55:32,802 [ERROR] LogOutputStream:75 - [STDERR_REDIRECT] 
2026-07-24 23:55:32,802 [ERROR] LogOutputStream:75 - [STDERR_REDIRECT] Jul 24, 2026 11:55:32 PM java.util.prefs.FileSystemPreferences syncWorld
2026-07-24 23:55:32,802 [ERROR] LogOutputStream:75 - [STDERR_REDIRECT] WARNING: Couldn't flush system prefs: java.util.prefs.BackingStoreException: Couldn't get file lock.
2026-07-24 23:55:32,802 [ERROR] LogOutputStream:75 - [STDERR_REDIRECT] 
2026-07-24 23:56:02,802 [ERROR] LogOutputStream:75 - [STDERR_REDIRECT] Jul 24, 2026 11:56:02 PM java.util.prefs.FileSystemPreferences checkLockFile0ErrorCode
2026-07-24 23:56:02,802 [ERROR] LogOutputStream:75 - [STDERR_REDIRECT] WARNING: Could not lock System prefs. Unix error code 2.
2026-07-24 23:56:02,802 [ERROR] LogOutputStream:75 - [STDERR_REDIRECT] 
2026-07-24 23:56:02,802 [ERROR] LogOutputStream:75 - [STDERR_REDIRECT] Jul 24, 2026 11:56:02 PM java.util.prefs.FileSystemPreferences syncWorld
2026-07-24 23:56:02,802 [ERROR] LogOutputStream:75 - [STDERR_REDIRECT] WARNING: Couldn't flush system prefs: java.util.prefs.BackingStoreException: Couldn't get file lock.
2026-07-24 23:56:02,802 [ERROR] LogOutputStream:75 - [STDERR_REDIRECT] 
2026-07-24 23:56:32,803 [ERROR] LogOutputStream:75 - [STDERR_REDIRECT] Jul 24, 2026 11:56:32 PM java.util.prefs.FileSystemPreferences checkLockFile0ErrorCode
2026-07-24 23:56:32,803 [ERROR] LogOutputStream:75 - [STDERR_REDIRECT] WARNING: Could not lock System prefs. Unix error code 2.
2026-07-24 23:56:32,803 [ERROR] LogOutputStream:75 - [STDERR_REDIRECT] 
2026-07-24 23:56:32,803 [ERROR] LogOutputStream:75 - [STDERR_REDIRECT] Jul 24, 2026 11:56:32 PM java.util.prefs.FileSystemPreferences syncWorld
2026-07-24 23:56:32,803 [ERROR] LogOutputStream:75 - [STDERR_REDIRECT] WARNING: Couldn't flush system prefs: java.util.prefs.BackingStoreException: Couldn't get file lock.
2026-07-24 23:56:32,803 [ERROR] LogOutputStream:75 - [STDERR_REDIRECT] 
2026-07-24 23:57:02,803 [ERROR] LogOutputStream:75 - [STDERR_REDIRECT] Jul 24, 2026 11:57:02 PM java.util.prefs.FileSystemPreferences checkLockFile0ErrorCode
2026-07-24 23:57:02,803 [ERROR] LogOutputStream:75 - [STDERR_REDIRECT] WARNING: Could not lock System prefs. Unix error code 2.
2026-07-24 23:57:02,803 [ERROR] LogOutputStream:75 - [STDERR_REDIRECT] 
2026-07-24 23:57:02,804 [ERROR] LogOutputStream:75 - [STDERR_REDIRECT] Jul 24, 2026 11:57:02 PM java.util.prefs.FileSystemPreferences syncWorld
2026-07-24 23:57:02,804 [ERROR] LogOutputStream:75 - [STDERR_REDIRECT] WARNING: Couldn't flush system prefs: java.util.prefs.BackingStoreException: Couldn't get file lock.
2026-07-24 23:57:02,804 [ERROR] LogOutputStream:75 - [STDERR_REDIRECT] 
2026-07-24 23:57:32,803 [ERROR] LogOutputStream:75 - [STDERR_REDIRECT] Jul 24, 2026 11:57:32 PM java.util.prefs.FileSystemPreferences checkLockFile0ErrorCode
2026-07-24 23:57:32,804 [ERROR] LogOutputStream:75 - [STDERR_REDIRECT] WARNING: Could not lock System prefs. Unix error code 2.
2026-07-24 23:57:32,804 [ERROR] LogOutputStream:75 - [STDERR_REDIRECT] 
2026-07-24 23:57:32,804 [ERROR] LogOutputStream:75 - [STDERR_REDIRECT] Jul 24, 2026 11:57:32 PM java.util.prefs.FileSystemPreferences syncWorld
2026-07-24 23:57:32,804 [ERROR] LogOutputStream:75 - [STDERR_REDIRECT] WARNING: Couldn't flush system prefs: java.util.prefs.BackingStoreException: Couldn't get file lock.
2026-07-24 23:57:32,804 [ERROR] LogOutputStream:75 - [STDERR_REDIRECT] 
2026-07-24 23:58:02,804 [ERROR] LogOutputStream:75 - [STDERR_REDIRECT] Jul 24, 2026 11:58:02 PM java.util.prefs.FileSystemPreferences checkLockFile0ErrorCode
2026-07-24 23:58:02,804 [ERROR] LogOutputStream:75 - [STDERR_REDIRECT] WARNING: Could not lock System prefs. Unix error code 2.
2026-07-24 23:58:02,804 [ERROR] LogOutputStream:75 - [STDERR_REDIRECT] 
2026-07-24 23:58:02,804 [ERROR] LogOutputStream:75 - [STDERR_REDIRECT] Jul 24, 2026 11:58:02 PM java.util.prefs.FileSystemPreferences syncWorld
2026-07-24 23:58:02,804 [ERROR] LogOutputStream:75 - [STDERR_REDIRECT] WARNING: Couldn't flush system prefs: java.util.prefs.BackingStoreException: Couldn't get file lock.
2026-07-24 23:58:02,804 [ERROR] LogOutputStream:75 - [STDERR_REDIRECT] 
2026-07-24 23:58:32,804 [ERROR] LogOutputStream:75 - [STDERR_REDIRECT] Jul 24, 2026 11:58:32 PM java.util.prefs.FileSystemPreferences checkLockFile0ErrorCode
2026-07-24 23:58:32,805 [ERROR] LogOutputStream:75 - [STDERR_REDIRECT] WARNING: Could not lock System prefs. Unix error code 2.
2026-07-24 23:58:32,805 [ERROR] LogOutputStream:75 - [STDERR_REDIRECT] 
2026-07-24 23:58:32,805 [ERROR] LogOutputStream:75 - [STDERR_REDIRECT] Jul 24, 2026 11:58:32 PM java.util.prefs.FileSystemPreferences syncWorld
2026-07-24 23:58:32,805 [ERROR] LogOutputStream:75 - [STDERR_REDIRECT] WARNING: Couldn't flush system prefs: java.util.prefs.BackingStoreException: Couldn't get file lock.
2026-07-24 23:58:32,805 [ERROR] LogOutputStream:75 - [STDERR_REDIRECT] 
2026-07-24 23:59:02,805 [ERROR] LogOutputStream:75 - [STDERR_REDIRECT] Jul 24, 2026 11:59:02 PM java.util.prefs.FileSystemPreferences checkLockFile0ErrorCode
2026-07-24 23:59:02,805 [ERROR] LogOutputStream:75 - [STDERR_REDIRECT] WARNING: Could not lock System prefs. Unix error code 2.
2026-07-24 23:59:02,805 [ERROR] LogOutputStream:75 - [STDERR_REDIRECT] 
2026-07-24 23:59:02,805 [ERROR] LogOutputStream:75 - [STDERR_REDIRECT] Jul 24, 2026 11:59:02 PM java.util.prefs.FileSystemPreferences syncWorld
2026-07-24 23:59:02,805 [ERROR] LogOutputStream:75 - [STDERR_REDIRECT] WARNING: Couldn't flush system prefs: java.util.prefs.BackingStoreException: Couldn't get file lock.
2026-07-24 23:59:02,805 [ERROR] LogOutputStream:75 - [STDERR_REDIRECT] 
2026-07-24 23:59:32,805 [ERROR] LogOutputStream:75 - [STDERR_REDIRECT] Jul 24, 2026 11:59:32 PM java.util.prefs.FileSystemPreferences checkLockFile0ErrorCode
2026-07-24 23:59:32,805 [ERROR] LogOutputStream:75 - [STDERR_REDIRECT] WARNING: Could not lock System prefs. Unix error code 2.
2026-07-24 23:59:32,805 [ERROR] LogOutputStream:75 - [STDERR_REDIRECT] 
2026-07-24 23:59:32,806 [ERROR] LogOutputStream:75 - [STDERR_REDIRECT] Jul 24, 2026 11:59:32 PM java.util.prefs.FileSystemPreferences syncWorld
2026-07-24 23:59:32,806 [ERROR] LogOutputStream:75 - [STDERR_REDIRECT] WARNING: Couldn't flush system prefs: java.util.prefs.BackingStoreException: Couldn't get file lock.
2026-07-24 23:59:32,806 [ERROR] LogOutputStream:75 - [STDERR_REDIRECT] 
