2026-07-27 00:00:05,962 [ERROR] LogOutputStream:75 - [STDERR_REDIRECT] Jul 27, 2026 12:00:05 AM java.util.prefs.FileSystemPreferences checkLockFile0ErrorCode
2026-07-27 00:00:05,963 [ERROR] LogOutputStream:75 - [STDERR_REDIRECT] WARNING: Could not lock System prefs. Unix error code 2.
2026-07-27 00:00:05,963 [ERROR] LogOutputStream:75 - [STDERR_REDIRECT] 
2026-07-27 00:00:05,964 [ERROR] LogOutputStream:75 - [STDERR_REDIRECT] Jul 27, 2026 12:00:05 AM java.util.prefs.FileSystemPreferences syncWorld
2026-07-27 00:00:05,964 [ERROR] LogOutputStream:75 - [STDERR_REDIRECT] WARNING: Couldn't flush system prefs: java.util.prefs.BackingStoreException: Couldn't get file lock.
2026-07-27 00:00:05,964 [ERROR] LogOutputStream:75 - [STDERR_REDIRECT] 
2026-07-27 00:00:35,963 [ERROR] LogOutputStream:75 - [STDERR_REDIRECT] Jul 27, 2026 12:00:35 AM java.util.prefs.FileSystemPreferences checkLockFile0ErrorCode
2026-07-27 00:00:35,964 [ERROR] LogOutputStream:75 - [STDERR_REDIRECT] WARNING: Could not lock System prefs. Unix error code 2.
2026-07-27 00:00:35,964 [ERROR] LogOutputStream:75 - [STDERR_REDIRECT] 
2026-07-27 00:00:35,964 [ERROR] LogOutputStream:75 - [STDERR_REDIRECT] Jul 27, 2026 12:00:35 AM java.util.prefs.FileSystemPreferences syncWorld
2026-07-27 00:00:35,964 [ERROR] LogOutputStream:75 - [STDERR_REDIRECT] WARNING: Couldn't flush system prefs: java.util.prefs.BackingStoreException: Couldn't get file lock.
2026-07-27 00:00:35,964 [ERROR] LogOutputStream:75 - [STDERR_REDIRECT] 
2026-07-27 00:01:05,962 [ERROR] LogOutputStream:75 - [STDERR_REDIRECT] Jul 27, 2026 12:01:05 AM java.util.prefs.FileSystemPreferences checkLockFile0ErrorCode
2026-07-27 00:01:05,962 [ERROR] LogOutputStream:75 - [STDERR_REDIRECT] WARNING: Could not lock System prefs. Unix error code 2.
2026-07-27 00:01:05,962 [ERROR] LogOutputStream:75 - [STDERR_REDIRECT] 
2026-07-27 00:01:05,963 [ERROR] LogOutputStream:75 - [STDERR_REDIRECT] Jul 27, 2026 12:01:05 AM java.util.prefs.FileSystemPreferences syncWorld
2026-07-27 00:01:05,963 [ERROR] LogOutputStream:75 - [STDERR_REDIRECT] WARNING: Couldn't flush system prefs: java.util.prefs.BackingStoreException: Couldn't get file lock.
2026-07-27 00:01:05,963 [ERROR] LogOutputStream:75 - [STDERR_REDIRECT] 
2026-07-27 00:01:35,961 [ERROR] LogOutputStream:75 - [STDERR_REDIRECT] Jul 27, 2026 12:01:35 AM java.util.prefs.FileSystemPreferences checkLockFile0ErrorCode
2026-07-27 00:01:35,962 [ERROR] LogOutputStream:75 - [STDERR_REDIRECT] WARNING: Could not lock System prefs. Unix error code 2.
2026-07-27 00:01:35,962 [ERROR] LogOutputStream:75 - [STDERR_REDIRECT] 
2026-07-27 00:01:35,962 [ERROR] LogOutputStream:75 - [STDERR_REDIRECT] Jul 27, 2026 12:01:35 AM java.util.prefs.FileSystemPreferences syncWorld
2026-07-27 00:01:35,962 [ERROR] LogOutputStream:75 - [STDERR_REDIRECT] WARNING: Couldn't flush system prefs: java.util.prefs.BackingStoreException: Couldn't get file lock.
2026-07-27 00:01:35,962 [ERROR] LogOutputStream:75 - [STDERR_REDIRECT] 
2026-07-27 00:02:05,962 [ERROR] LogOutputStream:75 - [STDERR_REDIRECT] Jul 27, 2026 12:02:05 AM java.util.prefs.FileSystemPreferences checkLockFile0ErrorCode
2026-07-27 00:02:05,962 [ERROR] LogOutputStream:75 - [STDERR_REDIRECT] WARNING: Could not lock System prefs. Unix error code 2.
2026-07-27 00:02:05,962 [ERROR] LogOutputStream:75 - [STDERR_REDIRECT] 
2026-07-27 00:02:05,963 [ERROR] LogOutputStream:75 - [STDERR_REDIRECT] Jul 27, 2026 12:02:05 AM java.util.prefs.FileSystemPreferences syncWorld
2026-07-27 00:02:05,963 [ERROR] LogOutputStream:75 - [STDERR_REDIRECT] WARNING: Couldn't flush system prefs: java.util.prefs.BackingStoreException: Couldn't get file lock.
2026-07-27 00:02:05,963 [ERROR] LogOutputStream:75 - [STDERR_REDIRECT] 
2026-07-27 00:02:35,963 [ERROR] LogOutputStream:75 - [STDERR_REDIRECT] Jul 27, 2026 12:02:35 AM java.util.prefs.FileSystemPreferences checkLockFile0ErrorCode
2026-07-27 00:02:35,964 [ERROR] LogOutputStream:75 - [STDERR_REDIRECT] WARNING: Could not lock System prefs. Unix error code 2.
2026-07-27 00:02:35,964 [ERROR] LogOutputStream:75 - [STDERR_REDIRECT] 
2026-07-27 00:02:35,964 [ERROR] LogOutputStream:75 - [STDERR_REDIRECT] Jul 27, 2026 12:02:35 AM java.util.prefs.FileSystemPreferences syncWorld
2026-07-27 00:02:35,964 [ERROR] LogOutputStream:75 - [STDERR_REDIRECT] WARNING: Couldn't flush system prefs: java.util.prefs.BackingStoreException: Couldn't get file lock.
2026-07-27 00:02:35,964 [ERROR] LogOutputStream:75 - [STDERR_REDIRECT] 
2026-07-27 00:03:05,963 [ERROR] LogOutputStream:75 - [STDERR_REDIRECT] Jul 27, 2026 12:03:05 AM java.util.prefs.FileSystemPreferences checkLockFile0ErrorCode
2026-07-27 00:03:05,963 [ERROR] LogOutputStream:75 - [STDERR_REDIRECT] WARNING: Could not lock System prefs. Unix error code 2.
2026-07-27 00:03:05,963 [ERROR] LogOutputStream:75 - [STDERR_REDIRECT] 
2026-07-27 00:03:05,964 [ERROR] LogOutputStream:75 - [STDERR_REDIRECT] Jul 27, 2026 12:03:05 AM java.util.prefs.FileSystemPreferences syncWorld
2026-07-27 00:03:05,964 [ERROR] LogOutputStream:75 - [STDERR_REDIRECT] WARNING: Couldn't flush system prefs: java.util.prefs.BackingStoreException: Couldn't get file lock.
2026-07-27 00:03:05,964 [ERROR] LogOutputStream:75 - [STDERR_REDIRECT] 
2026-07-27 00:03:35,964 [ERROR] LogOutputStream:75 - [STDERR_REDIRECT] Jul 27, 2026 12:03:35 AM java.util.prefs.FileSystemPreferences checkLockFile0ErrorCode
2026-07-27 00:03:35,964 [ERROR] LogOutputStream:75 - [STDERR_REDIRECT] WARNING: Could not lock System prefs. Unix error code 2.
2026-07-27 00:03:35,964 [ERROR] LogOutputStream:75 - [STDERR_REDIRECT] 
2026-07-27 00:03:35,965 [ERROR] LogOutputStream:75 - [STDERR_REDIRECT] Jul 27, 2026 12:03:35 AM java.util.prefs.FileSystemPreferences syncWorld
2026-07-27 00:03:35,965 [ERROR] LogOutputStream:75 - [STDERR_REDIRECT] WARNING: Couldn't flush system prefs: java.util.prefs.BackingStoreException: Couldn't get file lock.
2026-07-27 00:03:35,965 [ERROR] LogOutputStream:75 - [STDERR_REDIRECT] 
2026-07-27 00:04:05,964 [ERROR] LogOutputStream:75 - [STDERR_REDIRECT] Jul 27, 2026 12:04:05 AM java.util.prefs.FileSystemPreferences checkLockFile0ErrorCode
2026-07-27 00:04:05,965 [ERROR] LogOutputStream:75 - [STDERR_REDIRECT] WARNING: Could not lock System prefs. Unix error code 2.
2026-07-27 00:04:05,965 [ERROR] LogOutputStream:75 - [STDERR_REDIRECT] 
2026-07-27 00:04:05,965 [ERROR] LogOutputStream:75 - [STDERR_REDIRECT] Jul 27, 2026 12:04:05 AM java.util.prefs.FileSystemPreferences syncWorld
2026-07-27 00:04:05,966 [ERROR] LogOutputStream:75 - [STDERR_REDIRECT] WARNING: Couldn't flush system prefs: java.util.prefs.BackingStoreException: Couldn't get file lock.
2026-07-27 00:04:05,966 [ERROR] LogOutputStream:75 - [STDERR_REDIRECT] 
2026-07-27 00:04:35,965 [ERROR] LogOutputStream:75 - [STDERR_REDIRECT] Jul 27, 2026 12:04:35 AM java.util.prefs.FileSystemPreferences checkLockFile0ErrorCode
2026-07-27 00:04:35,965 [ERROR] LogOutputStream:75 - [STDERR_REDIRECT] WARNING: Could not lock System prefs. Unix error code 2.
2026-07-27 00:04:35,965 [ERROR] LogOutputStream:75 - [STDERR_REDIRECT] 
2026-07-27 00:04:35,966 [ERROR] LogOutputStream:75 - [STDERR_REDIRECT] Jul 27, 2026 12:04:35 AM java.util.prefs.FileSystemPreferences syncWorld
2026-07-27 00:04:35,966 [ERROR] LogOutputStream:75 - [STDERR_REDIRECT] WARNING: Couldn't flush system prefs: java.util.prefs.BackingStoreException: Couldn't get file lock.
2026-07-27 00:04:35,966 [ERROR] LogOutputStream:75 - [STDERR_REDIRECT] 
2026-07-27 00:05:05,964 [ERROR] LogOutputStream:75 - [STDERR_REDIRECT] Jul 27, 2026 12:05:05 AM java.util.prefs.FileSystemPreferences checkLockFile0ErrorCode
2026-07-27 00:05:05,964 [ERROR] LogOutputStream:75 - [STDERR_REDIRECT] WARNING: Could not lock System prefs. Unix error code 2.
2026-07-27 00:05:05,964 [ERROR] LogOutputStream:75 - [STDERR_REDIRECT] 
2026-07-27 00:05:05,964 [ERROR] LogOutputStream:75 - [STDERR_REDIRECT] Jul 27, 2026 12:05:05 AM java.util.prefs.FileSystemPreferences syncWorld
2026-07-27 00:05:05,965 [ERROR] LogOutputStream:75 - [STDERR_REDIRECT] WARNING: Couldn't flush system prefs: java.util.prefs.BackingStoreException: Couldn't get file lock.
2026-07-27 00:05:05,965 [ERROR] LogOutputStream:75 - [STDERR_REDIRECT] 
2026-07-27 00:05:35,963 [ERROR] LogOutputStream:75 - [STDERR_REDIRECT] Jul 27, 2026 12:05:35 AM java.util.prefs.FileSystemPreferences checkLockFile0ErrorCode
2026-07-27 00:05:35,964 [ERROR] LogOutputStream:75 - [STDERR_REDIRECT] WARNING: Could not lock System prefs. Unix error code 2.
2026-07-27 00:05:35,964 [ERROR] LogOutputStream:75 - [STDERR_REDIRECT] 
2026-07-27 00:05:35,964 [ERROR] LogOutputStream:75 - [STDERR_REDIRECT] Jul 27, 2026 12:05:35 AM java.util.prefs.FileSystemPreferences syncWorld
2026-07-27 00:05:35,964 [ERROR] LogOutputStream:75 - [STDERR_REDIRECT] WARNING: Couldn't flush system prefs: java.util.prefs.BackingStoreException: Couldn't get file lock.
2026-07-27 00:05:35,964 [ERROR] LogOutputStream:75 - [STDERR_REDIRECT] 
2026-07-27 00:06:05,965 [ERROR] LogOutputStream:75 - [STDERR_REDIRECT] Jul 27, 2026 12:06:05 AM java.util.prefs.FileSystemPreferences checkLockFile0ErrorCode
2026-07-27 00:06:05,965 [ERROR] LogOutputStream:75 - [STDERR_REDIRECT] WARNING: Could not lock System prefs. Unix error code 2.
2026-07-27 00:06:05,966 [ERROR] LogOutputStream:75 - [STDERR_REDIRECT] 
2026-07-27 00:06:05,966 [ERROR] LogOutputStream:75 - [STDERR_REDIRECT] Jul 27, 2026 12:06:05 AM java.util.prefs.FileSystemPreferences syncWorld
2026-07-27 00:06:05,966 [ERROR] LogOutputStream:75 - [STDERR_REDIRECT] WARNING: Couldn't flush system prefs: java.util.prefs.BackingStoreException: Couldn't get file lock.
2026-07-27 00:06:05,966 [ERROR] LogOutputStream:75 - [STDERR_REDIRECT] 
2026-07-27 00:06:35,964 [ERROR] LogOutputStream:75 - [STDERR_REDIRECT] Jul 27, 2026 12:06:35 AM java.util.prefs.FileSystemPreferences checkLockFile0ErrorCode
2026-07-27 00:06:35,964 [ERROR] LogOutputStream:75 - [STDERR_REDIRECT] WARNING: Could not lock System prefs. Unix error code 2.
2026-07-27 00:06:35,964 [ERROR] LogOutputStream:75 - [STDERR_REDIRECT] 
2026-07-27 00:06:35,965 [ERROR] LogOutputStream:75 - [STDERR_REDIRECT] Jul 27, 2026 12:06:35 AM java.util.prefs.FileSystemPreferences syncWorld
2026-07-27 00:06:35,965 [ERROR] LogOutputStream:75 - [STDERR_REDIRECT] WARNING: Couldn't flush system prefs: java.util.prefs.BackingStoreException: Couldn't get file lock.
2026-07-27 00:06:35,965 [ERROR] LogOutputStream:75 - [STDERR_REDIRECT] 
2026-07-27 00:07:05,965 [ERROR] LogOutputStream:75 - [STDERR_REDIRECT] Jul 27, 2026 12:07:05 AM java.util.prefs.FileSystemPreferences checkLockFile0ErrorCode
2026-07-27 00:07:05,965 [ERROR] LogOutputStream:75 - [STDERR_REDIRECT] WARNING: Could not lock System prefs. Unix error code 2.
2026-07-27 00:07:05,965 [ERROR] LogOutputStream:75 - [STDERR_REDIRECT] 
2026-07-27 00:07:05,965 [ERROR] LogOutputStream:75 - [STDERR_REDIRECT] Jul 27, 2026 12:07:05 AM java.util.prefs.FileSystemPreferences syncWorld
2026-07-27 00:07:05,965 [ERROR] LogOutputStream:75 - [STDERR_REDIRECT] WARNING: Couldn't flush system prefs: java.util.prefs.BackingStoreException: Couldn't get file lock.
2026-07-27 00:07:05,966 [ERROR] LogOutputStream:75 - [STDERR_REDIRECT] 
2026-07-27 00:07:35,965 [ERROR] LogOutputStream:75 - [STDERR_REDIRECT] Jul 27, 2026 12:07:35 AM java.util.prefs.FileSystemPreferences checkLockFile0ErrorCode
2026-07-27 00:07:35,966 [ERROR] LogOutputStream:75 - [STDERR_REDIRECT] WARNING: Could not lock System prefs. Unix error code 2.
2026-07-27 00:07:35,966 [ERROR] LogOutputStream:75 - [STDERR_REDIRECT] 
2026-07-27 00:07:35,966 [ERROR] LogOutputStream:75 - [STDERR_REDIRECT] Jul 27, 2026 12:07:35 AM java.util.prefs.FileSystemPreferences syncWorld
2026-07-27 00:07:35,966 [ERROR] LogOutputStream:75 - [STDERR_REDIRECT] WARNING: Couldn't flush system prefs: java.util.prefs.BackingStoreException: Couldn't get file lock.
2026-07-27 00:07:35,966 [ERROR] LogOutputStream:75 - [STDERR_REDIRECT] 
2026-07-27 00:08:05,965 [ERROR] LogOutputStream:75 - [STDERR_REDIRECT] Jul 27, 2026 12:08:05 AM java.util.prefs.FileSystemPreferences checkLockFile0ErrorCode
2026-07-27 00:08:05,966 [ERROR] LogOutputStream:75 - [STDERR_REDIRECT] WARNING: Could not lock System prefs. Unix error code 2.
2026-07-27 00:08:05,966 [ERROR] LogOutputStream:75 - [STDERR_REDIRECT] 
2026-07-27 00:08:05,966 [ERROR] LogOutputStream:75 - [STDERR_REDIRECT] Jul 27, 2026 12:08:05 AM java.util.prefs.FileSystemPreferences syncWorld
2026-07-27 00:08:05,966 [ERROR] LogOutputStream:75 - [STDERR_REDIRECT] WARNING: Couldn't flush system prefs: java.util.prefs.BackingStoreException: Couldn't get file lock.
2026-07-27 00:08:05,966 [ERROR] LogOutputStream:75 - [STDERR_REDIRECT] 
2026-07-27 00:08:31,397 [ERROR] LogOutputStream:75 - [STDERR_REDIRECT] 
2026-07-27 00:08:31,398 [ERROR] LogOutputStream:75 - [STDERR_REDIRECT] 
2026-07-27 00:13:23,490 [INFO] Activator:176 - 


2026-07-27 00:13:23,491 [INFO] Activator:177 - !SESSION log4j initialized
2026-07-27 00:13:27,652 [INFO] LogOutputStream:77 - [STDOUT_REDIRECT] 
2026-07-27 00:13:28,682 [INFO] ApplicationProperties:184 - Using Application install path: /opt/st/stm32cubeide_1.19.0/plugins/com.st.stm32cube.common.mx_6.15.0.202507011659
2026-07-27 00:13:28,701 [INFO] DbMcusXml:78 - Set database path to: /opt/st/stm32cubeide_1.19.0/plugins/com.st.stm32cube.common.mx_6.15.0.202507011659//db//mcu/
2026-07-27 00:13:28,701 [INFO] ApiDb:274 - Set plugin database path to: /opt/st/stm32cubeide_1.19.0/plugins/com.st.stm32cube.common.mx_6.15.0.202507011659//db//plugins/boardmanager/
2026-07-27 00:13:28,701 [WARN] ApiDb:259 - Overriding images path with different value:  => /opt/st/stm32cubeide_1.19.0/plugins/com.st.stm32cube.common.mx_6.15.0.202507011659//db//plugins/mcufinder/images/
2026-07-27 00:13:28,708 [INFO] ApiDb:250 - Set database path to: /home/sakshi/.stmcufinder/plugins/mcufinder//mcu/
2026-07-27 00:13:28,710 [INFO] DbMcusAds:125 - Set database path to: /home/sakshi/.stmcufinder/plugins/mcufinder//mcu/
2026-07-27 00:13:28,713 [INFO] CrossReferenceDbSqlite:203 - Set database path to: /home/sakshi/.stmcufinder/plugins/mcufinder//mcu/cs/
2026-07-27 00:13:28,831 [INFO] RulesReader:64 - Compatibility file has been processed (317 Rules)
2026-07-27 00:13:28,901 [INFO] DbMcusXml:78 - Set database path to: /opt/st/stm32cubeide_1.19.0/plugins/com.st.stm32cube.common.mx_6.15.0.202507011659//db//mcu/
2026-07-27 00:13:28,901 [INFO] ApiDb:274 - Set plugin database path to: /opt/st/stm32cubeide_1.19.0/plugins/com.st.stm32cube.common.mx_6.15.0.202507011659//db//plugins/boardmanager/
2026-07-27 00:13:28,901 [INFO] ApiDb:261 - Set plugin images path to: /opt/st/stm32cubeide_1.19.0/plugins/com.st.stm32cube.common.mx_6.15.0.202507011659//db//plugins/mcufinder/images/
2026-07-27 00:13:28,902 [WARN] DbFile:41 - Overriding database path with different value: /home/sakshi/.stmcufinder/plugins/mcufinder/ => /home/sakshi/.stmcufinder/plugins/mcufinder
2026-07-27 00:13:28,902 [INFO] ApiDb:250 - Set database path to: /home/sakshi/.stmcufinder/plugins/mcufinder//mcu/
2026-07-27 00:13:28,902 [WARN] DbFile:41 - Overriding database path with different value: /home/sakshi/.stmcufinder/plugins/mcufinder/ => /home/sakshi/.stmcufinder/plugins/mcufinder
2026-07-27 00:13:28,902 [INFO] DbMcusAds:125 - Set database path to: /home/sakshi/.stmcufinder/plugins/mcufinder//mcu/
2026-07-27 00:13:28,902 [WARN] DbFile:41 - Overriding database path with different value: /home/sakshi/.stmcufinder/plugins/mcufinder/ => /home/sakshi/.stmcufinder/plugins/mcufinder
2026-07-27 00:13:28,902 [WARN] DbFile:41 - Overriding database path with different value: /home/sakshi/.stmcufinder/plugins/mcufinder/ => /home/sakshi/.stmcufinder/plugins/mcufinder
2026-07-27 00:13:28,902 [INFO] CrossReferenceDbSqlite:203 - Set database path to: /home/sakshi/.stmcufinder/plugins/mcufinder//mcu/cs/
2026-07-27 00:13:28,966 [INFO] MainPanel:274 - HeapMemory: 268435456
2026-07-27 00:13:29,094 [INFO] DbMcusXml:78 - Set database path to: /opt/st/stm32cubeide_1.19.0/plugins/com.st.stm32cube.common.mx_6.15.0.202507011659//db//mcu/
2026-07-27 00:13:29,094 [INFO] ApiDb:274 - Set plugin database path to: /opt/st/stm32cubeide_1.19.0/plugins/com.st.stm32cube.common.mx_6.15.0.202507011659//db//plugins/boardmanager/
2026-07-27 00:13:29,094 [INFO] ApiDb:261 - Set plugin images path to: /opt/st/stm32cubeide_1.19.0/plugins/com.st.stm32cube.common.mx_6.15.0.202507011659//db//plugins/mcufinder/images/
2026-07-27 00:13:29,095 [WARN] DbFile:41 - Overriding database path with different value: /home/sakshi/.stmcufinder/plugins/mcufinder/ => /home/sakshi/.stmcufinder/plugins/mcufinder
2026-07-27 00:13:29,095 [INFO] ApiDb:250 - Set database path to: /home/sakshi/.stmcufinder/plugins/mcufinder//mcu/
2026-07-27 00:13:29,095 [WARN] DbFile:41 - Overriding database path with different value: /home/sakshi/.stmcufinder/plugins/mcufinder/ => /home/sakshi/.stmcufinder/plugins/mcufinder
2026-07-27 00:13:29,095 [INFO] DbMcusAds:125 - Set database path to: /home/sakshi/.stmcufinder/plugins/mcufinder//mcu/
2026-07-27 00:13:29,095 [WARN] DbFile:41 - Overriding database path with different value: /home/sakshi/.stmcufinder/plugins/mcufinder/ => /home/sakshi/.stmcufinder/plugins/mcufinder
2026-07-27 00:13:29,095 [WARN] DbFile:41 - Overriding database path with different value: /home/sakshi/.stmcufinder/plugins/mcufinder/ => /home/sakshi/.stmcufinder/plugins/mcufinder
2026-07-27 00:13:29,095 [INFO] CrossReferenceDbSqlite:203 - Set database path to: /home/sakshi/.stmcufinder/plugins/mcufinder//mcu/cs/
2026-07-27 00:13:29,114 [INFO] ApplicationProperties:184 - Using Application install path: /opt/st/stm32cubeide_1.19.0/plugins/com.st.stm32cube.common.mx_6.15.0.202507011659
2026-07-27 00:13:29,116 [INFO] PluginManage:196 - Search for loadable plugins [exclusion list=, ]
2026-07-27 00:13:29,117 [INFO] PluginManage:310 - Check plugin analytics
2026-07-27 00:13:29,312 [INFO] AnalyticsPlugin:253 - Accepted Software Licenses: 
2026-07-27 00:13:29,312 [INFO] AnalyticsPlugin:255 - Accepted CMSIS Pack Licenses: 
2026-07-27 00:13:29,312 [INFO] AnalyticsPlugin:257 - Accepted Firmware Licenses: 
2026-07-27 00:13:29,314 [INFO] PluginManage:359 - Loaded plugin analytics (category:tool,tabindex:-1)
2026-07-27 00:13:29,315 [INFO] PluginManage:310 - Check plugin cadmodel
2026-07-27 00:13:29,319 [INFO] CADModel:105 - Init CAD model plugin
2026-07-27 00:13:29,319 [INFO] PluginManage:359 - Loaded plugin cadmodel (category:power,tabindex:5)
2026-07-27 00:13:29,319 [INFO] PluginManage:310 - Check plugin clock
2026-07-27 00:13:29,328 [INFO] PluginManage:359 - Loaded plugin clock (category:base,tabindex:2)
2026-07-27 00:13:29,329 [INFO] PluginManage:310 - Check plugin ddr
2026-07-27 00:13:29,331 [INFO] PluginManage:359 - Loaded plugin ddr (category:tool,tabindex:6)
2026-07-27 00:13:29,331 [INFO] PluginManage:310 - Check plugin filemanager
2026-07-27 00:13:29,466 [INFO] PluginManage:359 - Loaded plugin filemanager (category:base,tabindex:10)
2026-07-27 00:13:29,466 [INFO] PluginManage:310 - Check plugin ipmanager
2026-07-27 00:13:29,472 [INFO] PluginManage:359 - Loaded plugin ipmanager (category:base,tabindex:5)
2026-07-27 00:13:29,472 [INFO] PluginManage:310 - Check plugin lpbam
2026-07-27 00:13:29,482 [INFO] PluginManage:359 - Loaded plugin lpbam (category:base,tabindex:0)
2026-07-27 00:13:29,482 [INFO] PluginManage:310 - Check plugin memorymap
2026-07-27 00:13:29,493 [INFO] PluginManage:359 - Loaded plugin memorymap (category:base,tabindex:4)
2026-07-27 00:13:29,493 [INFO] PluginManage:310 - Check plugin pinoutandconfiguration
2026-07-27 00:13:29,502 [INFO] PluginManage:359 - Loaded plugin pinoutandconfiguration (category:base,tabindex:1)
2026-07-27 00:13:29,502 [INFO] PluginManage:310 - Check plugin pinoutconfig
2026-07-27 00:13:29,593 [WARN] SupportedApi:132 - Cannot load RTOS API schema: s4s-elt-must-match.1: The content of 'definitions' must match (annotation?, (simpleType | complexType)?, (unique | key | keyref)*)). A problem was found starting at: attribute.
2026-07-27 00:13:29,727 [INFO] PluginManage:359 - Loaded plugin pinoutconfig (category:base,tabindex:0)
2026-07-27 00:13:29,728 [INFO] PluginManage:310 - Check plugin power
2026-07-27 00:13:29,736 [INFO] PluginManage:359 - Loaded plugin power (category:power,tabindex:4)
2026-07-27 00:13:29,737 [INFO] PluginManage:310 - Check plugin projectmanager
2026-07-27 00:13:29,751 [INFO] PluginManage:359 - Loaded plugin projectmanager (category:projectmanager,tabindex:4)
2026-07-27 00:13:29,751 [INFO] PluginManage:310 - Check plugin rif
2026-07-27 00:13:29,760 [INFO] PluginManage:359 - Loaded plugin rif (category:base,tabindex:3)
2026-07-27 00:13:29,760 [INFO] PluginManage:310 - Check plugin thirdparty
2026-07-27 00:13:29,874 [INFO] PluginManage:359 - Loaded plugin thirdparty (category:base,tabindex:-1)
2026-07-27 00:13:29,874 [WARN] IntegrityCheckThread:84 - waiting for thirdparty lock release [integrity check]
2026-07-27 00:13:29,874 [INFO] IntegrityCheckThread:86 - entering critical section [integrity check]
2026-07-27 00:13:29,874 [INFO] PluginManage:310 - Check plugin tools
2026-07-27 00:13:29,875 [INFO] ThirdPartyUpdaterWithRetryManager:70 - Updater plugin not ready yet. [1/15]
2026-07-27 00:13:29,877 [INFO] PluginManage:359 - Loaded plugin tools (category:base,tabindex:7)
2026-07-27 00:13:29,877 [INFO] PluginManage:310 - Check plugin tutovideos
2026-07-27 00:13:30,084 [INFO] PluginManage:359 - Loaded plugin tutovideos (category:base,tabindex:-1)
2026-07-27 00:13:30,085 [INFO] PluginManage:310 - Check plugin updater
2026-07-27 00:13:30,111 [INFO] PluginManage:359 - Loaded plugin updater (category:base,tabindex:12)
2026-07-27 00:13:30,111 [INFO] PluginManage:310 - Check plugin userauth
2026-07-27 00:13:30,115 [INFO] UserAuth:118 - Init User Auth plugin
2026-07-27 00:13:30,116 [INFO] PluginManage:359 - Loaded plugin userauth (category:base,tabindex:14)
2026-07-27 00:13:30,116 [INFO] PluginManage:283 - PluginManage : Loaded plugins [18]
2026-07-27 00:13:30,288 [INFO] PinOutPanel:1589 - setPackage(No Configuration,No Configuration)
2026-07-27 00:13:30,355 [INFO] CADModel:165 - CPN selected for project level
2026-07-27 00:13:30,355 [INFO] CADModel:114 - Register for checkConnection events
2026-07-27 00:13:30,368 [INFO] IPUIPlugin:80 - create IPUIPlugin
2026-07-27 00:13:30,368 [INFO] PluginManager:220 - loadIPPluginJar : add lorawan
2026-07-27 00:13:30,371 [INFO] IPUIPlugin:80 - create IPUIPlugin
2026-07-27 00:13:30,371 [INFO] PluginManager:220 - loadIPPluginJar : add extmemmanager
2026-07-27 00:13:30,373 [INFO] IPUIPlugin:80 - create IPUIPlugin
2026-07-27 00:13:30,374 [INFO] PluginManager:220 - loadIPPluginJar : add dma3
2026-07-27 00:13:30,376 [INFO] IPUIPlugin:80 - create IPUIPlugin
2026-07-27 00:13:30,376 [INFO] PluginManager:220 - loadIPPluginJar : add gtzc
2026-07-27 00:13:30,381 [INFO] IPUIPlugin:80 - create IPUIPlugin
2026-07-27 00:13:30,382 [INFO] PluginManager:220 - loadIPPluginJar : add dma
2026-07-27 00:13:30,386 [INFO] IPUIPlugin:80 - create IPUIPlugin
2026-07-27 00:13:30,386 [INFO] PluginManager:220 - loadIPPluginJar : add spi
2026-07-27 00:13:30,389 [INFO] IPUIPlugin:80 - create IPUIPlugin
2026-07-27 00:13:30,389 [INFO] PluginManager:220 - loadIPPluginJar : add ipddr
2026-07-27 00:13:30,393 [INFO] IPUIPlugin:80 - create IPUIPlugin
2026-07-27 00:13:30,393 [INFO] PluginManager:220 - loadIPPluginJar : add gpio
2026-07-27 00:13:30,399 [INFO] IPUIPlugin:80 - create IPUIPlugin
2026-07-27 00:13:30,399 [INFO] PluginManager:220 - loadIPPluginJar : add linkedlist
2026-07-27 00:13:30,402 [INFO] IPUIPlugin:80 - create IPUIPlugin
2026-07-27 00:13:30,402 [INFO] PluginManager:220 - loadIPPluginJar : add pdm2pcm
2026-07-27 00:13:30,407 [INFO] IPUIPlugin:80 - create IPUIPlugin
2026-07-27 00:13:30,407 [INFO] PluginManager:220 - loadIPPluginJar : add gic
2026-07-27 00:13:30,409 [INFO] IPUIPlugin:80 - create IPUIPlugin
2026-07-27 00:13:30,409 [INFO] PluginManager:220 - loadIPPluginJar : add dfsdm
2026-07-27 00:13:30,416 [INFO] IPUIPlugin:80 - create IPUIPlugin
2026-07-27 00:13:30,417 [INFO] PluginManager:220 - loadIPPluginJar : add adc
2026-07-27 00:13:30,418 [INFO] IPUIPlugin:80 - create IPUIPlugin
2026-07-27 00:13:30,418 [INFO] PluginManager:220 - loadIPPluginJar : add fatfs
2026-07-27 00:13:30,420 [INFO] IPUIPlugin:80 - create IPUIPlugin
2026-07-27 00:13:30,420 [INFO] PluginManager:220 - loadIPPluginJar : add opamp
2026-07-27 00:13:30,422 [INFO] IPUIPlugin:80 - create IPUIPlugin
2026-07-27 00:13:30,422 [INFO] PluginManager:220 - loadIPPluginJar : add gfxmmu
2026-07-27 00:13:30,424 [INFO] IPUIPlugin:80 - create IPUIPlugin
2026-07-27 00:13:30,424 [INFO] PluginManager:220 - loadIPPluginJar : add tracer_emb
2026-07-27 00:13:30,427 [INFO] IPUIPlugin:80 - create IPUIPlugin
2026-07-27 00:13:30,427 [INFO] PluginManager:220 - loadIPPluginJar : add usbx
2026-07-27 00:13:30,429 [INFO] IPUIPlugin:80 - create IPUIPlugin
2026-07-27 00:13:30,429 [INFO] PluginManager:220 - loadIPPluginJar : add comp
2026-07-27 00:13:30,430 [INFO] IPUIPlugin:80 - create IPUIPlugin
2026-07-27 00:13:30,430 [INFO] PluginManager:220 - loadIPPluginJar : add genericplugin
2026-07-27 00:13:30,432 [INFO] IPUIPlugin:80 - create IPUIPlugin
2026-07-27 00:13:30,432 [INFO] PluginManager:220 - loadIPPluginJar : add aes
2026-07-27 00:13:30,434 [INFO] IPUIPlugin:80 - create IPUIPlugin
2026-07-27 00:13:30,434 [INFO] PluginManager:220 - loadIPPluginJar : add cryp
2026-07-27 00:13:30,435 [INFO] IPUIPlugin:80 - create IPUIPlugin
2026-07-27 00:13:30,436 [INFO] PluginManager:220 - loadIPPluginJar : add quadspi
2026-07-27 00:13:30,439 [INFO] IPUIPlugin:80 - create IPUIPlugin
2026-07-27 00:13:30,440 [INFO] PluginManager:220 - loadIPPluginJar : add fmc
2026-07-27 00:13:30,442 [INFO] IPUIPlugin:80 - create IPUIPlugin
2026-07-27 00:13:30,442 [INFO] PluginManager:220 - loadIPPluginJar : add hash
2026-07-27 00:13:30,447 [INFO] IPUIPlugin:80 - create IPUIPlugin
2026-07-27 00:13:30,448 [INFO] PluginManager:220 - loadIPPluginJar : add freertos
2026-07-27 00:13:30,449 [INFO] IPUIPlugin:80 - create IPUIPlugin
2026-07-27 00:13:30,449 [INFO] PluginManager:220 - loadIPPluginJar : add ltdc
2026-07-27 00:13:30,452 [INFO] IPUIPlugin:80 - create IPUIPlugin
2026-07-27 00:13:30,452 [INFO] PluginManager:220 - loadIPPluginJar : add nvic
2026-07-27 00:13:30,454 [INFO] IPUIPlugin:80 - create IPUIPlugin
2026-07-27 00:13:30,454 [INFO] PluginManager:220 - loadIPPluginJar : add ucpd
2026-07-27 00:13:30,456 [INFO] IPUIPlugin:80 - create IPUIPlugin
2026-07-27 00:13:30,456 [INFO] PluginManager:220 - loadIPPluginJar : add usart
2026-07-27 00:13:30,457 [INFO] IPUIPlugin:80 - create IPUIPlugin
2026-07-27 00:13:30,457 [INFO] PluginManager:220 - loadIPPluginJar : add ts
2026-07-27 00:13:30,461 [INFO] IPUIPlugin:80 - create IPUIPlugin
2026-07-27 00:13:30,461 [INFO] PluginManager:220 - loadIPPluginJar : add resmgrutility
2026-07-27 00:13:30,466 [INFO] IPUIPlugin:80 - create IPUIPlugin
2026-07-27 00:13:30,469 [INFO] PluginManager:220 - loadIPPluginJar : add plateformsettings
2026-07-27 00:13:30,471 [INFO] IPUIPlugin:80 - create IPUIPlugin
2026-07-27 00:13:30,471 [INFO] PluginManager:220 - loadIPPluginJar : add ddr_ctrl_phy
2026-07-27 00:13:30,477 [INFO] IPUIPlugin:80 - create IPUIPlugin
2026-07-27 00:13:30,477 [INFO] PluginManager:220 - loadIPPluginJar : add mdma
2026-07-27 00:13:30,483 [INFO] IPUIPlugin:80 - create IPUIPlugin
2026-07-27 00:13:30,483 [INFO] PluginManager:220 - loadIPPluginJar : add stm32_wpan
2026-07-27 00:13:30,485 [INFO] IPUIPlugin:80 - create IPUIPlugin
2026-07-27 00:13:30,485 [INFO] PluginManager:220 - loadIPPluginJar : add openamp
2026-07-27 00:13:30,487 [INFO] IPUIPlugin:80 - create IPUIPlugin
2026-07-27 00:13:30,487 [INFO] PluginManager:220 - loadIPPluginJar : add tim
2026-07-27 00:13:30,489 [INFO] IPUIPlugin:80 - create IPUIPlugin
2026-07-27 00:13:30,489 [INFO] PluginManager:220 - loadIPPluginJar : add i2s
2026-07-27 00:13:30,491 [INFO] IPUIPlugin:80 - create IPUIPlugin
2026-07-27 00:13:30,492 [INFO] PluginManager:220 - loadIPPluginJar : add sai
2026-07-27 00:13:30,494 [INFO] IPUIPlugin:80 - create IPUIPlugin
2026-07-27 00:13:30,494 [INFO] PluginManager:220 - loadIPPluginJar : add i2c
2026-07-27 00:13:30,496 [INFO] IPUIPlugin:80 - create IPUIPlugin
2026-07-27 00:13:30,496 [INFO] PluginManager:220 - loadIPPluginJar : add can
2026-07-27 00:13:30,497 [INFO] IPUIPlugin:80 - create IPUIPlugin
2026-07-27 00:13:30,498 [INFO] PluginManager:220 - loadIPPluginJar : add radio
2026-07-27 00:13:30,499 [INFO] IPUIPlugin:80 - create IPUIPlugin
2026-07-27 00:13:30,499 [INFO] PluginManager:220 - loadIPPluginJar : add tsc
2026-07-27 00:13:30,502 [INFO] IPUIPlugin:80 - create IPUIPlugin
2026-07-27 00:13:30,502 [INFO] PluginManager:220 - loadIPPluginJar : add touchsensing
2026-07-27 00:13:30,504 [INFO] IPUIPlugin:80 - create IPUIPlugin
2026-07-27 00:13:30,504 [INFO] PluginManager:220 - loadIPPluginJar : add i3c
2026-07-27 00:13:30,606 [FATAL] Updater:351 - Updater called before beeing initialized
2026-07-27 00:13:30,633 [INFO] RulesReader:64 - Compatibility file has been processed (317 Rules)
2026-07-27 00:13:30,645 [INFO] RulesReader:64 - Compatibility file has been processed (317 Rules)
2026-07-27 00:13:30,651 [INFO] CADModel:165 - CPN selected for project level
2026-07-27 00:13:30,651 [INFO] CADModel:114 - Register for checkConnection events
2026-07-27 00:13:30,652 [FATAL] Updater:351 - Updater called before beeing initialized
2026-07-27 00:13:30,652 [ERROR] CADModel:125 - Updater not yet initialized, retry later 
2026-07-27 00:13:30,767 [FATAL] Updater:351 - Updater called before beeing initialized
2026-07-27 00:13:30,769 [INFO] CADModel:165 - CPN selected for project level
2026-07-27 00:13:30,769 [INFO] CADModel:114 - Register for checkConnection events
2026-07-27 00:13:30,769 [FATAL] Updater:351 - Updater called before beeing initialized
2026-07-27 00:13:30,769 [ERROR] CADModel:125 - Updater not yet initialized, retry later 
2026-07-27 00:13:30,772 [FATAL] Updater:351 - Updater called before beeing initialized
2026-07-27 00:13:30,850 [FATAL] Updater:351 - Updater called before beeing initialized
2026-07-27 00:13:30,854 [INFO] DbMcusAds:53 - JSON generation date=Wed Jul 15 15:16:00 IST 2026 (1784108760991)
2026-07-27 00:13:30,854 [FATAL] Updater:351 - Updater called before beeing initialized
2026-07-27 00:13:30,888 [WARN] DetailPanel:346 - Failed to get advertising image, set to default
2026-07-27 00:13:30,968 [FATAL] Updater:351 - Updater called before beeing initialized
2026-07-27 00:13:30,970 [FATAL] Updater:351 - Updater called before beeing initialized
2026-07-27 00:13:30,970 [FATAL] Updater:351 - Updater called before beeing initialized
2026-07-27 00:13:30,970 [WARN] DetailPanel:346 - Failed to get advertising image, set to default
2026-07-27 00:13:30,971 [FATAL] Updater:351 - Updater called before beeing initialized
2026-07-27 00:13:31,003 [ERROR] Updater:1198 - MainUpdater not yet initialized. External WinMGr cannot be set.
2026-07-27 00:13:31,005 [INFO] Updater:1134 - Updater Version found : 6.15.0
2026-07-27 00:13:31,023 [INFO] ApplicationProperties:184 - Using Application install path: /opt/st/stm32cubeide_1.19.0/plugins/com.st.stm32cube.common.mx_6.15.0.202507011659
2026-07-27 00:13:31,036 [ERROR] LogOutputStream:75 - [STDERR_REDIRECT] Jul 27, 2026 12:13:31 AM java.util.prefs.FileSystemPreferences$2 run
2026-07-27 00:13:31,037 [ERROR] LogOutputStream:75 - [STDERR_REDIRECT] WARNING: Could not create system preferences directory. System preferences are unusable.
2026-07-27 00:13:31,037 [ERROR] LogOutputStream:75 - [STDERR_REDIRECT] 
2026-07-27 00:13:31,586 [INFO] MainUpdater:2872 - connection check result : 10
2026-07-27 00:13:31,587 [INFO] MainUpdater:289 - Updater Check For Update Now.
2026-07-27 00:13:31,587 [INFO] MicroXplorer:498 - Change Database Version : DB.6.0.150
2026-07-27 00:13:31,592 [INFO] McuFinderGlobals:63 - Set McuFinder mode to 2 (CubeIDE integrated)
2026-07-27 00:13:31,592 [INFO] UserAuth:171 - activating auth plugin
2026-07-27 00:13:31,595 [INFO] UserAuth:487 - Internet connection configuration mode: 1
2026-07-27 00:13:31,613 [INFO] JxBrowserEngine:152 - Initiate JxBrowser Engine with user profile folder
2026-07-27 00:13:31,766 [INFO] CheckServerUpdateThread:120 - End of CheckServer Thread
2026-07-27 00:13:32,479 [INFO] WebApp:169 - Instantiating new browser for Auth
2026-07-27 00:13:33,104 [WARN] PackLoader:240 - Cannot read IP mode file for STMicroelectronics.X-CUBE-AZRTOS-H7.3.5.0
2026-07-27 00:13:33,119 [WARN] PackLoader:240 - Cannot read IP mode file for STMicroelectronics.FP-ATR-ASTRA1.2.0.3
2026-07-27 00:13:33,123 [WARN] PackLoader:240 - Cannot read IP mode file for STMicroelectronics.FP-ATR-ASTRA1.2.0.2
2026-07-27 00:13:33,130 [ERROR] Engine:466 - /home/sakshi/.stm32cubemx/thirdparties/pdsc/STMicroelectronics.X-CUBE-SMBUS.2.1.1.pdsc: PDSC version is not supported
2026-07-27 00:13:33,134 [WARN] PackLoader:240 - Cannot read IP mode file for STMicroelectronics.X-CUBE-SMBUS.2.1.0
2026-07-27 00:13:33,179 [WARN] PackLoader:240 - Cannot read IP mode file for STMicroelectronics.X-CUBE-AZRTOS-F7.1.1.0
2026-07-27 00:13:33,196 [WARN] PackLoader:240 - Cannot read IP mode file for STMicroelectronics.X-CUBE-FREERTOS.1.6.0
2026-07-27 00:13:33,202 [WARN] PackLoader:240 - Cannot read IP mode file for STMicroelectronics.FP-SNS-MOTENV1.5.1.0
2026-07-27 00:13:33,233 [WARN] PackLoader:240 - Cannot read IP mode file for STMicroelectronics.X-CUBE-AZRTOS-H7RS.1.3.0
2026-07-27 00:13:33,245 [WARN] PackLoader:240 - Cannot read IP mode file for WES.I-CUBE-Cesium.1.4.0
2026-07-27 00:13:33,253 [WARN] PackLoader:240 - Cannot read IP mode file for STMicroelectronics.X-CUBE-DISPLAY.3.0.0
2026-07-27 00:13:33,269 [WARN] PackLoader:240 - Cannot read IP mode file for STMicroelectronics.X-CUBE-GNSS1.7.1.1
2026-07-27 00:13:33,274 [WARN] PackLoader:240 - Cannot read IP mode file for STMicroelectronics.FP-SNS-MOTENVWB1.1.5.0
2026-07-27 00:13:33,280 [WARN] PackLoader:240 - Cannot read IP mode file for STMicroelectronics.X-CUBE-NFC10.1.0.0
2026-07-27 00:13:33,286 [WARN] PackLoader:240 - Cannot read IP mode file for STMicroelectronics.X-CUBE-ST60.1.1.0
2026-07-27 00:13:33,291 [WARN] PackLoader:240 - Cannot read IP mode file for emotas.I-CUBE-CANOPEN.1.3.0
2026-07-27 00:13:33,294 [ERROR] Engine:466 - /home/sakshi/.stm32cubemx/thirdparties/pdsc/STMicroelectronics.X-CUBE-WBA.1.1.0.pdsc: PDSC version is not supported
2026-07-27 00:13:33,297 [INFO] WebApp:463 - Apply proxy settings
2026-07-27 00:13:33,297 [INFO] WebApp:548 - Chromium requires no authentication
2026-07-27 00:13:33,298 [WARN] PackLoader:240 - Cannot read IP mode file for STMicroelectronics.X-CUBE-GNSS1.7.1.0
2026-07-27 00:13:33,304 [WARN] PackLoader:240 - Cannot read IP mode file for STMicroelectronics.FP-SNS-STBOX1.2.1.0
2026-07-27 00:13:33,305 [INFO] WebApp:491 - Direct internet connection detected
2026-07-27 00:13:33,311 [WARN] PackLoader:240 - Cannot read IP mode file for STMicroelectronics.FP-SNS-SMARTAG2.1.2.0
2026-07-27 00:13:33,316 [WARN] PackLoader:240 - Cannot read IP mode file for STMicroelectronics.FP-SNS-FLIGHT1.5.1.0
2026-07-27 00:13:33,326 [INFO] LogOutputStream:77 - [STDOUT_REDIRECT] 1 : Invalid condition id : UX_CORESTACK_Condition cause : null
2026-07-27 00:13:33,327 [INFO] LogOutputStream:77 - [STDOUT_REDIRECT] 1 : Invalid condition id : UX_CORESTACK_Condition cause : null
2026-07-27 00:13:33,327 [INFO] LogOutputStream:77 - [STDOUT_REDIRECT] 1 : Invalid condition id : UX_CORESTACK_Condition cause : null
2026-07-27 00:13:33,327 [INFO] LogOutputStream:77 - [STDOUT_REDIRECT] 1 : Invalid condition id : UX_CORESTACK_Condition cause : null
2026-07-27 00:13:33,328 [INFO] LogOutputStream:77 - [STDOUT_REDIRECT] 1 : Invalid condition id : UX_CORESTACK_Condition cause : null
2026-07-27 00:13:33,328 [INFO] WebApp:900 - Register for checkConnection events
2026-07-27 00:13:33,328 [INFO] WebApp:463 - Apply proxy settings
2026-07-27 00:13:33,328 [INFO] WebApp:548 - Chromium requires no authentication
2026-07-27 00:13:33,329 [INFO] WebApp:491 - Direct internet connection detected
2026-07-27 00:13:33,332 [WARN] PackLoader:240 - Cannot read IP mode file for STMicroelectronics.X-CUBE-AZRTOS-WL.2.0.0
2026-07-27 00:13:33,353 [WARN] PackLoader:240 - Cannot read IP mode file for STMicroelectronics.X-CUBE-AZRTOS-H7RS.1.2.0
2026-07-27 00:13:33,362 [WARN] PackLoader:240 - Cannot read IP mode file for STMicroelectronics.X-CUBE-BLE2.3.3.0
2026-07-27 00:13:33,391 [WARN] PackLoader:240 - Cannot read IP mode file for Infineon.AIROC-Wi-Fi-Bluetooth-STM32.1.8.0
2026-07-27 00:13:33,402 [WARN] PackLoader:240 - Cannot read IP mode file for STMicroelectronics.X-CUBE-NFC9.1.0.0
2026-07-27 00:13:33,407 [WARN] PackLoader:240 - Cannot read IP mode file for STMicroelectronics.X-CUBE-BLE1.7.1.0
2026-07-27 00:13:33,410 [WARN] PackLoader:240 - Cannot read IP mode file for wolfSSL.I-CUBE-wolfMQTT.1.19.2
2026-07-27 00:13:33,415 [WARN] PackLoader:240 - Cannot read IP mode file for STMicroelectronics.X-CUBE-EEPRMA1.5.2.0
2026-07-27 00:13:33,421 [WARN] PackLoader:240 - Cannot read IP mode file for wolfSSL.I-CUBE-wolfSSL.5.8.4
2026-07-27 00:13:33,424 [WARN] PackLoader:240 - Cannot read IP mode file for Cesanta.I-CUBE-Mongoose.7.20.0
2026-07-27 00:13:33,428 [WARN] PackLoader:240 - Cannot read IP mode file for STMicroelectronics.FP-SNS-STAIOTCFT.1.1.0
2026-07-27 00:13:33,466 [WARN] PackLoader:240 - Cannot read IP mode file for STMicroelectronics.X-CUBE-MEMS1.12.0.0
2026-07-27 00:13:33,501 [INFO] WebApp:225 - Starting web application
2026-07-27 00:13:33,501 [INFO] WebApp:593 - Web application path used /opt/st/stm32cubeide_1.19.0/plugins/com.st.stm32cube.common.mx_6.15.0.202507011659/db/plugins/mcufinder/reactClient1/index.html
2026-07-27 00:13:33,612 [WARN] PackLoader:240 - Cannot read IP mode file for STMicroelectronics.X-CUBE-AZRTOS-G0.1.1.0
2026-07-27 00:13:33,618 [WARN] PackLoader:240 - Cannot read IP mode file for STMicroelectronics.X-CUBE-NFC4.3.0.0
2026-07-27 00:13:33,625 [WARN] PackLoader:240 - Cannot read IP mode file for EmbeddedOffice.I-CUBE-FS-RTOS.1.0.1
2026-07-27 00:13:33,630 [WARN] PackLoader:240 - Cannot read IP mode file for STMicroelectronics.X-CUBE-WB05N.2.0.0
2026-07-27 00:13:33,634 [WARN] PackLoader:240 - Cannot read IP mode file for wolfSSL.I-CUBE-wolfTPM.3.8.0
2026-07-27 00:13:33,638 [WARN] PackLoader:240 - Cannot read IP mode file for STMicroelectronics.X-CUBE-TCPP.4.2.0
2026-07-27 00:13:33,644 [WARN] PackLoader:240 - Cannot read IP mode file for RealThread.X-CUBE-RT-Thread_Nano.4.1.1
2026-07-27 00:13:33,647 [WARN] PackLoader:240 - Cannot read IP mode file for STMicroelectronics.FP-ATR-SIGFOX1.3.2.0
2026-07-27 00:13:33,651 [WARN] PackLoader:240 - Cannot read IP mode file for STMicroelectronics.X-CUBE-FREERTOS.1.5.0
2026-07-27 00:13:33,655 [WARN] PackLoader:240 - Cannot read IP mode file for ITTIA_DB.I-CUBE-ITTIADB.8.9.0
2026-07-27 00:13:33,661 [WARN] PackLoader:240 - Cannot read IP mode file for STMicroelectronics.X-CUBE-NFC6.3.2.0
2026-07-27 00:13:33,667 [WARN] PackLoader:240 - Cannot read IP mode file for STMicroelectronics.X-CUBE-AI.10.2.1
2026-07-27 00:13:33,669 [WARN] PackLoader:240 - Cannot read IP mode file for STMicroelectronics.X-CUBE-AI.10.2.0
2026-07-27 00:13:33,705 [WARN] PackLoader:240 - Cannot read IP mode file for STMicroelectronics.X-CUBE-MEMS1.12.1.0
2026-07-27 00:13:33,864 [WARN] PackLoader:240 - Cannot read IP mode file for SEGGER.I-CUBE-embOS.1.3.1
2026-07-27 00:13:33,922 [WARN] PackLoader:240 - Cannot read IP mode file for STMicroelectronics.X-CUBE-ALGOBUILD.1.4.0
2026-07-27 00:13:33,927 [WARN] PackLoader:240 - Cannot read IP mode file for STMicroelectronics.X-CUBE-NFC13.1.0.0
2026-07-27 00:13:33,932 [WARN] PackLoader:240 - Cannot read IP mode file for STMicroelectronics.X-CUBE-PM33A1.1.0.0
2026-07-27 00:13:33,953 [WARN] PackLoader:240 - Cannot read IP mode file for STMicroelectronics.X-CUBE-AZRTOS-F4.1.1.0
2026-07-27 00:13:33,960 [WARN] PackLoader:240 - Cannot read IP mode file for STMicroelectronics.X-CUBE-ISPU.2.1.0
2026-07-27 00:13:33,970 [WARN] PackLoader:240 - Cannot read IP mode file for STMicroelectronics.X-CUBE-IPS.3.2.0
2026-07-27 00:13:33,983 [WARN] PackLoader:240 - Cannot read IP mode file for STMicroelectronics.eDS-WB_DPC_TT-BIDIR.2.1.1
2026-07-27 00:13:33,988 [WARN] PackLoader:240 - Cannot read IP mode file for STMicroelectronics.X-CUBE-NFC12.1.0.0
2026-07-27 00:13:34,007 [WARN] PackLoader:240 - Cannot read IP mode file for STMicroelectronics.X-CUBE-AZRTOS-L5.2.0.0
2026-07-27 00:13:34,015 [WARN] PackLoader:240 - Cannot read IP mode file for STMicroelectronics.X-CUBE-ALGOBUILD.1.5.0
2026-07-27 00:13:34,019 [WARN] PackLoader:240 - Cannot read IP mode file for STMicroelectronics.eDS-WB_DPC_VIENNA.1.2.0
2026-07-27 00:13:34,021 [WARN] PackLoader:240 - Cannot read IP mode file for STMicroelectronics.eDS-WB_DPC_3PH2L-BIDIR.1.1.1
2026-07-27 00:13:34,024 [ERROR] Engine:466 - /home/sakshi/.stm32cubemx/thirdparties/pdsc/STMicroelectronics.X-CUBE-ST67W61.1.3.0.pdsc: PDSC version is not supported
2026-07-27 00:13:34,024 [INFO] WebApp:191 - Connection restablished
2026-07-27 00:13:34,027 [WARN] PackLoader:240 - Cannot read IP mode file for STMicroelectronics.X-CUBE-TOUCHGFX.4.26.1
2026-07-27 00:13:34,030 [WARN] PackLoader:240 - Cannot read IP mode file for STMicroelectronics.FP-SNS-STAIOTCFT.1.0.0
2026-07-27 00:13:34,034 [WARN] PackLoader:240 - Cannot read IP mode file for STMicroelectronics.X-CUBE-DPower.1.3.0
2026-07-27 00:13:34,053 [WARN] ConditionMgr:438 - getConditionDescription Invalid condition id : LAN8742 Phy interface Condition cause : null
2026-07-27 00:13:34,054 [WARN] PackLoader:240 - Cannot read IP mode file for STMicroelectronics.X-CUBE-AZRTOS-L4.2.0.0
2026-07-27 00:13:34,055 [WARN] ConditionMgr:1044 - genDependencies : Invalid condition id : LAN8742 Phy interface Condition cause : null
2026-07-27 00:13:34,056 [WARN] ConditionMgr:1044 - genDependencies : Invalid condition id : LAN8742 Phy interface Condition cause : null
2026-07-27 00:13:34,057 [WARN] ConditionMgr:1044 - genDependencies : Invalid condition id : LAN8742 Phy interface Condition cause : null
2026-07-27 00:13:34,064 [WARN] PackLoader:240 - Cannot read IP mode file for STMicroelectronics.X-CUBE-SFXS2LP1.4.0.0
2026-07-27 00:13:34,070 [WARN] PackLoader:240 - Cannot read IP mode file for STMicroelectronics.X-CUBE-WB05N.2.1.0
2026-07-27 00:13:34,077 [WARN] PackLoader:240 - Cannot read IP mode file for STMicroelectronics.X-CUBE-ST67W61.1.2.0
2026-07-27 00:13:34,088 [WARN] PackLoader:240 - Cannot read IP mode file for STMicroelectronics.X-CUBE-BLEMGR.4.1.0
2026-07-27 00:13:34,105 [WARN] ConditionMgr:438 - getConditionDescription Invalid condition id : UX DEVICE CLASS RTOS Condition cause : null
2026-07-27 00:13:34,105 [WARN] ConditionMgr:438 - getConditionDescription Invalid condition id : UX DEVICE CLASS RTOS Condition cause : null
2026-07-27 00:13:34,108 [WARN] PackLoader:240 - Cannot read IP mode file for STMicroelectronics.X-CUBE-AZRTOS-WB.2.0.0
2026-07-27 00:13:34,108 [WARN] ConditionMgr:1044 - genDependencies : Invalid condition id : UX DEVICE CLASS RTOS Condition cause : null
2026-07-27 00:13:34,109 [WARN] ConditionMgr:1044 - genDependencies : Invalid condition id : UX DEVICE CLASS RTOS Condition cause : null
2026-07-27 00:13:34,109 [WARN] ConditionMgr:1044 - genDependencies : Invalid condition id : UX DEVICE CLASS RTOS Condition cause : null
2026-07-27 00:13:34,110 [WARN] ConditionMgr:1044 - genDependencies : Invalid condition id : UX DEVICE CLASS RTOS Condition cause : null
2026-07-27 00:13:34,110 [WARN] ConditionMgr:1044 - genDependencies : Invalid condition id : UX DEVICE CLASS RTOS Condition cause : null
2026-07-27 00:13:34,114 [WARN] ConditionMgr:438 - getConditionDescription Invalid condition id : Cortex-A Device cause : null
2026-07-27 00:13:34,122 [WARN] ConditionMgr:1044 - genDependencies : Invalid condition id : Cortex-A Device cause : null
2026-07-27 00:13:34,122 [WARN] ConditionMgr:1044 - genDependencies : Invalid condition id : Cortex-A Device cause : null
2026-07-27 00:13:34,122 [WARN] ConditionMgr:1044 - genDependencies : Invalid condition id : Cortex-A Device cause : null
2026-07-27 00:13:34,128 [WARN] PackLoader:240 - Cannot read IP mode file for STMicroelectronics.X-CUBE-STSE01.2.0.0
2026-07-27 00:13:34,140 [WARN] PackLoader:240 - Cannot read IP mode file for STMicroelectronics.X-CUBE-SUBG2.5.0.0
2026-07-27 00:13:34,161 [WARN] PackLoader:240 - Cannot read IP mode file for STMicroelectronics.X-CUBE-AZRTOS-G4.2.0.0
2026-07-27 00:13:34,166 [WARN] PackLoader:240 - Cannot read IP mode file for wolfSSL.I-CUBE-wolfSSH.1.4.20
2026-07-27 00:13:34,170 [WARN] PackLoader:240 - Cannot read IP mode file for STMicroelectronics.X-CUBE-NFC7.2.0.0
2026-07-27 00:13:34,175 [ERROR] Engine:466 - /home/sakshi/.stm32cubemx/thirdparties/pdsc/STMicroelectronics.X-CUBE-BLEMGR.4.2.0.pdsc: PDSC version is not supported
2026-07-27 00:13:34,178 [WARN] PackLoader:240 - Cannot read IP mode file for STMicroelectronics.X-CUBE-ALS.1.0.2
2026-07-27 00:13:34,189 [WARN] PackLoader:240 - Cannot read IP mode file for STMicroelectronics.X-CUBE-TOF1.3.4.3
2026-07-27 00:13:34,211 [INFO] ThirdParty:978 - Integrity check success = true
2026-07-27 00:13:34,211 [INFO] IntegrityCheckThread:100 - exiting critical section [integrity check]
2026-07-27 00:13:34,211 [INFO] IntegrityCheckThread:103 - End integrity checks thread
2026-07-27 00:13:45,827 [INFO] McuFinderGlobals:63 - Set McuFinder mode to 2 (CubeIDE integrated)
2026-07-27 00:13:45,831 [INFO] MainUpdater:2872 - connection check result : 10
2026-07-27 00:13:45,832 [INFO] MainUpdater:2872 - connection check result : 10
2026-07-27 00:13:45,861 [INFO] MicroXplorer:468 - Change Database Path : 
2026-07-27 00:13:45,862 [INFO] MicroXplorer:498 - Change Database Version : DB.6.0.150
2026-07-27 00:13:45,870 [WARN] ThirdParty:871 - waiting for thirdparty lock release [close project]
2026-07-27 00:13:45,870 [INFO] ThirdParty:873 - entering critical section [close project]
2026-07-27 00:13:45,870 [INFO] ThirdParty:883 - exiting critical section [close project]
2026-07-27 00:13:45,873 [INFO] PinOutPanel:1589 - setPackage(No Configuration,No Configuration)
2026-07-27 00:13:45,875 [INFO] UtilMem:75 - Begin LoadConfig() Used Memory: 212646096 Bytes (300941312)
2026-07-27 00:13:45,880 [INFO] MicroXplorer:468 - Change Database Path : /home/sakshi/.stm32cubemx/databases/DB.6.0.130/db/
2026-07-27 00:13:45,880 [INFO] MicroXplorer:498 - Change Database Version : DB.6.0.130
2026-07-27 00:13:47,977 [INFO] OpenFileManager:355 - Change cursor
2026-07-27 00:13:48,003 [INFO] Mcu:2029 - Initializing MCU STM32F407V(E-G)Tx STM32F407VGTx STM32F407VGT6
2026-07-27 00:13:49,536 [INFO] Context:786 - Trying to add GPIOservice into a context  which must be forbidden
2026-07-27 00:13:49,972 [INFO] ImportTextPane:234 - (OptionalMessage_ERROR) Pin17 (VP_RIF_VS_RIF1) cannot be retrieved for this MCU
2026-07-27 00:13:50,123 [INFO] RtosManager:558 - Registered RTOS mode: class=CMSIS, group=RTOS, mode=CMSIS_V1, owner=FREERTOS
2026-07-27 00:13:50,123 [INFO] RtosManager:558 - Registered RTOS mode: class=CMSIS, group=RTOS2, mode=CMSIS_V2, owner=FREERTOS
2026-07-27 00:13:50,124 [INFO] RtosManager:558 - Registered RTOS mode: class=RTOS, group=Core, mode=CMSIS_V1, owner=FREERTOS
2026-07-27 00:13:50,124 [INFO] RtosManager:558 - Registered RTOS mode: class=RTOS, group=Core, mode=CMSIS_V2, owner=FREERTOS
2026-07-27 00:13:50,124 [WARN] ModelIntegratedComponent:184 - Missing modes for component STMicroelectronics:FreeRTOS:0.0.1:STMicroelectronics:RTOS:FreeRTOS:Core:::10.2.0:
2026-07-27 00:13:50,139 [WARN] ModelIntegratedComponent:63 - No mode defined for component null
2026-07-27 00:13:50,139 [WARN] ModelIntegratedComponent:63 - No mode defined for component null
2026-07-27 00:13:50,140 [WARN] ModelIntegratedComponent:63 - No mode defined for component null
2026-07-27 00:13:50,140 [WARN] ModelIntegratedComponent:63 - No mode defined for component null
2026-07-27 00:13:50,140 [WARN] ModelIntegratedComponent:63 - No mode defined for component null
2026-07-27 00:13:50,140 [WARN] ModelIntegratedComponent:63 - No mode defined for component null
2026-07-27 00:13:50,140 [WARN] ModelIntegratedComponent:63 - No mode defined for component null
2026-07-27 00:13:50,140 [WARN] ModelIntegratedComponent:63 - No mode defined for component null
2026-07-27 00:13:50,140 [WARN] ModelIntegratedComponent:63 - No mode defined for component null
2026-07-27 00:13:50,140 [WARN] ModelIntegratedComponent:63 - No mode defined for component null
2026-07-27 00:13:50,140 [WARN] ModelIntegratedComponent:63 - No mode defined for component null
2026-07-27 00:13:50,140 [WARN] ModelIntegratedComponent:63 - No mode defined for component null
2026-07-27 00:13:50,140 [WARN] ModelIntegratedComponent:63 - No mode defined for component null
2026-07-27 00:13:50,140 [WARN] ModelIntegratedComponent:63 - No mode defined for component null
2026-07-27 00:13:50,140 [WARN] ModelIntegratedComponent:63 - No mode defined for component null
2026-07-27 00:13:50,140 [WARN] ModelIntegratedComponent:63 - No mode defined for component null
2026-07-27 00:13:50,140 [WARN] ModelIntegratedComponent:63 - No mode defined for component null
2026-07-27 00:13:50,140 [WARN] ModelIntegratedComponent:63 - No mode defined for component null
2026-07-27 00:13:50,140 [WARN] ModelIntegratedComponent:63 - No mode defined for component null
2026-07-27 00:13:50,140 [WARN] ModelIntegratedComponent:63 - No mode defined for component null
2026-07-27 00:13:50,141 [WARN] ModelIntegratedComponent:63 - No mode defined for component null
2026-07-27 00:13:50,141 [WARN] ModelIntegratedComponent:63 - No mode defined for component null
2026-07-27 00:13:50,141 [WARN] ModelIntegratedComponent:63 - No mode defined for component null
2026-07-27 00:13:50,141 [WARN] ModelIntegratedComponent:63 - No mode defined for component null
2026-07-27 00:13:50,141 [WARN] ModelIntegratedComponent:63 - No mode defined for component null
2026-07-27 00:13:50,141 [WARN] ModelIntegratedComponent:63 - No mode defined for component null
2026-07-27 00:13:50,141 [WARN] ModelIntegratedComponent:63 - No mode defined for component null
2026-07-27 00:13:50,141 [WARN] ModelIntegratedComponent:63 - No mode defined for component null
2026-07-27 00:13:50,141 [WARN] ModelIntegratedComponent:63 - No mode defined for component null
2026-07-27 00:13:50,141 [WARN] ModelIntegratedComponent:63 - No mode defined for component null
2026-07-27 00:13:50,141 [WARN] ModelIntegratedComponent:63 - No mode defined for component null
2026-07-27 00:13:50,141 [WARN] ModelIntegratedComponent:63 - No mode defined for component null
2026-07-27 00:13:50,141 [WARN] ModelIntegratedComponent:63 - No mode defined for component null
2026-07-27 00:13:50,141 [WARN] ModelIntegratedComponent:63 - No mode defined for component null
2026-07-27 00:13:50,141 [WARN] ModelIntegratedComponent:63 - No mode defined for component null
2026-07-27 00:13:50,141 [WARN] ModelPack:524 - Component already loaded: STMicroelectronics:HAL Drivers:0.0.0:STMicroelectronics:Device:STMicro_Driver:XSPI:HAL::0.0.1:HAL_XSPI
2026-07-27 00:13:50,220 [INFO] ThirdPartyModel:298 - Start build external matchings
2026-07-27 00:13:50,709 [INFO] ThirdPartyModel:316 - End build external matchings
2026-07-27 00:13:50,733 [INFO] ImportTextPane:234 - (OptionalMessage_ERROR) IP (RCC) : Parameter (RTCHSEDivFreq_Value) has invalid value (4000000)
2026-07-27 00:13:51,030 [INFO] ApiDb:581 - Connected to CubeFinder SQLite database (/home/sakshi/.stmcufinder/plugins/mcufinder/mcu/cube-finder-db.db)
2026-07-27 00:13:51,100 [INFO] ApiDb:668 - CubeFinder database Data Model version=2.1
2026-07-27 00:13:51,101 [INFO] ApiDb:669 - CubeFinder database Configuration version=3.0.42
2026-07-27 00:13:51,101 [INFO] ApiDb:670 - CubeFinder database generation date=2026-06-23 (1782213372)
2026-07-27 00:13:51,101 [INFO] ApiDb:671 - CubeFinder database FW Pack versions=[FP-ATR-ASTRA1_V2.0.0, FP-SNS-FLIGHT1_V5.1.0, FP-SNS-MOTENV1_V5.1.0, FP-SNS-MOTENVWB1_V1.5.0, FP-SNS-SMARTAG2_V1.2.0, FP-SNS-STBOX1_V2.1.0, STM32Cube_FW_C0_V1.4.0, STM32Cube_FW_F4_V1.28.3, STM32Cube_FW_F7_V1.17.4, STM32Cube_FW_G0_V1.6.3, STM32Cube_FW_G4_V1.6.2, STM32Cube_FW_H5_V1.7.0, STM32Cube_FW_H7RS_V1.3.0, STM32Cube_FW_H7_V1.13.0, STM32Cube_FW_L0_V1.12.2, STM32Cube_FW_L4_V1.18.2, STM32Cube_FW_L5_V1.6.0, STM32Cube_FW_N6_V1.4.0, STM32Cube_FW_U0_V1.3.0, STM32Cube_FW_U3_V1.4.0, STM32Cube_FW_U5_V1.9.0, STM32Cube_FW_WB0_V1.5.0, STM32Cube_FW_WBA_V1.10.0, STM32Cube_FW_WB_V1.24.0, STM32Cube_FW_WL3_V1.5.0, STM32Cube_FW_WL_V1.6.0, X-CUBE-ALGOBUILD_V1.5.0, X-CUBE-ALS_V1.0.2, X-CUBE-AZRTOS-F4_V1.1.0, X-CUBE-AZRTOS-F7_V1.1.0, X-CUBE-AZRTOS-G0_V1.1.0, X-CUBE-AZRTOS-G4_V2.0.0, X-CUBE-AZRTOS-H7RS_V1.1.0, X-CUBE-AZRTOS-H7_V3.5.0, X-CUBE-AZRTOS-L4_V2.0.0, X-CUBE-AZRTOS-L5_V2.0.0, X-CUBE-AZRTOS-WB_V2.0.0, X-CUBE-AZRTOS-WL_V2.0.0, X-CUBE-BLE1_V7.1.0, X-CUBE-BLE2_V3.3.0, X-CUBE-BLEMGR_V4.1.0, X-CUBE-EEPRMA1_V5.2.0, X-CUBE-FREERTOS_V1.5.0, X-CUBE-GNSS1_V7.1.1, X-CUBE-MEMS1_V12.1.0, X-CUBE-NFC4_V3.0.0, X-CUBE-NFC7_V2.0.0, X-CUBE-SFXS2LP1_V4.0.0, X-CUBE-ST67W61_V1.3.0, X-CUBE-SUBG2_V5.0.0, X-CUBE-TOF1_V3.4.3]
2026-07-27 00:13:51,194 [INFO] DbBoardsSqlite:226 - include board P-NUCLEO-WB55-NUCLEO as a kit item of type 'Nucleo-64'
2026-07-27 00:13:51,194 [INFO] DbBoardsSqlite:226 - include board P-NUCLEO-WB55-USBDONGLE as a kit item of type 'Nucleo USB Dongle'
2026-07-27 00:13:51,195 [INFO] DbBoardsSqlite:226 - include board STEVAL-IDP005V1 as a kit item of type 'Evaluation Board'
2026-07-27 00:13:51,195 [INFO] DbBoardsSqlite:226 - include board STEVAL-IDP005V2 as a kit item of type 'Evaluation Board'
2026-07-27 00:13:51,311 [INFO] ApiDb:240 - Found 880 in-development CPN: [B-G473E-ZEST1S, B-WB1M-WPAN1, B-WBA5M-WPAN, B-WL5M-SUBG1, NUCLEO-C031C6, NUCLEO-C051C8, NUCLEO-C071RB, NUCLEO-C092RC, NUCLEO-H503RB, NUCLEO-H533RE, NUCLEO-H563ZI, NUCLEO-H7S3L8, NUCLEO-N657X0-Q, NUCLEO-U031R8, NUCLEO-U083RC, NUCLEO-U385RG-Q, NUCLEO-U545RE-Q, NUCLEO-U5A5ZJ-Q, NUCLEO-WB05KZ, NUCLEO-WB07CC, NUCLEO-WB09KE, NUCLEO-WBA52CG, NUCLEO-WBA55CG, NUCLEO-WL33CC1, NUCLEO-WL33CC2, STEVAL-PROTEUS1, STEVAL-SMARTAG2, STEVAL-STWINBX1, STM320518-EVAL, STM32C0116-DK, STM32C011D6Y3TR, STM32C011D6Y6TR, STM32C011F4P3, STM32C011F4P6, STM32C011F4U3, STM32C011F4U6TR, STM32C011F6P3, STM32C011F6P6, STM32C011F6U3, STM32C011F6U6TR, STM32C011J4M3, STM32C011J4M6, STM32C011J6M3, STM32C011J6M6, STM32C0316-DK, STM32C031C4T3, STM32C031C4T6, STM32C031C4U3, STM32C031C4U6, STM32C031C6T3, STM32C031C6T6, STM32C031C6U3, STM32C031C6U6, STM32C031F4P3, STM32C031F4P6, STM32C031F6P3, STM32C031F6P6, STM32C031G4U3, STM32C031G4U6, STM32C031G6U3, STM32C031G6U6, STM32C031K4T3, STM32C031K4T6, STM32C031K4U3, STM32C031K4U6, STM32C031K6T3, STM32C031K6T6, STM32C031K6U3, STM32C031K6U6, STM32C051C6T6, STM32C051C6U6, STM32C051C8T6, STM32C051C8U6, STM32C051D8Y6TR, STM32C051F6P6, STM32C051F8P6, STM32C051G6U6, STM32C051G8U6, STM32C051K6T6, STM32C051K6U6, STM32C051K8T6, STM32C071C8T6, STM32C071C8T6N, STM32C071C8U6, STM32C071C8U6N, STM32C071CBT6, STM32C071CBT6N, STM32C071CBU6, STM32C071CBU6N, STM32C071F8P6, STM32C071F8P6N, STM32C071FBP6, STM32C071FBP6N, STM32C071FBY6TR, STM32C071G8U6, STM32C071G8U6N, STM32C071GBU6, STM32C071GBU6N, STM32C071K8T6, STM32C071K8T6N, STM32C071K8U6, STM32C071K8U6N, STM32C071KBT6, STM32C071KBT6N, STM32C071KBU6, STM32C071KBU6N, STM32C071R8T6, STM32C071R8T6N, STM32C071RBI6N, STM32C071RBT6, STM32C071RBT6N, STM32C091CBT6, STM32C091CBU6, STM32C091CCT6, STM32C091CCU6, STM32C091ECY6TR, STM32C091FBP6, STM32C091FCP6, STM32C091GBU6, STM32C091GCU6, STM32C091KBT6, STM32C091KBU6, STM32C091KCT6, STM32C091KCU6, STM32C091RBT6, STM32C091RCI6, STM32C091RCT6, STM32C092CBT6, STM32C092CBU6, STM32C092CCT6, STM32C092CCU6, STM32C092ECY6TR, STM32C092FBP6, STM32C092FCP6, STM32C092GBU6, STM32C092GCU6, STM32C092KBT6, STM32C092KBU6, STM32C092KCT6, STM32C092KCU6, STM32C092RBT6, STM32C092RCI6, STM32C092RCT6, STM32G071K8TXN, STM32G071K8UXN, STM32G081GBU6N, STM32G081KBT6N, STM32G081KBUXN, STM32G0B1CCT6N, STM32G0B1KCT6, STM32G0B1NEY6TR, STM32G0B1RCT6N, STM32G0C1CCT6, STM32G0C1CCT6N, STM32G0C1CCU6N, STM32G0C1CET6N, STM32G0C1CEU6N, STM32G0C1KCT6, STM32G0C1NEY6TR, STM32G0C1RCI6N, STM32G0C1RCT6N, STM32G0C1REI6N, STM32G0C1RET6N, STM32G0C1VCI6, STM32G0C1VEI6, STM32G411C6T3, STM32G411C6T6, STM32G411C6U3, STM32G411C6U6, STM32G411C8T3, STM32G411C8T6, STM32G411C8U3, STM32G411C8U6, STM32G411CBT3, STM32G411CBT6, STM32G411CBU3, STM32G411CBU6, STM32G411K6T3, STM32G411K6T6, STM32G411K6U3, STM32G411K6U6, STM32G411K8T3, STM32G411K8T6, STM32G411K8U3, STM32G411K8U6, STM32G411KBT3, STM32G411KBT6, STM32G411KBU3, STM32G411KBU6, STM32G411M6T3, STM32G411M6T6, STM32G411M8T3, STM32G411M8T6, STM32G411MBT3, STM32G411MBT6, STM32G411R6T3, STM32G411R6T6, STM32G411R8T3, STM32G411R8T6, STM32G411RBT3, STM32G411RBT6, STM32G414CBT3, STM32G414CBT6, STM32G414CBU3, STM32G414CBU6, STM32G414CCT3, STM32G414CCT6, STM32G414CCU3, STM32G414CCU6, STM32G414MBT3, STM32G414MBT6, STM32G414MCT3, STM32G414MCT6, STM32G414RBT3, STM32G414RBT6, STM32G414RCT3, STM32G414RCT6, STM32G414VBT3, STM32G414VBT6, STM32G414VCT3, STM32G414VCT6, STM32G431CBT3Z, STM32G431RBT3Z, STM32G471CCT6, STM32G471CCU6, STM32G471CET3, STM32G471CET6, STM32G471CEU3, STM32G471CEU6, STM32G471MCT6, STM32G471MET3, STM32G471MET6, STM32G471MEY6TR, STM32G471QCT6, STM32G471QET3, STM32G471RCT6, STM32G471RET3, STM32G471RET6, STM32G471VCH6, STM32G471VCI6, STM32G471VCT6, STM32G471VEH3, STM32G471VEH6, STM32G471VEI3, STM32G471VEI6, STM32G471VET3, STM32G471VET6, STM32G473QET3Z, STM32G473RET3Z, STM32G474CCT6, STM32G491RET3Z, STM32H503CBT6, STM32H503CBU6, STM32H503EBY6TR, STM32H503KBU6, STM32H503RBT6, STM32H523CCT6, STM32H523CCU6, STM32H523CET6, STM32H523CEU6, STM32H523HEY6TR, STM32H523RCT6, STM32H523RET6, STM32H523VCI6, STM32H523VCT6, STM32H523VEI6, STM32H523VET6, STM32H523ZCJ6, STM32H523ZCT6, STM32H523ZEJ6, STM32H523ZET6, STM32H533CET6, STM32H533CEU6, STM32H533HEY6TR, STM32H533RET6, STM32H533VEI6, STM32H533VET6, STM32H533ZEJ6, STM32H533ZET6, STM32H562AGI6, STM32H562AII6, STM32H562IGK6, STM32H562IGT6, STM32H562IIK6, STM32H562IIT6, STM32H562RGT6, STM32H562RGV6, STM32H562RIT6, STM32H562RIV6, STM32H562VGT6, STM32H562VIT6, STM32H562ZGT6, STM32H562ZIT6, STM32H563AGI6, STM32H563AII3Q, STM32H563AII6, STM32H563IGK6, STM32H563IGT6, STM32H563IIK3Q, STM32H563IIK6, STM32H563IIT3Q, STM32H563IIT6, STM32H563MIY3QTR, STM32H563RGT6, STM32H563RGV6, STM32H563RIT6, STM32H563RIV6, STM32H563VGT6, STM32H563VIT3Q, STM32H563VIT6, STM32H563ZGT6, STM32H563ZIT3Q, STM32H563ZIT6, STM32H573AII3Q, STM32H573AII6, STM32H573I-DK, STM32H573IIK3Q, STM32H573IIK6, STM32H573IIT3Q, STM32H573IIT6, STM32H573MIY3QTR, STM32H573RIT6, STM32H573RIV6, STM32H573VIT3Q, STM32H573VIT6, STM32H573ZIT3Q, STM32H573ZIT6, STM32H7R3A8I6, STM32H7R3I8K6, STM32H7R3I8T6, STM32H7R3L8H6, STM32H7R3L8H6H, STM32H7R3R8V6, STM32H7R3V8H6, STM32H7R3V8T6, STM32H7R3V8Y6TR, STM32H7R3Z8J6, STM32H7R3Z8T6, STM32H7R7A8I6, STM32H7R7I8K6, STM32H7R7I8T6, STM32H7R7L8H6, STM32H7R7L8H6H, STM32H7R7Z8J6, STM32H7S3A8I6, STM32H7S3I8K6, STM32H7S3I8T6, STM32H7S3L8H6, STM32H7S3L8H6H, STM32H7S3R8V6, STM32H7S3V8H6, STM32H7S3V8T6, STM32H7S3V8Y6TR, STM32H7S3Z8J6, STM32H7S3Z8T6, STM32H7S78-DK, STM32H7S7A8I6, STM32H7S7I8K6, STM32H7S7I8T6, STM32H7S7L8H6, STM32H7S7L8H6H, STM32H7S7Z8J6, STM32L4R5QGI6STR, STM32MP131AAE3, STM32MP131AAF3, STM32MP131AAG3, STM32MP131CAE3, STM32MP131CAF3, STM32MP131CAG3, STM32MP131DAE7, STM32MP131DAF7, STM32MP131DAG7, STM32MP131FAE7, STM32MP131FAF7, STM32MP131FAG7, STM32MP133AAE3, STM32MP133AAF3, STM32MP133AAG3, STM32MP133CAE3, STM32MP133CAF3, STM32MP133CAG3, STM32MP133DAE7, STM32MP133DAF7, STM32MP133DAG7, STM32MP133FAE7, STM32MP133FAF7, STM32MP133FAG7, STM32MP135AAE3, STM32MP135AAF3, STM32MP135AAG3, STM32MP135CAE3, STM32MP135CAF3, STM32MP135CAG3, STM32MP135DAE7, STM32MP135DAF7, STM32MP135DAG7, STM32MP135F-DK, STM32MP135FAE7, STM32MP135FAF7, STM32MP135FAF7T, STM32MP135FAF7U, STM32MP135FAG7, STM32MP211AAL3, STM32MP211AAM3, STM32MP211AAN3, STM32MP211AAO3, STM32MP211CAL3, STM32MP211CAM3, STM32MP211CAN3, STM32MP211CAO3, STM32MP211DAL3, STM32MP211DAM3, STM32MP211DAN3, STM32MP211DAO3, STM32MP211FAL3, STM32MP211FAM3, STM32MP211FAN3, STM32MP211FAO3, STM32MP213AAL3, STM32MP213AAM3, STM32MP213AAN3, STM32MP213AAO3, STM32MP213CAL3, STM32MP213CAM3, STM32MP213CAN3, STM32MP213CAO3, STM32MP213DAL3, STM32MP213DAM3, STM32MP213DAN3, STM32MP213DAO3, STM32MP213FAL3, STM32MP213FAM3, STM32MP213FAN3, STM32MP213FAO3, STM32MP215AAL3, STM32MP215AAM3, STM32MP215AAN3, STM32MP215AAO3, STM32MP215CAL3, STM32MP215CAM3, STM32MP215CAN3, STM32MP215CAO3, STM32MP215DAL3, STM32MP215DAM3, STM32MP215DAN3, STM32MP215DAO3, STM32MP215F-DK, STM32MP215FAL3, STM32MP215FAM3, STM32MP215FAN3, STM32MP215FAO3, STM32MP231AAJ3, STM32MP231AAK3, STM32MP231AAL3, STM32MP231CAJ3, STM32MP231CAK3, STM32MP231CAL3, STM32MP231DAJ3, STM32MP231DAK3, STM32MP231DAL3, STM32MP231FAJ3, STM32MP231FAK3, STM32MP231FAL3, STM32MP233AAJ3, STM32MP233AAK3, STM32MP233AAL3, STM32MP233CAJ3, STM32MP233CAK3, STM32MP233CAL3, STM32MP233DAJ3, STM32MP233DAK3, STM32MP233DAL3, STM32MP233FAJ3, STM32MP233FAK3, STM32MP233FAL3, STM32MP235AAJ3, STM32MP235AAK3, STM32MP235AAL3, STM32MP235CAJ3, STM32MP235CAK3, STM32MP235CAL3, STM32MP235DAJ3, STM32MP235DAK3, STM32MP235DAL3, STM32MP235FAJ3, STM32MP235FAK3, STM32MP235FAL3, STM32MP251AAI3, STM32MP251AAK3, STM32MP251AAL3, STM32MP251CAI3, STM32MP251CAK3, STM32MP251CAL3, STM32MP251DAI3, STM32MP251DAK3, STM32MP251DAL3, STM32MP251FAI3, STM32MP251FAK3, STM32MP251FAL3, STM32MP253AAI3, STM32MP253AAK3, STM32MP253AAL3, STM32MP253CAI3, STM32MP253CAK3, STM32MP253CAL3, STM32MP253DAI3, STM32MP253DAK3, STM32MP253DAL3, STM32MP253FAI3, STM32MP253FAK3, STM32MP253FAL3, STM32MP255AAI3, STM32MP255AAK3, STM32MP255AAL3, STM32MP255CAI3, STM32MP255CAK3, STM32MP255CAL3, STM32MP255DAI3, STM32MP255DAK3, STM32MP255DAL3, STM32MP255FAI3, STM32MP255FAK3, STM32MP255FAL3, STM32MP257AAI3, STM32MP257AAK3, STM32MP257AAL3, STM32MP257CAI3, STM32MP257CAK3, STM32MP257CAL3, STM32MP257DAI3, STM32MP257DAK3, STM32MP257DAL3, STM32MP257F-DK, STM32MP257F-EV1, STM32MP257FAI3, STM32MP257FAK3, STM32MP257FAL3, STM32N645A0H3Q, STM32N645B0H3Q, STM32N645I0H3Q, STM32N645L0H3Q, STM32N645X0H3Q, STM32N645Z0H3Q, STM32N647A0H3Q, STM32N647B0H3Q, STM32N647I0H3Q, STM32N647L0H3Q, STM32N647X0H3Q, STM32N647Z0H3Q, STM32N655A0H3Q, STM32N655B0H3Q, STM32N655I0H3Q, STM32N655L0H3Q, STM32N655X0H3Q, STM32N655Z0H3Q, STM32N6570-DK, STM32N657A0H3Q, STM32N657B0H3Q, STM32N657I0H3Q, STM32N657L0H3Q, STM32N657X0H3Q, STM32N657Z0H3Q, STM32U031C6T6, STM32U031C6U6, STM32U031C8T6, STM32U031C8U6, STM32U031F4P6, STM32U031F6P6, STM32U031F8P6, STM32U031G6Y6TR, STM32U031G8Y6TR, STM32U031K4U6, STM32U031K6U6, STM32U031K8U6, STM32U031R6I6, STM32U031R6T6, STM32U031R8I6, STM32U031R8T6, STM32U073C8T6, STM32U073C8U6, STM32U073CBT6, STM32U073CBU6, STM32U073CCT6, STM32U073CCU6, STM32U073H8Y6TR, STM32U073HBY6TR, STM32U073HCY6TR, STM32U073K8U6, STM32U073KBU6, STM32U073KCU6, STM32U073M8I6, STM32U073M8T6, STM32U073MBI6, STM32U073MBT6, STM32U073MCI6, STM32U073MCT6, STM32U073R8I6, STM32U073R8T6, STM32U073RBI6, STM32U073RBT6, STM32U073RCI6, STM32U073RCT6, STM32U083C-DK, STM32U083CCT6, STM32U083CCU6, STM32U083HCY6TR, STM32U083KCU6, STM32U083MCI6, STM32U083MCT6, STM32U083RCI6, STM32U083RCT6, STM32U375CET6, STM32U375CET6Q, STM32U375CEU6, STM32U375CEU6Q, STM32U375CEY6QTR, STM32U375CGT6, STM32U375CGT6Q, STM32U375CGU6, STM32U375CGU6Q, STM32U375CGY6QTR, STM32U375KEU6, STM32U375KGU6, STM32U375REI6, STM32U375REI6Q, STM32U375RET6, STM32U375RET6Q, STM32U375REY6GTR, STM32U375REY6QTR, STM32U375RGI6, STM32U375RGI6Q, STM32U375RGT6, STM32U375RGT6Q, STM32U375RGY6GTR, STM32U375RGY6QTR, STM32U375VEI6, STM32U375VEI6Q, STM32U375VET6, STM32U375VET6Q, STM32U375VGI6, STM32U375VGI6Q, STM32U375VGT6, STM32U375VGT6Q, STM32U385CGT6, STM32U385CGT6Q, STM32U385CGU6, STM32U385CGU6Q, STM32U385CGY6QTR, STM32U385KGU6, STM32U385RGI6, STM32U385RGI6Q, STM32U385RGT6, STM32U385RGT6Q, STM32U385RGY6GTR, STM32U385RGY6QTR, STM32U385VGI6, STM32U385VGI6Q, STM32U385VGT6, STM32U385VGT6Q, STM32U535CBT6, STM32U535CBT6Q, STM32U535CBU6, STM32U535CBU6Q, STM32U535CCT6, STM32U535CCT6Q, STM32U535CCU6, STM32U535CCU6Q, STM32U535CET6, STM32U535CET6Q, STM32U535CEU6, STM32U535CEU6Q, STM32U535JEY6QTR, STM32U535NCY6QTR, STM32U535NEY6QTR, STM32U535RBI6, STM32U535RBI6Q, STM32U535RBT6, STM32U535RBT6Q, STM32U535RCI6, STM32U535RCI6Q, STM32U535RCT6, STM32U535RCT6Q, STM32U535REI6, STM32U535REI6Q, STM32U535RET6, STM32U535RET6Q, STM32U535VCI6, STM32U535VCI6Q, STM32U535VCT6, STM32U535VCT6Q, STM32U535VEI6, STM32U535VEI6Q, STM32U535VET6, STM32U535VET6Q, STM32U545CET6, STM32U545CET6Q, STM32U545CEU6, STM32U545CEU6Q, STM32U545JEY6QTR, STM32U545NEY6QTR, STM32U545REI6, STM32U545REI6Q, STM32U545RET6, STM32U545RET6Q, STM32U545VEI6, STM32U545VEI6Q, STM32U545VET6, STM32U545VET6Q, STM32U595AIH6, STM32U595AIH6Q, STM32U595AJH6, STM32U595AJH6Q, STM32U595QII6, STM32U595QII6Q, STM32U595QJI6, STM32U595QJI6Q, STM32U595RIT6, STM32U595RIT6Q, STM32U595RJT6, STM32U595RJT6Q, STM32U595VIT6, STM32U595VIT6Q, STM32U595VJT6, STM32U595VJT6Q, STM32U595ZIT6, STM32U595ZIT6Q, STM32U595ZIY6QTR, STM32U595ZJT6, STM32U595ZJT6Q, STM32U595ZJY6QTR, STM32U599BJY6QTR, STM32U599NIH6Q, STM32U599NJH6Q, STM32U599VIT6Q, STM32U599VJT6, STM32U599VJT6Q, STM32U599ZIT6Q, STM32U599ZIY6QTR, STM32U599ZJT6Q, STM32U599ZJY6QTR, STM32U5A5AJH6, STM32U5A5AJH6Q, STM32U5A5QII3Q , STM32U5A5QJI6, STM32U5A5QJI6Q, STM32U5A5RJT6, STM32U5A5RJT6Q, STM32U5A5VJT6, STM32U5A5VJT6Q, STM32U5A5ZJT6, STM32U5A5ZJT6Q, STM32U5A5ZJY6QTR, STM32U5A9BJY6QTR, STM32U5A9J-DK, STM32U5A9NJH6Q, STM32U5A9VJT6Q, STM32U5A9ZJT6Q, STM32U5A9ZJY6QTR, STM32U5F7VIT6, STM32U5F7VIT6Q, STM32U5F7VJT6, STM32U5F7VJT6Q, STM32U5F9BJY6QTR, STM32U5F9NJH6Q, STM32U5F9VIT6Q, STM32U5F9VJT6Q, STM32U5F9ZIJ6QTR, STM32U5F9ZIT6Q, STM32U5F9ZJJ6QTR, STM32U5F9ZJT6Q, STM32U5G7VJT6, STM32U5G7VJT6Q, STM32U5G9BJY6QTR, STM32U5G9J-DK1, STM32U5G9J-DK2, STM32U5G9NJH6Q, STM32U5G9VJT6Q, STM32U5G9ZJJ6QTR, STM32U5G9ZJT6Q, STM32WB05KZV6TR, STM32WB05KZV7TR, STM32WB05TZF6TR, STM32WB05TZF7TR, STM32WB06CCF6TR, STM32WB06CCF7TR, STM32WB06CCV6TR, STM32WB06CCV7TR, STM32WB06KCV6TR, STM32WB06KCV7TR, STM32WB07CCF6TR, STM32WB07CCF7TR, STM32WB07CCV6TR, STM32WB07CCV7TR, STM32WB07KCV6TR, STM32WB07KCV7TR, STM32WB09KEV6TR, STM32WB09KEV7TR, STM32WB09TEF6TR, STM32WB09TEF7TR, STM32WB1MMCH6, STM32WBA50KGU6, STM32WBA50KGU6TR, STM32WBA52CEU6, STM32WBA52CEU6TR, STM32WBA52CEU7, STM32WBA52CEU7TR, STM32WBA52CGU6, STM32WBA52CGU6TR, STM32WBA52CGU6U, STM32WBA52CGU7, STM32WBA52CGU7TR, STM32WBA52KEU6, STM32WBA52KEU6TR, STM32WBA52KGU6, STM32WBA52KGU6TR, STM32WBA54CEU6, STM32WBA54CEU6TR, STM32WBA54CEU7, STM32WBA54CEU7TR, STM32WBA54CGU6, STM32WBA54CGU6TR, STM32WBA54CGU7, STM32WBA54CGU7TR, STM32WBA54KEU6, STM32WBA54KEU6TR, STM32WBA54KEU7, STM32WBA54KEU7TR, STM32WBA54KGU6, STM32WBA54KGU6TR, STM32WBA54KGU7, STM32WBA54KGU7TR, STM32WBA55CEU6, STM32WBA55CEU6TR, STM32WBA55CEU7, STM32WBA55CEU7TR, STM32WBA55CGU6, STM32WBA55CGU6TR, STM32WBA55CGU6U, STM32WBA55CGU7, STM32WBA55CGU7TR, STM32WBA55G-DK1, STM32WBA55HEF6, STM32WBA55HEF7, STM32WBA55HGF6, STM32WBA55HGF7, STM32WBA55UEI6, STM32WBA55UEI6TR, STM32WBA55UEI7, STM32WBA55UEI7TR, STM32WBA55UGI6, STM32WBA55UGI6TR, STM32WBA55UGI7, STM32WBA55UGI7TR, STM32WBA5MMGH6TR, STM32WBA62MGF6, STM32WBA62MIF6, STM32WBA65MGF7, STM32WBA65MIF6, STM32WBA65MIF7, STM32WL30K8V6, STM32WL30KBV6, STM32WL31C8V6, STM32WL31CBV6, STM32WL31K8V6, STM32WL31KBV6, STM32WL33C8V6, STM32WL33C8V6X, STM32WL33CBV6, STM32WL33CBV6X, STM32WL33CCV6, STM32WL33CCV6A, STM32WL33CCV6X, STM32WL33K8V7, STM32WL33K8V7X, STM32WL33KBV7 , STM32WL33KBV7X, STM32WL33KCV7, STM32WL33KCV7X, STM32WL5MOCH6, STM32WL5MOCH6TR]
2026-07-27 00:13:51,315 [INFO] ApiDb:668 - CubeFinder database Data Model version=2.1
2026-07-27 00:13:51,315 [INFO] ApiDb:669 - CubeFinder database Configuration version=3.0.42
2026-07-27 00:13:51,315 [INFO] ApiDb:670 - CubeFinder database generation date=2026-06-23 (1782213372)
2026-07-27 00:13:51,316 [INFO] ApiDb:671 - CubeFinder database FW Pack versions=[FP-ATR-ASTRA1_V2.0.0, FP-SNS-FLIGHT1_V5.1.0, FP-SNS-MOTENV1_V5.1.0, FP-SNS-MOTENVWB1_V1.5.0, FP-SNS-SMARTAG2_V1.2.0, FP-SNS-STBOX1_V2.1.0, STM32Cube_FW_C0_V1.4.0, STM32Cube_FW_F4_V1.28.3, STM32Cube_FW_F7_V1.17.4, STM32Cube_FW_G0_V1.6.3, STM32Cube_FW_G4_V1.6.2, STM32Cube_FW_H5_V1.7.0, STM32Cube_FW_H7RS_V1.3.0, STM32Cube_FW_H7_V1.13.0, STM32Cube_FW_L0_V1.12.2, STM32Cube_FW_L4_V1.18.2, STM32Cube_FW_L5_V1.6.0, STM32Cube_FW_N6_V1.4.0, STM32Cube_FW_U0_V1.3.0, STM32Cube_FW_U3_V1.4.0, STM32Cube_FW_U5_V1.9.0, STM32Cube_FW_WB0_V1.5.0, STM32Cube_FW_WBA_V1.10.0, STM32Cube_FW_WB_V1.24.0, STM32Cube_FW_WL3_V1.5.0, STM32Cube_FW_WL_V1.6.0, X-CUBE-ALGOBUILD_V1.5.0, X-CUBE-ALS_V1.0.2, X-CUBE-AZRTOS-F4_V1.1.0, X-CUBE-AZRTOS-F7_V1.1.0, X-CUBE-AZRTOS-G0_V1.1.0, X-CUBE-AZRTOS-G4_V2.0.0, X-CUBE-AZRTOS-H7RS_V1.1.0, X-CUBE-AZRTOS-H7_V3.5.0, X-CUBE-AZRTOS-L4_V2.0.0, X-CUBE-AZRTOS-L5_V2.0.0, X-CUBE-AZRTOS-WB_V2.0.0, X-CUBE-AZRTOS-WL_V2.0.0, X-CUBE-BLE1_V7.1.0, X-CUBE-BLE2_V3.3.0, X-CUBE-BLEMGR_V4.1.0, X-CUBE-EEPRMA1_V5.2.0, X-CUBE-FREERTOS_V1.5.0, X-CUBE-GNSS1_V7.1.1, X-CUBE-MEMS1_V12.1.0, X-CUBE-NFC4_V3.0.0, X-CUBE-NFC7_V2.0.0, X-CUBE-SFXS2LP1_V4.0.0, X-CUBE-ST67W61_V1.3.0, X-CUBE-SUBG2_V5.0.0, X-CUBE-TOF1_V3.4.3]
2026-07-27 00:13:54,177 [INFO] ApiDb:240 - Found 880 in-development CPN: [B-G473E-ZEST1S, B-WB1M-WPAN1, B-WBA5M-WPAN, B-WL5M-SUBG1, NUCLEO-C031C6, NUCLEO-C051C8, NUCLEO-C071RB, NUCLEO-C092RC, NUCLEO-H503RB, NUCLEO-H533RE, NUCLEO-H563ZI, NUCLEO-H7S3L8, NUCLEO-N657X0-Q, NUCLEO-U031R8, NUCLEO-U083RC, NUCLEO-U385RG-Q, NUCLEO-U545RE-Q, NUCLEO-U5A5ZJ-Q, NUCLEO-WB05KZ, NUCLEO-WB07CC, NUCLEO-WB09KE, NUCLEO-WBA52CG, NUCLEO-WBA55CG, NUCLEO-WL33CC1, NUCLEO-WL33CC2, STEVAL-PROTEUS1, STEVAL-SMARTAG2, STEVAL-STWINBX1, STM320518-EVAL, STM32C0116-DK, STM32C011D6Y3TR, STM32C011D6Y6TR, STM32C011F4P3, STM32C011F4P6, STM32C011F4U3, STM32C011F4U6TR, STM32C011F6P3, STM32C011F6P6, STM32C011F6U3, STM32C011F6U6TR, STM32C011J4M3, STM32C011J4M6, STM32C011J6M3, STM32C011J6M6, STM32C0316-DK, STM32C031C4T3, STM32C031C4T6, STM32C031C4U3, STM32C031C4U6, STM32C031C6T3, STM32C031C6T6, STM32C031C6U3, STM32C031C6U6, STM32C031F4P3, STM32C031F4P6, STM32C031F6P3, STM32C031F6P6, STM32C031G4U3, STM32C031G4U6, STM32C031G6U3, STM32C031G6U6, STM32C031K4T3, STM32C031K4T6, STM32C031K4U3, STM32C031K4U6, STM32C031K6T3, STM32C031K6T6, STM32C031K6U3, STM32C031K6U6, STM32C051C6T6, STM32C051C6U6, STM32C051C8T6, STM32C051C8U6, STM32C051D8Y6TR, STM32C051F6P6, STM32C051F8P6, STM32C051G6U6, STM32C051G8U6, STM32C051K6T6, STM32C051K6U6, STM32C051K8T6, STM32C071C8T6, STM32C071C8T6N, STM32C071C8U6, STM32C071C8U6N, STM32C071CBT6, STM32C071CBT6N, STM32C071CBU6, STM32C071CBU6N, STM32C071F8P6, STM32C071F8P6N, STM32C071FBP6, STM32C071FBP6N, STM32C071FBY6TR, STM32C071G8U6, STM32C071G8U6N, STM32C071GBU6, STM32C071GBU6N, STM32C071K8T6, STM32C071K8T6N, STM32C071K8U6, STM32C071K8U6N, STM32C071KBT6, STM32C071KBT6N, STM32C071KBU6, STM32C071KBU6N, STM32C071R8T6, STM32C071R8T6N, STM32C071RBI6N, STM32C071RBT6, STM32C071RBT6N, STM32C091CBT6, STM32C091CBU6, STM32C091CCT6, STM32C091CCU6, STM32C091ECY6TR, STM32C091FBP6, STM32C091FCP6, STM32C091GBU6, STM32C091GCU6, STM32C091KBT6, STM32C091KBU6, STM32C091KCT6, STM32C091KCU6, STM32C091RBT6, STM32C091RCI6, STM32C091RCT6, STM32C092CBT6, STM32C092CBU6, STM32C092CCT6, STM32C092CCU6, STM32C092ECY6TR, STM32C092FBP6, STM32C092FCP6, STM32C092GBU6, STM32C092GCU6, STM32C092KBT6, STM32C092KBU6, STM32C092KCT6, STM32C092KCU6, STM32C092RBT6, STM32C092RCI6, STM32C092RCT6, STM32G071K8TXN, STM32G071K8UXN, STM32G081GBU6N, STM32G081KBT6N, STM32G081KBUXN, STM32G0B1CCT6N, STM32G0B1KCT6, STM32G0B1NEY6TR, STM32G0B1RCT6N, STM32G0C1CCT6, STM32G0C1CCT6N, STM32G0C1CCU6N, STM32G0C1CET6N, STM32G0C1CEU6N, STM32G0C1KCT6, STM32G0C1NEY6TR, STM32G0C1RCI6N, STM32G0C1RCT6N, STM32G0C1REI6N, STM32G0C1RET6N, STM32G0C1VCI6, STM32G0C1VEI6, STM32G411C6T3, STM32G411C6T6, STM32G411C6U3, STM32G411C6U6, STM32G411C8T3, STM32G411C8T6, STM32G411C8U3, STM32G411C8U6, STM32G411CBT3, STM32G411CBT6, STM32G411CBU3, STM32G411CBU6, STM32G411K6T3, STM32G411K6T6, STM32G411K6U3, STM32G411K6U6, STM32G411K8T3, STM32G411K8T6, STM32G411K8U3, STM32G411K8U6, STM32G411KBT3, STM32G411KBT6, STM32G411KBU3, STM32G411KBU6, STM32G411M6T3, STM32G411M6T6, STM32G411M8T3, STM32G411M8T6, STM32G411MBT3, STM32G411MBT6, STM32G411R6T3, STM32G411R6T6, STM32G411R8T3, STM32G411R8T6, STM32G411RBT3, STM32G411RBT6, STM32G414CBT3, STM32G414CBT6, STM32G414CBU3, STM32G414CBU6, STM32G414CCT3, STM32G414CCT6, STM32G414CCU3, STM32G414CCU6, STM32G414MBT3, STM32G414MBT6, STM32G414MCT3, STM32G414MCT6, STM32G414RBT3, STM32G414RBT6, STM32G414RCT3, STM32G414RCT6, STM32G414VBT3, STM32G414VBT6, STM32G414VCT3, STM32G414VCT6, STM32G431CBT3Z, STM32G431RBT3Z, STM32G471CCT6, STM32G471CCU6, STM32G471CET3, STM32G471CET6, STM32G471CEU3, STM32G471CEU6, STM32G471MCT6, STM32G471MET3, STM32G471MET6, STM32G471MEY6TR, STM32G471QCT6, STM32G471QET3, STM32G471RCT6, STM32G471RET3, STM32G471RET6, STM32G471VCH6, STM32G471VCI6, STM32G471VCT6, STM32G471VEH3, STM32G471VEH6, STM32G471VEI3, STM32G471VEI6, STM32G471VET3, STM32G471VET6, STM32G473QET3Z, STM32G473RET3Z, STM32G474CCT6, STM32G491RET3Z, STM32H503CBT6, STM32H503CBU6, STM32H503EBY6TR, STM32H503KBU6, STM32H503RBT6, STM32H523CCT6, STM32H523CCU6, STM32H523CET6, STM32H523CEU6, STM32H523HEY6TR, STM32H523RCT6, STM32H523RET6, STM32H523VCI6, STM32H523VCT6, STM32H523VEI6, STM32H523VET6, STM32H523ZCJ6, STM32H523ZCT6, STM32H523ZEJ6, STM32H523ZET6, STM32H533CET6, STM32H533CEU6, STM32H533HEY6TR, STM32H533RET6, STM32H533VEI6, STM32H533VET6, STM32H533ZEJ6, STM32H533ZET6, STM32H562AGI6, STM32H562AII6, STM32H562IGK6, STM32H562IGT6, STM32H562IIK6, STM32H562IIT6, STM32H562RGT6, STM32H562RGV6, STM32H562RIT6, STM32H562RIV6, STM32H562VGT6, STM32H562VIT6, STM32H562ZGT6, STM32H562ZIT6, STM32H563AGI6, STM32H563AII3Q, STM32H563AII6, STM32H563IGK6, STM32H563IGT6, STM32H563IIK3Q, STM32H563IIK6, STM32H563IIT3Q, STM32H563IIT6, STM32H563MIY3QTR, STM32H563RGT6, STM32H563RGV6, STM32H563RIT6, STM32H563RIV6, STM32H563VGT6, STM32H563VIT3Q, STM32H563VIT6, STM32H563ZGT6, STM32H563ZIT3Q, STM32H563ZIT6, STM32H573AII3Q, STM32H573AII6, STM32H573I-DK, STM32H573IIK3Q, STM32H573IIK6, STM32H573IIT3Q, STM32H573IIT6, STM32H573MIY3QTR, STM32H573RIT6, STM32H573RIV6, STM32H573VIT3Q, STM32H573VIT6, STM32H573ZIT3Q, STM32H573ZIT6, STM32H7R3A8I6, STM32H7R3I8K6, STM32H7R3I8T6, STM32H7R3L8H6, STM32H7R3L8H6H, STM32H7R3R8V6, STM32H7R3V8H6, STM32H7R3V8T6, STM32H7R3V8Y6TR, STM32H7R3Z8J6, STM32H7R3Z8T6, STM32H7R7A8I6, STM32H7R7I8K6, STM32H7R7I8T6, STM32H7R7L8H6, STM32H7R7L8H6H, STM32H7R7Z8J6, STM32H7S3A8I6, STM32H7S3I8K6, STM32H7S3I8T6, STM32H7S3L8H6, STM32H7S3L8H6H, STM32H7S3R8V6, STM32H7S3V8H6, STM32H7S3V8T6, STM32H7S3V8Y6TR, STM32H7S3Z8J6, STM32H7S3Z8T6, STM32H7S78-DK, STM32H7S7A8I6, STM32H7S7I8K6, STM32H7S7I8T6, STM32H7S7L8H6, STM32H7S7L8H6H, STM32H7S7Z8J6, STM32L4R5QGI6STR, STM32MP131AAE3, STM32MP131AAF3, STM32MP131AAG3, STM32MP131CAE3, STM32MP131CAF3, STM32MP131CAG3, STM32MP131DAE7, STM32MP131DAF7, STM32MP131DAG7, STM32MP131FAE7, STM32MP131FAF7, STM32MP131FAG7, STM32MP133AAE3, STM32MP133AAF3, STM32MP133AAG3, STM32MP133CAE3, STM32MP133CAF3, STM32MP133CAG3, STM32MP133DAE7, STM32MP133DAF7, STM32MP133DAG7, STM32MP133FAE7, STM32MP133FAF7, STM32MP133FAG7, STM32MP135AAE3, STM32MP135AAF3, STM32MP135AAG3, STM32MP135CAE3, STM32MP135CAF3, STM32MP135CAG3, STM32MP135DAE7, STM32MP135DAF7, STM32MP135DAG7, STM32MP135F-DK, STM32MP135FAE7, STM32MP135FAF7, STM32MP135FAF7T, STM32MP135FAF7U, STM32MP135FAG7, STM32MP211AAL3, STM32MP211AAM3, STM32MP211AAN3, STM32MP211AAO3, STM32MP211CAL3, STM32MP211CAM3, STM32MP211CAN3, STM32MP211CAO3, STM32MP211DAL3, STM32MP211DAM3, STM32MP211DAN3, STM32MP211DAO3, STM32MP211FAL3, STM32MP211FAM3, STM32MP211FAN3, STM32MP211FAO3, STM32MP213AAL3, STM32MP213AAM3, STM32MP213AAN3, STM32MP213AAO3, STM32MP213CAL3, STM32MP213CAM3, STM32MP213CAN3, STM32MP213CAO3, STM32MP213DAL3, STM32MP213DAM3, STM32MP213DAN3, STM32MP213DAO3, STM32MP213FAL3, STM32MP213FAM3, STM32MP213FAN3, STM32MP213FAO3, STM32MP215AAL3, STM32MP215AAM3, STM32MP215AAN3, STM32MP215AAO3, STM32MP215CAL3, STM32MP215CAM3, STM32MP215CAN3, STM32MP215CAO3, STM32MP215DAL3, STM32MP215DAM3, STM32MP215DAN3, STM32MP215DAO3, STM32MP215F-DK, STM32MP215FAL3, STM32MP215FAM3, STM32MP215FAN3, STM32MP215FAO3, STM32MP231AAJ3, STM32MP231AAK3, STM32MP231AAL3, STM32MP231CAJ3, STM32MP231CAK3, STM32MP231CAL3, STM32MP231DAJ3, STM32MP231DAK3, STM32MP231DAL3, STM32MP231FAJ3, STM32MP231FAK3, STM32MP231FAL3, STM32MP233AAJ3, STM32MP233AAK3, STM32MP233AAL3, STM32MP233CAJ3, STM32MP233CAK3, STM32MP233CAL3, STM32MP233DAJ3, STM32MP233DAK3, STM32MP233DAL3, STM32MP233FAJ3, STM32MP233FAK3, STM32MP233FAL3, STM32MP235AAJ3, STM32MP235AAK3, STM32MP235AAL3, STM32MP235CAJ3, STM32MP235CAK3, STM32MP235CAL3, STM32MP235DAJ3, STM32MP235DAK3, STM32MP235DAL3, STM32MP235FAJ3, STM32MP235FAK3, STM32MP235FAL3, STM32MP251AAI3, STM32MP251AAK3, STM32MP251AAL3, STM32MP251CAI3, STM32MP251CAK3, STM32MP251CAL3, STM32MP251DAI3, STM32MP251DAK3, STM32MP251DAL3, STM32MP251FAI3, STM32MP251FAK3, STM32MP251FAL3, STM32MP253AAI3, STM32MP253AAK3, STM32MP253AAL3, STM32MP253CAI3, STM32MP253CAK3, STM32MP253CAL3, STM32MP253DAI3, STM32MP253DAK3, STM32MP253DAL3, STM32MP253FAI3, STM32MP253FAK3, STM32MP253FAL3, STM32MP255AAI3, STM32MP255AAK3, STM32MP255AAL3, STM32MP255CAI3, STM32MP255CAK3, STM32MP255CAL3, STM32MP255DAI3, STM32MP255DAK3, STM32MP255DAL3, STM32MP255FAI3, STM32MP255FAK3, STM32MP255FAL3, STM32MP257AAI3, STM32MP257AAK3, STM32MP257AAL3, STM32MP257CAI3, STM32MP257CAK3, STM32MP257CAL3, STM32MP257DAI3, STM32MP257DAK3, STM32MP257DAL3, STM32MP257F-DK, STM32MP257F-EV1, STM32MP257FAI3, STM32MP257FAK3, STM32MP257FAL3, STM32N645A0H3Q, STM32N645B0H3Q, STM32N645I0H3Q, STM32N645L0H3Q, STM32N645X0H3Q, STM32N645Z0H3Q, STM32N647A0H3Q, STM32N647B0H3Q, STM32N647I0H3Q, STM32N647L0H3Q, STM32N647X0H3Q, STM32N647Z0H3Q, STM32N655A0H3Q, STM32N655B0H3Q, STM32N655I0H3Q, STM32N655L0H3Q, STM32N655X0H3Q, STM32N655Z0H3Q, STM32N6570-DK, STM32N657A0H3Q, STM32N657B0H3Q, STM32N657I0H3Q, STM32N657L0H3Q, STM32N657X0H3Q, STM32N657Z0H3Q, STM32U031C6T6, STM32U031C6U6, STM32U031C8T6, STM32U031C8U6, STM32U031F4P6, STM32U031F6P6, STM32U031F8P6, STM32U031G6Y6TR, STM32U031G8Y6TR, STM32U031K4U6, STM32U031K6U6, STM32U031K8U6, STM32U031R6I6, STM32U031R6T6, STM32U031R8I6, STM32U031R8T6, STM32U073C8T6, STM32U073C8U6, STM32U073CBT6, STM32U073CBU6, STM32U073CCT6, STM32U073CCU6, STM32U073H8Y6TR, STM32U073HBY6TR, STM32U073HCY6TR, STM32U073K8U6, STM32U073KBU6, STM32U073KCU6, STM32U073M8I6, STM32U073M8T6, STM32U073MBI6, STM32U073MBT6, STM32U073MCI6, STM32U073MCT6, STM32U073R8I6, STM32U073R8T6, STM32U073RBI6, STM32U073RBT6, STM32U073RCI6, STM32U073RCT6, STM32U083C-DK, STM32U083CCT6, STM32U083CCU6, STM32U083HCY6TR, STM32U083KCU6, STM32U083MCI6, STM32U083MCT6, STM32U083RCI6, STM32U083RCT6, STM32U375CET6, STM32U375CET6Q, STM32U375CEU6, STM32U375CEU6Q, STM32U375CEY6QTR, STM32U375CGT6, STM32U375CGT6Q, STM32U375CGU6, STM32U375CGU6Q, STM32U375CGY6QTR, STM32U375KEU6, STM32U375KGU6, STM32U375REI6, STM32U375REI6Q, STM32U375RET6, STM32U375RET6Q, STM32U375REY6GTR, STM32U375REY6QTR, STM32U375RGI6, STM32U375RGI6Q, STM32U375RGT6, STM32U375RGT6Q, STM32U375RGY6GTR, STM32U375RGY6QTR, STM32U375VEI6, STM32U375VEI6Q, STM32U375VET6, STM32U375VET6Q, STM32U375VGI6, STM32U375VGI6Q, STM32U375VGT6, STM32U375VGT6Q, STM32U385CGT6, STM32U385CGT6Q, STM32U385CGU6, STM32U385CGU6Q, STM32U385CGY6QTR, STM32U385KGU6, STM32U385RGI6, STM32U385RGI6Q, STM32U385RGT6, STM32U385RGT6Q, STM32U385RGY6GTR, STM32U385RGY6QTR, STM32U385VGI6, STM32U385VGI6Q, STM32U385VGT6, STM32U385VGT6Q, STM32U535CBT6, STM32U535CBT6Q, STM32U535CBU6, STM32U535CBU6Q, STM32U535CCT6, STM32U535CCT6Q, STM32U535CCU6, STM32U535CCU6Q, STM32U535CET6, STM32U535CET6Q, STM32U535CEU6, STM32U535CEU6Q, STM32U535JEY6QTR, STM32U535NCY6QTR, STM32U535NEY6QTR, STM32U535RBI6, STM32U535RBI6Q, STM32U535RBT6, STM32U535RBT6Q, STM32U535RCI6, STM32U535RCI6Q, STM32U535RCT6, STM32U535RCT6Q, STM32U535REI6, STM32U535REI6Q, STM32U535RET6, STM32U535RET6Q, STM32U535VCI6, STM32U535VCI6Q, STM32U535VCT6, STM32U535VCT6Q, STM32U535VEI6, STM32U535VEI6Q, STM32U535VET6, STM32U535VET6Q, STM32U545CET6, STM32U545CET6Q, STM32U545CEU6, STM32U545CEU6Q, STM32U545JEY6QTR, STM32U545NEY6QTR, STM32U545REI6, STM32U545REI6Q, STM32U545RET6, STM32U545RET6Q, STM32U545VEI6, STM32U545VEI6Q, STM32U545VET6, STM32U545VET6Q, STM32U595AIH6, STM32U595AIH6Q, STM32U595AJH6, STM32U595AJH6Q, STM32U595QII6, STM32U595QII6Q, STM32U595QJI6, STM32U595QJI6Q, STM32U595RIT6, STM32U595RIT6Q, STM32U595RJT6, STM32U595RJT6Q, STM32U595VIT6, STM32U595VIT6Q, STM32U595VJT6, STM32U595VJT6Q, STM32U595ZIT6, STM32U595ZIT6Q, STM32U595ZIY6QTR, STM32U595ZJT6, STM32U595ZJT6Q, STM32U595ZJY6QTR, STM32U599BJY6QTR, STM32U599NIH6Q, STM32U599NJH6Q, STM32U599VIT6Q, STM32U599VJT6, STM32U599VJT6Q, STM32U599ZIT6Q, STM32U599ZIY6QTR, STM32U599ZJT6Q, STM32U599ZJY6QTR, STM32U5A5AJH6, STM32U5A5AJH6Q, STM32U5A5QII3Q , STM32U5A5QJI6, STM32U5A5QJI6Q, STM32U5A5RJT6, STM32U5A5RJT6Q, STM32U5A5VJT6, STM32U5A5VJT6Q, STM32U5A5ZJT6, STM32U5A5ZJT6Q, STM32U5A5ZJY6QTR, STM32U5A9BJY6QTR, STM32U5A9J-DK, STM32U5A9NJH6Q, STM32U5A9VJT6Q, STM32U5A9ZJT6Q, STM32U5A9ZJY6QTR, STM32U5F7VIT6, STM32U5F7VIT6Q, STM32U5F7VJT6, STM32U5F7VJT6Q, STM32U5F9BJY6QTR, STM32U5F9NJH6Q, STM32U5F9VIT6Q, STM32U5F9VJT6Q, STM32U5F9ZIJ6QTR, STM32U5F9ZIT6Q, STM32U5F9ZJJ6QTR, STM32U5F9ZJT6Q, STM32U5G7VJT6, STM32U5G7VJT6Q, STM32U5G9BJY6QTR, STM32U5G9J-DK1, STM32U5G9J-DK2, STM32U5G9NJH6Q, STM32U5G9VJT6Q, STM32U5G9ZJJ6QTR, STM32U5G9ZJT6Q, STM32WB05KZV6TR, STM32WB05KZV7TR, STM32WB05TZF6TR, STM32WB05TZF7TR, STM32WB06CCF6TR, STM32WB06CCF7TR, STM32WB06CCV6TR, STM32WB06CCV7TR, STM32WB06KCV6TR, STM32WB06KCV7TR, STM32WB07CCF6TR, STM32WB07CCF7TR, STM32WB07CCV6TR, STM32WB07CCV7TR, STM32WB07KCV6TR, STM32WB07KCV7TR, STM32WB09KEV6TR, STM32WB09KEV7TR, STM32WB09TEF6TR, STM32WB09TEF7TR, STM32WB1MMCH6, STM32WBA50KGU6, STM32WBA50KGU6TR, STM32WBA52CEU6, STM32WBA52CEU6TR, STM32WBA52CEU7, STM32WBA52CEU7TR, STM32WBA52CGU6, STM32WBA52CGU6TR, STM32WBA52CGU6U, STM32WBA52CGU7, STM32WBA52CGU7TR, STM32WBA52KEU6, STM32WBA52KEU6TR, STM32WBA52KGU6, STM32WBA52KGU6TR, STM32WBA54CEU6, STM32WBA54CEU6TR, STM32WBA54CEU7, STM32WBA54CEU7TR, STM32WBA54CGU6, STM32WBA54CGU6TR, STM32WBA54CGU7, STM32WBA54CGU7TR, STM32WBA54KEU6, STM32WBA54KEU6TR, STM32WBA54KEU7, STM32WBA54KEU7TR, STM32WBA54KGU6, STM32WBA54KGU6TR, STM32WBA54KGU7, STM32WBA54KGU7TR, STM32WBA55CEU6, STM32WBA55CEU6TR, STM32WBA55CEU7, STM32WBA55CEU7TR, STM32WBA55CGU6, STM32WBA55CGU6TR, STM32WBA55CGU6U, STM32WBA55CGU7, STM32WBA55CGU7TR, STM32WBA55G-DK1, STM32WBA55HEF6, STM32WBA55HEF7, STM32WBA55HGF6, STM32WBA55HGF7, STM32WBA55UEI6, STM32WBA55UEI6TR, STM32WBA55UEI7, STM32WBA55UEI7TR, STM32WBA55UGI6, STM32WBA55UGI6TR, STM32WBA55UGI7, STM32WBA55UGI7TR, STM32WBA5MMGH6TR, STM32WBA62MGF6, STM32WBA62MIF6, STM32WBA65MGF7, STM32WBA65MIF6, STM32WBA65MIF7, STM32WL30K8V6, STM32WL30KBV6, STM32WL31C8V6, STM32WL31CBV6, STM32WL31K8V6, STM32WL31KBV6, STM32WL33C8V6, STM32WL33C8V6X, STM32WL33CBV6, STM32WL33CBV6X, STM32WL33CCV6, STM32WL33CCV6A, STM32WL33CCV6X, STM32WL33K8V7, STM32WL33K8V7X, STM32WL33KBV7 , STM32WL33KBV7X, STM32WL33KCV7, STM32WL33KCV7X, STM32WL5MOCH6, STM32WL5MOCH6TR]
2026-07-27 00:13:54,183 [INFO] DbMcus:218 - Found 5250 MCUs, 5097 are supported
2026-07-27 00:13:54,184 [INFO] ApiDb:423 - Load user favorites file /home/sakshi/.stm32cubeide/favorites.mcus.txt: 0 item(s)
2026-07-27 00:13:54,184 [INFO] ApiDb:427 - User favorites MCUs=[]
2026-07-27 00:13:54,184 [INFO] DbMcus:224 - Set 0 / 0 favorites MCUs
2026-07-27 00:13:54,738 [INFO] BoardInfo:889 - No configuration file found for board NUCLEO-H5E5ZJ
2026-07-27 00:13:54,739 [INFO] DbBoards:161 - Board is not supported: NUCLEO-H5E5ZJ
2026-07-27 00:13:54,787 [INFO] BoardInfo:889 - No configuration file found for board NUCLEO-U3C5ZI-Q
2026-07-27 00:13:54,788 [INFO] DbBoards:161 - Board is not supported: NUCLEO-U3C5ZI-Q
2026-07-27 00:13:54,802 [INFO] BoardInfo:889 - No configuration file found for board NUCLEO-WBA25CE1
2026-07-27 00:13:54,802 [INFO] DbBoards:161 - Board is not supported: NUCLEO-WBA25CE1
2026-07-27 00:13:54,812 [INFO] BoardInfo:889 - No configuration file found for board NUCLEO-WL3RKB1
2026-07-27 00:13:54,812 [INFO] DbBoards:161 - Board is not supported: NUCLEO-WL3RKB1
2026-07-27 00:13:54,814 [INFO] BoardInfo:889 - No configuration file found for board NUCLEO-WL3RKB2
2026-07-27 00:13:54,814 [INFO] DbBoards:161 - Board is not supported: NUCLEO-WL3RKB2
2026-07-27 00:13:54,819 [INFO] BoardInfo:889 - No configuration file found for board P-NUCLEO-WB55
2026-07-27 00:13:54,820 [INFO] DbBoards:161 - Kit is not supported: P-NUCLEO-WB55
2026-07-27 00:13:54,823 [INFO] BoardInfo:889 - No configuration file found for board STEVAL-BFA001V1B
2026-07-27 00:13:54,824 [INFO] DbBoards:161 - Kit is not supported: STEVAL-BFA001V1B
2026-07-27 00:13:54,825 [INFO] BoardInfo:889 - No configuration file found for board STEVAL-BFA001V2B
2026-07-27 00:13:54,825 [INFO] DbBoards:161 - Kit is not supported: STEVAL-BFA001V2B
2026-07-27 00:13:54,883 [INFO] BoardInfo:889 - No configuration file found for board STM32H5F5J-DK
2026-07-27 00:13:54,883 [INFO] DbBoards:161 - Board is not supported: STM32H5F5J-DK
2026-07-27 00:13:54,927 [INFO] DbBoards:168 - Found 218 boards, 209 are supported
2026-07-27 00:13:54,927 [INFO] DbBoards:169 - Found 218 boards, 43 of them is supported for  Bsp
2026-07-27 00:13:54,931 [INFO] ApiDb:423 - Load user favorites file /home/sakshi/.stm32cubeide/favorites.boards.txt: 1 item(s)
2026-07-27 00:13:54,931 [INFO] ApiDb:427 - User favorites Boards=[STM32F407G-DISC1]
2026-07-27 00:13:54,931 [INFO] DbBoards:198 - Set 1 / 1 favorites Boards
2026-07-27 00:13:54,976 [INFO] UtilMem:75 - End LoadConfig() Used Memory: 362103056 Bytes (423624704)
2026-07-27 00:13:55,142 [WARN] ThirdParty:833 - waiting for thirdparty lock release [change project]
2026-07-27 00:13:55,142 [INFO] ThirdParty:835 - entering critical section [change project]
2026-07-27 00:13:55,143 [INFO] ThirdParty:1030 - CMSIS Pack Vendor :STMicroelectronics X-CUBE-AZRTOS-H7 3.5.0
2026-07-27 00:13:55,143 [INFO] ThirdParty:1030 - CMSIS Pack Vendor :STMicroelectronics X-CUBE-PM33A1 1.0.0
2026-07-27 00:13:55,143 [INFO] ThirdParty:1030 - CMSIS Pack Vendor :STMicroelectronics USBPD 4.1
2026-07-27 00:13:55,143 [INFO] ThirdParty:1030 - CMSIS Pack Vendor :STMicroelectronics X-CUBE-NFC9 1.0.0
2026-07-27 00:13:55,143 [INFO] ThirdParty:1030 - CMSIS Pack Vendor :STMicroelectronics USB_HOST 2.0.0
2026-07-27 00:13:55,143 [INFO] ThirdParty:1030 - CMSIS Pack Vendor :STMicroelectronics FP-ATR-ASTRA1 2.0.3
2026-07-27 00:13:55,143 [INFO] ThirdParty:1030 - CMSIS Pack Vendor :STMicroelectronics X-CUBE-AZRTOS-F4 1.1.0
2026-07-27 00:13:55,143 [INFO] ThirdParty:1030 - CMSIS Pack Vendor :STMicroelectronics LIBJPEG 8.0.0
2026-07-27 00:13:55,143 [INFO] ThirdParty:1030 - CMSIS Pack Vendor :STMicroelectronics FP-ATR-ASTRA1 2.0.2
2026-07-27 00:13:55,143 [INFO] ThirdParty:1030 - CMSIS Pack Vendor :STMicroelectronics X-CUBE-BLE1 7.1.0
2026-07-27 00:13:55,143 [INFO] ThirdParty:1030 - CMSIS Pack Vendor :STMicroelectronics X-CUBE-SMBUS 2.1.0
2026-07-27 00:13:55,143 [INFO] ThirdParty:1030 - CMSIS Pack Vendor :wolfSSL I-CUBE-wolfMQTT 1.19.2
2026-07-27 00:13:55,143 [INFO] ThirdParty:1030 - CMSIS Pack Vendor :STMicroelectronics USB_DEVICE 3.0.0
2026-07-27 00:13:55,143 [INFO] ThirdParty:1030 - CMSIS Pack Vendor :STMicroelectronics X-CUBE-ISPU 2.1.0
2026-07-27 00:13:55,143 [INFO] ThirdParty:1030 - CMSIS Pack Vendor :STMicroelectronics X-CUBE-EEPRMA1 5.2.0
2026-07-27 00:13:55,143 [INFO] ThirdParty:1030 - CMSIS Pack Vendor :STMicroelectronics X-CUBE-IPS 3.2.0
2026-07-27 00:13:55,143 [INFO] ThirdParty:1030 - CMSIS Pack Vendor :STMicroelectronics X-CUBE-BLEMGR 4.1.0
2026-07-27 00:13:55,143 [INFO] ThirdParty:1030 - CMSIS Pack Vendor :STMicroelectronics eDS-WB_DPC_TT-BIDIR 2.1.1
2026-07-27 00:13:55,143 [INFO] ThirdParty:1030 - CMSIS Pack Vendor :STMicroelectronics X-CUBE-AZRTOS-WB 2.0.0
2026-07-27 00:13:55,143 [INFO] ThirdParty:1030 - CMSIS Pack Vendor :wolfSSL I-CUBE-wolfSSL 5.8.4
2026-07-27 00:13:55,143 [INFO] ThirdParty:1030 - CMSIS Pack Vendor :Cesanta I-CUBE-Mongoose 7.20.0
2026-07-27 00:13:55,143 [INFO] ThirdParty:1030 - CMSIS Pack Vendor :STMicroelectronics X-CUBE-NFC12 1.0.0
2026-07-27 00:13:55,144 [INFO] ThirdParty:1030 - CMSIS Pack Vendor :STMicroelectronics X-CUBE-AZRTOS-F7 1.1.0
2026-07-27 00:13:55,144 [INFO] ThirdParty:1030 - CMSIS Pack Vendor :STMicroelectronics X-CUBE-AZRTOS-L5 2.0.0
2026-07-27 00:13:55,144 [INFO] ThirdParty:1030 - CMSIS Pack Vendor :STMicroelectronics USB_DEVICE 2.0.0
2026-07-27 00:13:55,144 [INFO] ThirdParty:1030 - CMSIS Pack Vendor :STMicroelectronics X-CUBE-FREERTOS 1.6.0
2026-07-27 00:13:55,144 [INFO] ThirdParty:1030 - CMSIS Pack Vendor :STMicroelectronics FP-SNS-STAIOTCFT 1.1.0
2026-07-27 00:13:55,144 [INFO] ThirdParty:1030 - CMSIS Pack Vendor :quantropi X-CUBE-qispace-sdk-base 2.1.0
2026-07-27 00:13:55,144 [INFO] ThirdParty:1030 - CMSIS Pack Vendor :STMicroelectronics X-CUBE-MEMS1 12.0.0
2026-07-27 00:13:55,144 [INFO] ThirdParty:1030 - CMSIS Pack Vendor :STMicroelectronics X-CUBE-STSE01 2.0.0
2026-07-27 00:13:55,144 [INFO] ThirdParty:1030 - CMSIS Pack Vendor :STMicroelectronics X-CUBE-ALGOBUILD 1.5.0
2026-07-27 00:13:55,144 [INFO] ThirdParty:1030 - CMSIS Pack Vendor :STMicroelectronics FP-SNS-MOTENV1 5.1.0
2026-07-27 00:13:55,144 [INFO] ThirdParty:1030 - CMSIS Pack Vendor :STMicroelectronics FreeRTOS 0.0.1
2026-07-27 00:13:55,144 [INFO] ThirdParty:1030 - CMSIS Pack Vendor :STMicroelectronics X-CUBE-AZRTOS-H7RS 1.3.0
2026-07-27 00:13:55,144 [INFO] ThirdParty:1030 - CMSIS Pack Vendor :STMicroelectronics X-CUBE-AZRTOS-G0 1.1.0
2026-07-27 00:13:55,144 [INFO] ThirdParty:1030 - CMSIS Pack Vendor :STMicroelectronics X-CUBE-NFC4 3.0.0
2026-07-27 00:13:55,144 [INFO] ThirdParty:1030 - CMSIS Pack Vendor :STMicroelectronics X-CUBE-SUBG2 5.0.0
2026-07-27 00:13:55,144 [INFO] ThirdParty:1030 - CMSIS Pack Vendor :STMicroelectronics STM32_WPAN 1.0.0
2026-07-27 00:13:55,144 [INFO] ThirdParty:1030 - CMSIS Pack Vendor :STMicroelectronics eDS-WB_DPC_VIENNA 1.2.0
2026-07-27 00:13:55,144 [INFO] ThirdParty:1030 - CMSIS Pack Vendor :EmbeddedOffice I-CUBE-FS-RTOS 1.0.1
2026-07-27 00:13:55,144 [INFO] ThirdParty:1030 - CMSIS Pack Vendor :STMicroelectronics lwIP 2.0.3
2026-07-27 00:13:55,144 [INFO] ThirdParty:1030 - CMSIS Pack Vendor :WES I-CUBE-Cesium 1.4.0
2026-07-27 00:13:55,144 [INFO] ThirdParty:1030 - CMSIS Pack Vendor :STMicroelectronics eDS-WB_DPC_3PH2L-BIDIR 1.1.1
2026-07-27 00:13:55,144 [INFO] ThirdParty:1030 - CMSIS Pack Vendor :STMicroelectronics USB_HOST 1.0.0
2026-07-27 00:13:55,144 [INFO] ThirdParty:1030 - CMSIS Pack Vendor :STMicroelectronics X-CUBE-AZRTOS-G4 2.0.0
2026-07-27 00:13:55,144 [INFO] ThirdParty:1030 - CMSIS Pack Vendor :STMicroelectronics X-CUBE-WB05N 2.0.0
2026-07-27 00:13:55,145 [INFO] ThirdParty:1030 - CMSIS Pack Vendor :STMicroelectronics PDM2PCM 3.1.0
2026-07-27 00:13:55,145 [INFO] ThirdParty:1030 - CMSIS Pack Vendor :STMicroelectronics PDM2PCM 3.3.0
2026-07-27 00:13:55,145 [INFO] ThirdParty:1030 - CMSIS Pack Vendor :wolfSSL I-CUBE-wolfTPM 3.8.0
2026-07-27 00:13:55,145 [INFO] ThirdParty:1030 - CMSIS Pack Vendor :STMicroelectronics X-CUBE-DISPLAY 3.0.0
2026-07-27 00:13:55,145 [INFO] ThirdParty:1030 - CMSIS Pack Vendor :wolfSSL I-CUBE-wolfSSH 1.4.20
2026-07-27 00:13:55,145 [INFO] ThirdParty:1030 - CMSIS Pack Vendor :STMicroelectronics X-CUBE-NFC7 2.0.0
2026-07-27 00:13:55,145 [INFO] ThirdParty:1030 - CMSIS Pack Vendor :STMicroelectronics X-CUBE-GNSS1 7.1.1
2026-07-27 00:13:55,145 [INFO] ThirdParty:1030 - CMSIS Pack Vendor :STMicroelectronics FP-SNS-MOTENVWB1 1.5.0
2026-07-27 00:13:55,145 [INFO] ThirdParty:1030 - CMSIS Pack Vendor :STMicroelectronics X-CUBE-TCPP 4.2.0
2026-07-27 00:13:55,145 [INFO] ThirdParty:1030 - CMSIS Pack Vendor :RealThread X-CUBE-RT-Thread_Nano 4.1.1
2026-07-27 00:13:55,145 [INFO] ThirdParty:1030 - CMSIS Pack Vendor :STMicroelectronics FP-ATR-SIGFOX1 3.2.0
2026-07-27 00:13:55,145 [INFO] ThirdParty:1030 - CMSIS Pack Vendor :STMicroelectronics X-CUBE-NFC10 1.0.0
2026-07-27 00:13:55,145 [INFO] ThirdParty:1030 - CMSIS Pack Vendor :STMicroelectronics HAL Drivers 0.0.0
2026-07-27 00:13:55,145 [INFO] ThirdParty:1030 - CMSIS Pack Vendor :STMicroelectronics X-CUBE-FREERTOS 1.5.0
2026-07-27 00:13:55,145 [INFO] ThirdParty:1030 - CMSIS Pack Vendor :STMicroelectronics MBEDTLS 2.16.2
2026-07-27 00:13:55,145 [INFO] ThirdParty:1030 - CMSIS Pack Vendor :STMicroelectronics X-CUBE-ST60 1.1.0
2026-07-27 00:13:55,145 [INFO] ThirdParty:1030 - CMSIS Pack Vendor :STMicroelectronics X-CUBE-ALS 1.0.2
2026-07-27 00:13:55,145 [INFO] ThirdParty:1030 - CMSIS Pack Vendor :emotas I-CUBE-CANOPEN 1.3.0
2026-07-27 00:13:55,145 [INFO] ThirdParty:1030 - CMSIS Pack Vendor :STMicroelectronics MBEDTLS 2.14.1
2026-07-27 00:13:55,145 [INFO] ThirdParty:1030 - CMSIS Pack Vendor :STMicroelectronics X-CUBE-GNSS1 7.1.0
2026-07-27 00:13:55,145 [INFO] ThirdParty:1030 - CMSIS Pack Vendor :ITTIA_DB I-CUBE-ITTIADB 8.9.0
2026-07-27 00:13:55,146 [INFO] ThirdParty:1030 - CMSIS Pack Vendor :STMicroelectronics X-CUBE-TOUCHGFX 4.26.1
2026-07-27 00:13:55,146 [INFO] ThirdParty:1030 - CMSIS Pack Vendor :STMicroelectronics X-CUBE-NFC6 3.2.0
2026-07-27 00:13:55,146 [INFO] ThirdParty:1030 - CMSIS Pack Vendor :STMicroelectronics FP-SNS-STBOX1 2.1.0
2026-07-27 00:13:55,146 [INFO] ThirdParty:1030 - CMSIS Pack Vendor :STMicroelectronics X-CUBE-AI 10.2.1
2026-07-27 00:13:55,146 [INFO] ThirdParty:1030 - CMSIS Pack Vendor :STMicroelectronics X-CUBE-AI 10.2.0
2026-07-27 00:13:55,146 [INFO] ThirdParty:1030 - CMSIS Pack Vendor :STMicroelectronics FP-SNS-STAIOTCFT 1.0.0
2026-07-27 00:13:55,146 [INFO] ThirdParty:1030 - CMSIS Pack Vendor :STMicroelectronics ThreadX 1.0.0
2026-07-27 00:13:55,146 [INFO] ThirdParty:1030 - CMSIS Pack Vendor :STMicroelectronics FP-SNS-SMARTAG2 1.2.0
2026-07-27 00:13:55,146 [INFO] ThirdParty:1030 - CMSIS Pack Vendor :STMicroelectronics X-CUBE-MEMS1 12.1.0
2026-07-27 00:13:55,146 [INFO] ThirdParty:1030 - CMSIS Pack Vendor :STMicroelectronics FP-SNS-FLIGHT1 5.1.0
2026-07-27 00:13:55,146 [INFO] ThirdParty:1030 - CMSIS Pack Vendor :STMicroelectronics X-CUBE-AZRTOS-WL 2.0.0
2026-07-27 00:13:55,146 [INFO] ThirdParty:1030 - CMSIS Pack Vendor :SEGGER I-CUBE-embOS 1.3.1
2026-07-27 00:13:55,146 [INFO] ThirdParty:1030 - CMSIS Pack Vendor :STMicroelectronics X-CUBE-ALGOBUILD 1.4.0
2026-07-27 00:13:55,146 [INFO] ThirdParty:1030 - CMSIS Pack Vendor :STMicroelectronics X-CUBE-DPower 1.3.0
2026-07-27 00:13:55,146 [INFO] ThirdParty:1030 - CMSIS Pack Vendor :STMicroelectronics USB_DEVICE 1.0.0
2026-07-27 00:13:55,146 [INFO] ThirdParty:1030 - CMSIS Pack Vendor :STMicroelectronics X-CUBE-AZRTOS-H7RS 1.2.0
2026-07-27 00:13:55,146 [INFO] ThirdParty:1030 - CMSIS Pack Vendor :STMicroelectronics X-CUBE-AZRTOS-L4 2.0.0
2026-07-27 00:13:55,146 [INFO] ThirdParty:1030 - CMSIS Pack Vendor :STMicroelectronics ThreadX 0.0.2
2026-07-27 00:13:55,146 [INFO] ThirdParty:1030 - CMSIS Pack Vendor :STMicroelectronics lwIP 2.1.2
2026-07-27 00:13:55,146 [INFO] ThirdParty:1030 - CMSIS Pack Vendor :STMicroelectronics X-CUBE-SFXS2LP1 4.0.0
2026-07-27 00:13:55,146 [INFO] ThirdParty:1030 - CMSIS Pack Vendor :STMicroelectronics X-CUBE-BLE2 3.3.0
2026-07-27 00:13:55,146 [INFO] ThirdParty:1030 - CMSIS Pack Vendor :Avnet-IOTCONNECT X-CUBE-iotc-st67-sdk 1.0.0
2026-07-27 00:13:55,147 [INFO] ThirdParty:1030 - CMSIS Pack Vendor :STMicroelectronics X-CUBE-TOF1 3.4.3
2026-07-27 00:13:55,147 [INFO] ThirdParty:1030 - CMSIS Pack Vendor :Infineon AIROC-Wi-Fi-Bluetooth-STM32 1.8.0
2026-07-27 00:13:55,147 [INFO] ThirdParty:1030 - CMSIS Pack Vendor :STMicroelectronics X-CUBE-NFC13 1.0.0
2026-07-27 00:13:55,147 [INFO] ThirdParty:1030 - CMSIS Pack Vendor :STMicroelectronics PDM2PCM 3.2.0
2026-07-27 00:13:55,147 [INFO] ThirdParty:1030 - CMSIS Pack Vendor :STMicroelectronics X-CUBE-WB05N 2.1.0
2026-07-27 00:13:55,147 [INFO] ThirdParty:1030 - CMSIS Pack Vendor :STMicroelectronics X-CUBE-ST67W61 1.2.0
2026-07-27 00:13:55,147 [INFO] ThirdParty:841 - exiting critical section [change project]
2026-07-27 00:13:55,638 [INFO] PinOutPanel:1589 - setPackage(No Configuration,No Configuration)
2026-07-27 00:13:55,640 [INFO] PinOutPanel:1589 - setPackage(STM32F407VGTx,LQFP100)
2026-07-27 00:13:56,020 [INFO] UtilMem:75 - Before build in PCC Used Memory: 361002024 Bytes (434110464)
2026-07-27 00:13:56,488 [INFO] UtilMem:75 - After build in PCC Used Memory: 284774272 Bytes (451936256)
2026-07-27 00:13:56,521 [INFO] IPUIPlugin:80 - create IPUIPlugin
2026-07-27 00:13:56,521 [INFO] IPUIPlugin:80 - create IPUIPlugin
2026-07-27 00:13:56,522 [INFO] IPUIPlugin:80 - create IPUIPlugin
2026-07-27 00:13:56,522 [INFO] IPUIPlugin:80 - create IPUIPlugin
2026-07-27 00:13:56,522 [INFO] IPUIPlugin:80 - create IPUIPlugin
2026-07-27 00:13:56,522 [INFO] IPUIPlugin:80 - create IPUIPlugin
2026-07-27 00:13:56,522 [INFO] IPUIPlugin:80 - create IPUIPlugin
2026-07-27 00:13:56,522 [INFO] IPUIPlugin:80 - create IPUIPlugin
2026-07-27 00:13:56,523 [INFO] IPUIPlugin:80 - create IPUIPlugin
2026-07-27 00:13:56,523 [INFO] IPUIPlugin:80 - create IPUIPlugin
2026-07-27 00:13:56,523 [INFO] IPUIPlugin:80 - create IPUIPlugin
2026-07-27 00:13:56,523 [INFO] IPUIPlugin:80 - create IPUIPlugin
2026-07-27 00:13:56,523 [INFO] IPUIPlugin:80 - create IPUIPlugin
2026-07-27 00:13:56,523 [INFO] IPUIPlugin:80 - create IPUIPlugin
2026-07-27 00:13:56,523 [INFO] IPUIPlugin:80 - create IPUIPlugin
2026-07-27 00:13:56,523 [INFO] IPUIPlugin:80 - create IPUIPlugin
2026-07-27 00:13:56,524 [INFO] IPUIPlugin:80 - create IPUIPlugin
2026-07-27 00:13:56,524 [INFO] IPUIPlugin:80 - create IPUIPlugin
2026-07-27 00:13:56,524 [INFO] IPUIPlugin:80 - create IPUIPlugin
2026-07-27 00:13:56,524 [INFO] IPUIPlugin:80 - create IPUIPlugin
2026-07-27 00:13:56,524 [INFO] IPUIPlugin:80 - create IPUIPlugin
2026-07-27 00:13:56,524 [INFO] IPUIPlugin:80 - create IPUIPlugin
2026-07-27 00:13:56,525 [INFO] IPUIPlugin:80 - create IPUIPlugin
2026-07-27 00:13:56,525 [INFO] IPUIPlugin:80 - create IPUIPlugin
2026-07-27 00:13:56,525 [INFO] IPUIPlugin:80 - create IPUIPlugin
2026-07-27 00:13:56,525 [INFO] IPUIPlugin:80 - create IPUIPlugin
2026-07-27 00:13:56,525 [INFO] IPUIPlugin:80 - create IPUIPlugin
2026-07-27 00:13:56,525 [INFO] IPUIPlugin:80 - create IPUIPlugin
2026-07-27 00:13:56,526 [INFO] IPUIPlugin:80 - create IPUIPlugin
2026-07-27 00:13:56,526 [INFO] IPUIPlugin:80 - create IPUIPlugin
2026-07-27 00:13:56,526 [INFO] IPUIPlugin:80 - create IPUIPlugin
2026-07-27 00:13:56,526 [INFO] IPUIPlugin:80 - create IPUIPlugin
2026-07-27 00:13:56,526 [INFO] IPUIPlugin:80 - create IPUIPlugin
2026-07-27 00:13:56,526 [INFO] IPUIPlugin:80 - create IPUIPlugin
2026-07-27 00:13:56,526 [INFO] IPUIPlugin:80 - create IPUIPlugin
2026-07-27 00:13:56,527 [INFO] IPUIPlugin:80 - create IPUIPlugin
2026-07-27 00:13:56,527 [INFO] IPUIPlugin:80 - create IPUIPlugin
2026-07-27 00:13:56,527 [INFO] IPUIPlugin:80 - create IPUIPlugin
2026-07-27 00:13:56,527 [INFO] IPUIPlugin:80 - create IPUIPlugin
2026-07-27 00:13:56,527 [INFO] IPUIPlugin:80 - create IPUIPlugin
2026-07-27 00:13:56,528 [INFO] IPUIPlugin:80 - create IPUIPlugin
2026-07-27 00:13:56,528 [INFO] IPUIPlugin:80 - create IPUIPlugin
2026-07-27 00:13:56,528 [INFO] IPUIPlugin:80 - create IPUIPlugin
2026-07-27 00:13:56,528 [INFO] IPUIPlugin:80 - create IPUIPlugin
2026-07-27 00:13:56,528 [INFO] IPUIPlugin:80 - create IPUIPlugin
2026-07-27 00:13:56,529 [INFO] IPUIPlugin:80 - create IPUIPlugin
2026-07-27 00:13:56,529 [INFO] IPUIPlugin:80 - create IPUIPlugin
2026-07-27 00:13:56,529 [INFO] IPUIPlugin:80 - create IPUIPlugin
2026-07-27 00:13:56,529 [INFO] IPUIPlugin:80 - create IPUIPlugin
2026-07-27 00:13:56,529 [INFO] IPUIPlugin:80 - create IPUIPlugin
2026-07-27 00:13:56,530 [INFO] IPUIPlugin:80 - create IPUIPlugin
2026-07-27 00:13:56,530 [INFO] IPUIPlugin:80 - create IPUIPlugin
2026-07-27 00:13:56,530 [INFO] IPUIPlugin:80 - create IPUIPlugin
2026-07-27 00:13:56,530 [INFO] IPUIPlugin:80 - create IPUIPlugin
2026-07-27 00:13:56,531 [INFO] IPUIPlugin:80 - create IPUIPlugin
2026-07-27 00:13:56,531 [INFO] IPUIPlugin:80 - create IPUIPlugin
2026-07-27 00:13:56,531 [INFO] IPUIPlugin:80 - create IPUIPlugin
2026-07-27 00:13:56,532 [INFO] IPUIPlugin:80 - create IPUIPlugin
2026-07-27 00:13:56,565 [INFO] ApiDbMcu:532 - Load IP Config File for PDM2PCM
2026-07-27 00:13:56,572 [INFO] Can:71 - Can Add PropertyChangeListener com.st.microxplorer.plugins.ip.can.Can@1543a96e
2026-07-27 00:13:56,725 [INFO] CADModel:165 - CPN selected for project levelSTM32F407VGT6
2026-07-27 00:13:56,725 [INFO] CADModel:114 - Register for checkConnection events
2026-07-27 00:13:56,774 [INFO] OpenFileManager:386 - Restore cursor
2026-07-27 00:13:57,802 [ERROR] LogOutputStream:75 - [STDERR_REDIRECT] Jul 27, 2026 12:13:57 AM java.util.prefs.FileSystemPreferences checkLockFile0ErrorCode
2026-07-27 00:13:57,802 [ERROR] LogOutputStream:75 - [STDERR_REDIRECT] WARNING: Could not lock System prefs. Unix error code 2.
2026-07-27 00:13:57,802 [ERROR] LogOutputStream:75 - [STDERR_REDIRECT] 
2026-07-27 00:13:57,803 [ERROR] LogOutputStream:75 - [STDERR_REDIRECT] Jul 27, 2026 12:13:57 AM java.util.prefs.FileSystemPreferences syncWorld
2026-07-27 00:13:57,803 [ERROR] LogOutputStream:75 - [STDERR_REDIRECT] WARNING: Couldn't flush system prefs: java.util.prefs.BackingStoreException: Couldn't get file lock.
2026-07-27 00:13:57,803 [ERROR] LogOutputStream:75 - [STDERR_REDIRECT] 
2026-07-27 00:14:27,789 [ERROR] LogOutputStream:75 - [STDERR_REDIRECT] Jul 27, 2026 12:14:27 AM java.util.prefs.FileSystemPreferences checkLockFile0ErrorCode
2026-07-27 00:14:27,789 [ERROR] LogOutputStream:75 - [STDERR_REDIRECT] WARNING: Could not lock System prefs. Unix error code 2.
2026-07-27 00:14:27,789 [ERROR] LogOutputStream:75 - [STDERR_REDIRECT] 
2026-07-27 00:14:27,790 [ERROR] LogOutputStream:75 - [STDERR_REDIRECT] Jul 27, 2026 12:14:27 AM java.util.prefs.FileSystemPreferences syncWorld
2026-07-27 00:14:27,790 [ERROR] LogOutputStream:75 - [STDERR_REDIRECT] WARNING: Couldn't flush system prefs: java.util.prefs.BackingStoreException: Couldn't get file lock.
2026-07-27 00:14:27,790 [ERROR] LogOutputStream:75 - [STDERR_REDIRECT] 
2026-07-27 00:14:57,787 [ERROR] LogOutputStream:75 - [STDERR_REDIRECT] Jul 27, 2026 12:14:57 AM java.util.prefs.FileSystemPreferences checkLockFile0ErrorCode
2026-07-27 00:14:57,787 [ERROR] LogOutputStream:75 - [STDERR_REDIRECT] WARNING: Could not lock System prefs. Unix error code 2.
2026-07-27 00:14:57,788 [ERROR] LogOutputStream:75 - [STDERR_REDIRECT] 
2026-07-27 00:14:57,788 [ERROR] LogOutputStream:75 - [STDERR_REDIRECT] Jul 27, 2026 12:14:57 AM java.util.prefs.FileSystemPreferences syncWorld
2026-07-27 00:14:57,788 [ERROR] LogOutputStream:75 - [STDERR_REDIRECT] WARNING: Couldn't flush system prefs: java.util.prefs.BackingStoreException: Couldn't get file lock.
2026-07-27 00:14:57,788 [ERROR] LogOutputStream:75 - [STDERR_REDIRECT] 
2026-07-27 00:15:27,785 [ERROR] LogOutputStream:75 - [STDERR_REDIRECT] Jul 27, 2026 12:15:27 AM java.util.prefs.FileSystemPreferences checkLockFile0ErrorCode
2026-07-27 00:15:27,785 [ERROR] LogOutputStream:75 - [STDERR_REDIRECT] WARNING: Could not lock System prefs. Unix error code 2.
2026-07-27 00:15:27,785 [ERROR] LogOutputStream:75 - [STDERR_REDIRECT] 
2026-07-27 00:15:27,786 [ERROR] LogOutputStream:75 - [STDERR_REDIRECT] Jul 27, 2026 12:15:27 AM java.util.prefs.FileSystemPreferences syncWorld
2026-07-27 00:15:27,786 [ERROR] LogOutputStream:75 - [STDERR_REDIRECT] WARNING: Couldn't flush system prefs: java.util.prefs.BackingStoreException: Couldn't get file lock.
2026-07-27 00:15:27,786 [ERROR] LogOutputStream:75 - [STDERR_REDIRECT] 
2026-07-27 00:15:57,785 [ERROR] LogOutputStream:75 - [STDERR_REDIRECT] Jul 27, 2026 12:15:57 AM java.util.prefs.FileSystemPreferences checkLockFile0ErrorCode
2026-07-27 00:15:57,785 [ERROR] LogOutputStream:75 - [STDERR_REDIRECT] WARNING: Could not lock System prefs. Unix error code 2.
2026-07-27 00:15:57,786 [ERROR] LogOutputStream:75 - [STDERR_REDIRECT] 
2026-07-27 00:15:57,786 [ERROR] LogOutputStream:75 - [STDERR_REDIRECT] Jul 27, 2026 12:15:57 AM java.util.prefs.FileSystemPreferences syncWorld
2026-07-27 00:15:57,786 [ERROR] LogOutputStream:75 - [STDERR_REDIRECT] WARNING: Couldn't flush system prefs: java.util.prefs.BackingStoreException: Couldn't get file lock.
2026-07-27 00:15:57,786 [ERROR] LogOutputStream:75 - [STDERR_REDIRECT] 
2026-07-27 00:16:27,785 [ERROR] LogOutputStream:75 - [STDERR_REDIRECT] Jul 27, 2026 12:16:27 AM java.util.prefs.FileSystemPreferences checkLockFile0ErrorCode
2026-07-27 00:16:27,785 [ERROR] LogOutputStream:75 - [STDERR_REDIRECT] WARNING: Could not lock System prefs. Unix error code 2.
2026-07-27 00:16:27,785 [ERROR] LogOutputStream:75 - [STDERR_REDIRECT] 
2026-07-27 00:16:27,786 [ERROR] LogOutputStream:75 - [STDERR_REDIRECT] Jul 27, 2026 12:16:27 AM java.util.prefs.FileSystemPreferences syncWorld
2026-07-27 00:16:27,786 [ERROR] LogOutputStream:75 - [STDERR_REDIRECT] WARNING: Couldn't flush system prefs: java.util.prefs.BackingStoreException: Couldn't get file lock.
2026-07-27 00:16:27,786 [ERROR] LogOutputStream:75 - [STDERR_REDIRECT] 
2026-07-27 00:16:57,786 [ERROR] LogOutputStream:75 - [STDERR_REDIRECT] Jul 27, 2026 12:16:57 AM java.util.prefs.FileSystemPreferences checkLockFile0ErrorCode
2026-07-27 00:16:57,786 [ERROR] LogOutputStream:75 - [STDERR_REDIRECT] WARNING: Could not lock System prefs. Unix error code 2.
2026-07-27 00:16:57,786 [ERROR] LogOutputStream:75 - [STDERR_REDIRECT] 
2026-07-27 00:16:57,787 [ERROR] LogOutputStream:75 - [STDERR_REDIRECT] Jul 27, 2026 12:16:57 AM java.util.prefs.FileSystemPreferences syncWorld
2026-07-27 00:16:57,787 [ERROR] LogOutputStream:75 - [STDERR_REDIRECT] WARNING: Couldn't flush system prefs: java.util.prefs.BackingStoreException: Couldn't get file lock.
2026-07-27 00:16:57,787 [ERROR] LogOutputStream:75 - [STDERR_REDIRECT] 
2026-07-27 00:17:27,786 [ERROR] LogOutputStream:75 - [STDERR_REDIRECT] Jul 27, 2026 12:17:27 AM java.util.prefs.FileSystemPreferences checkLockFile0ErrorCode
2026-07-27 00:17:27,786 [ERROR] LogOutputStream:75 - [STDERR_REDIRECT] WARNING: Could not lock System prefs. Unix error code 2.
2026-07-27 00:17:27,786 [ERROR] LogOutputStream:75 - [STDERR_REDIRECT] 
2026-07-27 00:17:27,786 [ERROR] LogOutputStream:75 - [STDERR_REDIRECT] Jul 27, 2026 12:17:27 AM java.util.prefs.FileSystemPreferences syncWorld
2026-07-27 00:17:27,787 [ERROR] LogOutputStream:75 - [STDERR_REDIRECT] WARNING: Couldn't flush system prefs: java.util.prefs.BackingStoreException: Couldn't get file lock.
2026-07-27 00:17:27,787 [ERROR] LogOutputStream:75 - [STDERR_REDIRECT] 
2026-07-27 00:17:57,786 [ERROR] LogOutputStream:75 - [STDERR_REDIRECT] Jul 27, 2026 12:17:57 AM java.util.prefs.FileSystemPreferences checkLockFile0ErrorCode
2026-07-27 00:17:57,786 [ERROR] LogOutputStream:75 - [STDERR_REDIRECT] WARNING: Could not lock System prefs. Unix error code 2.
2026-07-27 00:17:57,786 [ERROR] LogOutputStream:75 - [STDERR_REDIRECT] 
2026-07-27 00:17:57,786 [ERROR] LogOutputStream:75 - [STDERR_REDIRECT] Jul 27, 2026 12:17:57 AM java.util.prefs.FileSystemPreferences syncWorld
2026-07-27 00:17:57,786 [ERROR] LogOutputStream:75 - [STDERR_REDIRECT] WARNING: Couldn't flush system prefs: java.util.prefs.BackingStoreException: Couldn't get file lock.
2026-07-27 00:17:57,787 [ERROR] LogOutputStream:75 - [STDERR_REDIRECT] 
2026-07-27 00:18:27,786 [ERROR] LogOutputStream:75 - [STDERR_REDIRECT] Jul 27, 2026 12:18:27 AM java.util.prefs.FileSystemPreferences checkLockFile0ErrorCode
2026-07-27 00:18:27,787 [ERROR] LogOutputStream:75 - [STDERR_REDIRECT] WARNING: Could not lock System prefs. Unix error code 2.
2026-07-27 00:18:27,787 [ERROR] LogOutputStream:75 - [STDERR_REDIRECT] 
2026-07-27 00:18:27,787 [ERROR] LogOutputStream:75 - [STDERR_REDIRECT] Jul 27, 2026 12:18:27 AM java.util.prefs.FileSystemPreferences syncWorld
2026-07-27 00:18:27,787 [ERROR] LogOutputStream:75 - [STDERR_REDIRECT] WARNING: Couldn't flush system prefs: java.util.prefs.BackingStoreException: Couldn't get file lock.
2026-07-27 00:18:27,788 [ERROR] LogOutputStream:75 - [STDERR_REDIRECT] 
2026-07-27 00:18:57,786 [ERROR] LogOutputStream:75 - [STDERR_REDIRECT] Jul 27, 2026 12:18:57 AM java.util.prefs.FileSystemPreferences checkLockFile0ErrorCode
2026-07-27 00:18:57,786 [ERROR] LogOutputStream:75 - [STDERR_REDIRECT] WARNING: Could not lock System prefs. Unix error code 2.
2026-07-27 00:18:57,786 [ERROR] LogOutputStream:75 - [STDERR_REDIRECT] 
2026-07-27 00:18:57,787 [ERROR] LogOutputStream:75 - [STDERR_REDIRECT] Jul 27, 2026 12:18:57 AM java.util.prefs.FileSystemPreferences syncWorld
2026-07-27 00:18:57,787 [ERROR] LogOutputStream:75 - [STDERR_REDIRECT] WARNING: Couldn't flush system prefs: java.util.prefs.BackingStoreException: Couldn't get file lock.
2026-07-27 00:18:57,787 [ERROR] LogOutputStream:75 - [STDERR_REDIRECT] 
2026-07-27 00:19:27,788 [ERROR] LogOutputStream:75 - [STDERR_REDIRECT] Jul 27, 2026 12:19:27 AM java.util.prefs.FileSystemPreferences checkLockFile0ErrorCode
2026-07-27 00:19:27,788 [ERROR] LogOutputStream:75 - [STDERR_REDIRECT] WARNING: Could not lock System prefs. Unix error code 2.
2026-07-27 00:19:27,788 [ERROR] LogOutputStream:75 - [STDERR_REDIRECT] 
2026-07-27 00:19:27,788 [ERROR] LogOutputStream:75 - [STDERR_REDIRECT] Jul 27, 2026 12:19:27 AM java.util.prefs.FileSystemPreferences syncWorld
2026-07-27 00:19:27,789 [ERROR] LogOutputStream:75 - [STDERR_REDIRECT] WARNING: Couldn't flush system prefs: java.util.prefs.BackingStoreException: Couldn't get file lock.
2026-07-27 00:19:27,789 [ERROR] LogOutputStream:75 - [STDERR_REDIRECT] 
2026-07-27 00:19:57,786 [ERROR] LogOutputStream:75 - [STDERR_REDIRECT] Jul 27, 2026 12:19:57 AM java.util.prefs.FileSystemPreferences checkLockFile0ErrorCode
2026-07-27 00:19:57,786 [ERROR] LogOutputStream:75 - [STDERR_REDIRECT] WARNING: Could not lock System prefs. Unix error code 2.
2026-07-27 00:19:57,787 [ERROR] LogOutputStream:75 - [STDERR_REDIRECT] 
2026-07-27 00:19:57,787 [ERROR] LogOutputStream:75 - [STDERR_REDIRECT] Jul 27, 2026 12:19:57 AM java.util.prefs.FileSystemPreferences syncWorld
2026-07-27 00:19:57,787 [ERROR] LogOutputStream:75 - [STDERR_REDIRECT] WARNING: Couldn't flush system prefs: java.util.prefs.BackingStoreException: Couldn't get file lock.
2026-07-27 00:19:57,788 [ERROR] LogOutputStream:75 - [STDERR_REDIRECT] 
2026-07-27 00:20:27,786 [ERROR] LogOutputStream:75 - [STDERR_REDIRECT] Jul 27, 2026 12:20:27 AM java.util.prefs.FileSystemPreferences checkLockFile0ErrorCode
2026-07-27 00:20:27,787 [ERROR] LogOutputStream:75 - [STDERR_REDIRECT] WARNING: Could not lock System prefs. Unix error code 2.
2026-07-27 00:20:27,787 [ERROR] LogOutputStream:75 - [STDERR_REDIRECT] 
2026-07-27 00:20:27,787 [ERROR] LogOutputStream:75 - [STDERR_REDIRECT] Jul 27, 2026 12:20:27 AM java.util.prefs.FileSystemPreferences syncWorld
2026-07-27 00:20:27,788 [ERROR] LogOutputStream:75 - [STDERR_REDIRECT] WARNING: Couldn't flush system prefs: java.util.prefs.BackingStoreException: Couldn't get file lock.
2026-07-27 00:20:27,788 [ERROR] LogOutputStream:75 - [STDERR_REDIRECT] 
2026-07-27 00:20:57,786 [ERROR] LogOutputStream:75 - [STDERR_REDIRECT] Jul 27, 2026 12:20:57 AM java.util.prefs.FileSystemPreferences checkLockFile0ErrorCode
2026-07-27 00:20:57,787 [ERROR] LogOutputStream:75 - [STDERR_REDIRECT] WARNING: Could not lock System prefs. Unix error code 2.
2026-07-27 00:20:57,787 [ERROR] LogOutputStream:75 - [STDERR_REDIRECT] 
2026-07-27 00:20:57,788 [ERROR] LogOutputStream:75 - [STDERR_REDIRECT] Jul 27, 2026 12:20:57 AM java.util.prefs.FileSystemPreferences syncWorld
2026-07-27 00:20:57,788 [ERROR] LogOutputStream:75 - [STDERR_REDIRECT] WARNING: Couldn't flush system prefs: java.util.prefs.BackingStoreException: Couldn't get file lock.
2026-07-27 00:20:57,788 [ERROR] LogOutputStream:75 - [STDERR_REDIRECT] 
2026-07-27 00:21:27,786 [ERROR] LogOutputStream:75 - [STDERR_REDIRECT] Jul 27, 2026 12:21:27 AM java.util.prefs.FileSystemPreferences checkLockFile0ErrorCode
2026-07-27 00:21:27,786 [ERROR] LogOutputStream:75 - [STDERR_REDIRECT] WARNING: Could not lock System prefs. Unix error code 2.
2026-07-27 00:21:27,787 [ERROR] LogOutputStream:75 - [STDERR_REDIRECT] 
2026-07-27 00:21:27,787 [ERROR] LogOutputStream:75 - [STDERR_REDIRECT] Jul 27, 2026 12:21:27 AM java.util.prefs.FileSystemPreferences syncWorld
2026-07-27 00:21:27,787 [ERROR] LogOutputStream:75 - [STDERR_REDIRECT] WARNING: Couldn't flush system prefs: java.util.prefs.BackingStoreException: Couldn't get file lock.
2026-07-27 00:21:27,788 [ERROR] LogOutputStream:75 - [STDERR_REDIRECT] 
2026-07-27 00:21:57,786 [ERROR] LogOutputStream:75 - [STDERR_REDIRECT] Jul 27, 2026 12:21:57 AM java.util.prefs.FileSystemPreferences checkLockFile0ErrorCode
2026-07-27 00:21:57,786 [ERROR] LogOutputStream:75 - [STDERR_REDIRECT] WARNING: Could not lock System prefs. Unix error code 2.
2026-07-27 00:21:57,787 [ERROR] LogOutputStream:75 - [STDERR_REDIRECT] 
2026-07-27 00:21:57,787 [ERROR] LogOutputStream:75 - [STDERR_REDIRECT] Jul 27, 2026 12:21:57 AM java.util.prefs.FileSystemPreferences syncWorld
2026-07-27 00:21:57,787 [ERROR] LogOutputStream:75 - [STDERR_REDIRECT] WARNING: Couldn't flush system prefs: java.util.prefs.BackingStoreException: Couldn't get file lock.
2026-07-27 00:21:57,788 [ERROR] LogOutputStream:75 - [STDERR_REDIRECT] 
2026-07-27 00:22:27,786 [ERROR] LogOutputStream:75 - [STDERR_REDIRECT] Jul 27, 2026 12:22:27 AM java.util.prefs.FileSystemPreferences checkLockFile0ErrorCode
2026-07-27 00:22:27,786 [ERROR] LogOutputStream:75 - [STDERR_REDIRECT] WARNING: Could not lock System prefs. Unix error code 2.
2026-07-27 00:22:27,786 [ERROR] LogOutputStream:75 - [STDERR_REDIRECT] 
2026-07-27 00:22:27,787 [ERROR] LogOutputStream:75 - [STDERR_REDIRECT] Jul 27, 2026 12:22:27 AM java.util.prefs.FileSystemPreferences syncWorld
2026-07-27 00:22:27,787 [ERROR] LogOutputStream:75 - [STDERR_REDIRECT] WARNING: Couldn't flush system prefs: java.util.prefs.BackingStoreException: Couldn't get file lock.
2026-07-27 00:22:27,787 [ERROR] LogOutputStream:75 - [STDERR_REDIRECT] 
2026-07-27 00:22:57,786 [ERROR] LogOutputStream:75 - [STDERR_REDIRECT] Jul 27, 2026 12:22:57 AM java.util.prefs.FileSystemPreferences checkLockFile0ErrorCode
2026-07-27 00:22:57,786 [ERROR] LogOutputStream:75 - [STDERR_REDIRECT] WARNING: Could not lock System prefs. Unix error code 2.
2026-07-27 00:22:57,787 [ERROR] LogOutputStream:75 - [STDERR_REDIRECT] 
2026-07-27 00:22:57,787 [ERROR] LogOutputStream:75 - [STDERR_REDIRECT] Jul 27, 2026 12:22:57 AM java.util.prefs.FileSystemPreferences syncWorld
2026-07-27 00:22:57,787 [ERROR] LogOutputStream:75 - [STDERR_REDIRECT] WARNING: Couldn't flush system prefs: java.util.prefs.BackingStoreException: Couldn't get file lock.
2026-07-27 00:22:57,788 [ERROR] LogOutputStream:75 - [STDERR_REDIRECT] 
2026-07-27 00:23:27,785 [ERROR] LogOutputStream:75 - [STDERR_REDIRECT] Jul 27, 2026 12:23:27 AM java.util.prefs.FileSystemPreferences checkLockFile0ErrorCode
2026-07-27 00:23:27,785 [ERROR] LogOutputStream:75 - [STDERR_REDIRECT] WARNING: Could not lock System prefs. Unix error code 2.
2026-07-27 00:23:27,786 [ERROR] LogOutputStream:75 - [STDERR_REDIRECT] 
2026-07-27 00:23:27,786 [ERROR] LogOutputStream:75 - [STDERR_REDIRECT] Jul 27, 2026 12:23:27 AM java.util.prefs.FileSystemPreferences syncWorld
2026-07-27 00:23:27,787 [ERROR] LogOutputStream:75 - [STDERR_REDIRECT] WARNING: Couldn't flush system prefs: java.util.prefs.BackingStoreException: Couldn't get file lock.
2026-07-27 00:23:27,787 [ERROR] LogOutputStream:75 - [STDERR_REDIRECT] 
2026-07-27 00:23:57,786 [ERROR] LogOutputStream:75 - [STDERR_REDIRECT] Jul 27, 2026 12:23:57 AM java.util.prefs.FileSystemPreferences checkLockFile0ErrorCode
2026-07-27 00:23:57,786 [ERROR] LogOutputStream:75 - [STDERR_REDIRECT] WARNING: Could not lock System prefs. Unix error code 2.
2026-07-27 00:23:57,786 [ERROR] LogOutputStream:75 - [STDERR_REDIRECT] 
2026-07-27 00:23:57,787 [ERROR] LogOutputStream:75 - [STDERR_REDIRECT] Jul 27, 2026 12:23:57 AM java.util.prefs.FileSystemPreferences syncWorld
2026-07-27 00:23:57,787 [ERROR] LogOutputStream:75 - [STDERR_REDIRECT] WARNING: Couldn't flush system prefs: java.util.prefs.BackingStoreException: Couldn't get file lock.
2026-07-27 00:23:57,787 [ERROR] LogOutputStream:75 - [STDERR_REDIRECT] 
2026-07-27 00:24:27,785 [ERROR] LogOutputStream:75 - [STDERR_REDIRECT] Jul 27, 2026 12:24:27 AM java.util.prefs.FileSystemPreferences checkLockFile0ErrorCode
2026-07-27 00:24:27,786 [ERROR] LogOutputStream:75 - [STDERR_REDIRECT] WARNING: Could not lock System prefs. Unix error code 2.
2026-07-27 00:24:27,786 [ERROR] LogOutputStream:75 - [STDERR_REDIRECT] 
2026-07-27 00:24:27,787 [ERROR] LogOutputStream:75 - [STDERR_REDIRECT] Jul 27, 2026 12:24:27 AM java.util.prefs.FileSystemPreferences syncWorld
2026-07-27 00:24:27,787 [ERROR] LogOutputStream:75 - [STDERR_REDIRECT] WARNING: Couldn't flush system prefs: java.util.prefs.BackingStoreException: Couldn't get file lock.
2026-07-27 00:24:27,787 [ERROR] LogOutputStream:75 - [STDERR_REDIRECT] 
2026-07-27 00:24:57,786 [ERROR] LogOutputStream:75 - [STDERR_REDIRECT] Jul 27, 2026 12:24:57 AM java.util.prefs.FileSystemPreferences checkLockFile0ErrorCode
2026-07-27 00:24:57,786 [ERROR] LogOutputStream:75 - [STDERR_REDIRECT] WARNING: Could not lock System prefs. Unix error code 2.
2026-07-27 00:24:57,786 [ERROR] LogOutputStream:75 - [STDERR_REDIRECT] 
2026-07-27 00:24:57,786 [ERROR] LogOutputStream:75 - [STDERR_REDIRECT] Jul 27, 2026 12:24:57 AM java.util.prefs.FileSystemPreferences syncWorld
2026-07-27 00:24:57,786 [ERROR] LogOutputStream:75 - [STDERR_REDIRECT] WARNING: Couldn't flush system prefs: java.util.prefs.BackingStoreException: Couldn't get file lock.
2026-07-27 00:24:57,786 [ERROR] LogOutputStream:75 - [STDERR_REDIRECT] 
2026-07-27 00:25:27,785 [ERROR] LogOutputStream:75 - [STDERR_REDIRECT] Jul 27, 2026 12:25:27 AM java.util.prefs.FileSystemPreferences checkLockFile0ErrorCode
2026-07-27 00:25:27,786 [ERROR] LogOutputStream:75 - [STDERR_REDIRECT] WARNING: Could not lock System prefs. Unix error code 2.
2026-07-27 00:25:27,786 [ERROR] LogOutputStream:75 - [STDERR_REDIRECT] 
2026-07-27 00:25:27,786 [ERROR] LogOutputStream:75 - [STDERR_REDIRECT] Jul 27, 2026 12:25:27 AM java.util.prefs.FileSystemPreferences syncWorld
2026-07-27 00:25:27,786 [ERROR] LogOutputStream:75 - [STDERR_REDIRECT] WARNING: Couldn't flush system prefs: java.util.prefs.BackingStoreException: Couldn't get file lock.
2026-07-27 00:25:27,786 [ERROR] LogOutputStream:75 - [STDERR_REDIRECT] 
2026-07-27 00:25:57,786 [ERROR] LogOutputStream:75 - [STDERR_REDIRECT] Jul 27, 2026 12:25:57 AM java.util.prefs.FileSystemPreferences checkLockFile0ErrorCode
2026-07-27 00:25:57,787 [ERROR] LogOutputStream:75 - [STDERR_REDIRECT] WARNING: Could not lock System prefs. Unix error code 2.
2026-07-27 00:25:57,787 [ERROR] LogOutputStream:75 - [STDERR_REDIRECT] 
2026-07-27 00:25:57,787 [ERROR] LogOutputStream:75 - [STDERR_REDIRECT] Jul 27, 2026 12:25:57 AM java.util.prefs.FileSystemPreferences syncWorld
2026-07-27 00:25:57,788 [ERROR] LogOutputStream:75 - [STDERR_REDIRECT] WARNING: Couldn't flush system prefs: java.util.prefs.BackingStoreException: Couldn't get file lock.
2026-07-27 00:25:57,788 [ERROR] LogOutputStream:75 - [STDERR_REDIRECT] 
2026-07-27 00:26:27,787 [ERROR] LogOutputStream:75 - [STDERR_REDIRECT] Jul 27, 2026 12:26:27 AM java.util.prefs.FileSystemPreferences checkLockFile0ErrorCode
2026-07-27 00:26:27,788 [ERROR] LogOutputStream:75 - [STDERR_REDIRECT] WARNING: Could not lock System prefs. Unix error code 2.
2026-07-27 00:26:27,788 [ERROR] LogOutputStream:75 - [STDERR_REDIRECT] 
2026-07-27 00:26:27,788 [ERROR] LogOutputStream:75 - [STDERR_REDIRECT] Jul 27, 2026 12:26:27 AM java.util.prefs.FileSystemPreferences syncWorld
2026-07-27 00:26:27,788 [ERROR] LogOutputStream:75 - [STDERR_REDIRECT] WARNING: Couldn't flush system prefs: java.util.prefs.BackingStoreException: Couldn't get file lock.
2026-07-27 00:26:27,789 [ERROR] LogOutputStream:75 - [STDERR_REDIRECT] 
2026-07-27 00:26:57,787 [ERROR] LogOutputStream:75 - [STDERR_REDIRECT] Jul 27, 2026 12:26:57 AM java.util.prefs.FileSystemPreferences checkLockFile0ErrorCode
2026-07-27 00:26:57,787 [ERROR] LogOutputStream:75 - [STDERR_REDIRECT] WARNING: Could not lock System prefs. Unix error code 2.
2026-07-27 00:26:57,787 [ERROR] LogOutputStream:75 - [STDERR_REDIRECT] 
2026-07-27 00:26:57,788 [ERROR] LogOutputStream:75 - [STDERR_REDIRECT] Jul 27, 2026 12:26:57 AM java.util.prefs.FileSystemPreferences syncWorld
2026-07-27 00:26:57,788 [ERROR] LogOutputStream:75 - [STDERR_REDIRECT] WARNING: Couldn't flush system prefs: java.util.prefs.BackingStoreException: Couldn't get file lock.
2026-07-27 00:26:57,788 [ERROR] LogOutputStream:75 - [STDERR_REDIRECT] 
2026-07-27 00:27:27,787 [ERROR] LogOutputStream:75 - [STDERR_REDIRECT] Jul 27, 2026 12:27:27 AM java.util.prefs.FileSystemPreferences checkLockFile0ErrorCode
2026-07-27 00:27:27,787 [ERROR] LogOutputStream:75 - [STDERR_REDIRECT] WARNING: Could not lock System prefs. Unix error code 2.
2026-07-27 00:27:27,787 [ERROR] LogOutputStream:75 - [STDERR_REDIRECT] 
2026-07-27 00:27:27,788 [ERROR] LogOutputStream:75 - [STDERR_REDIRECT] Jul 27, 2026 12:27:27 AM java.util.prefs.FileSystemPreferences syncWorld
2026-07-27 00:27:27,788 [ERROR] LogOutputStream:75 - [STDERR_REDIRECT] WARNING: Couldn't flush system prefs: java.util.prefs.BackingStoreException: Couldn't get file lock.
2026-07-27 00:27:27,788 [ERROR] LogOutputStream:75 - [STDERR_REDIRECT] 
2026-07-27 00:27:57,787 [ERROR] LogOutputStream:75 - [STDERR_REDIRECT] Jul 27, 2026 12:27:57 AM java.util.prefs.FileSystemPreferences checkLockFile0ErrorCode
2026-07-27 00:27:57,787 [ERROR] LogOutputStream:75 - [STDERR_REDIRECT] WARNING: Could not lock System prefs. Unix error code 2.
2026-07-27 00:27:57,788 [ERROR] LogOutputStream:75 - [STDERR_REDIRECT] 
2026-07-27 00:27:57,788 [ERROR] LogOutputStream:75 - [STDERR_REDIRECT] Jul 27, 2026 12:27:57 AM java.util.prefs.FileSystemPreferences syncWorld
2026-07-27 00:27:57,788 [ERROR] LogOutputStream:75 - [STDERR_REDIRECT] WARNING: Couldn't flush system prefs: java.util.prefs.BackingStoreException: Couldn't get file lock.
2026-07-27 00:27:57,788 [ERROR] LogOutputStream:75 - [STDERR_REDIRECT] 
2026-07-27 00:28:27,787 [ERROR] LogOutputStream:75 - [STDERR_REDIRECT] Jul 27, 2026 12:28:27 AM java.util.prefs.FileSystemPreferences checkLockFile0ErrorCode
2026-07-27 00:28:27,788 [ERROR] LogOutputStream:75 - [STDERR_REDIRECT] WARNING: Could not lock System prefs. Unix error code 2.
2026-07-27 00:28:27,788 [ERROR] LogOutputStream:75 - [STDERR_REDIRECT] 
2026-07-27 00:28:27,788 [ERROR] LogOutputStream:75 - [STDERR_REDIRECT] Jul 27, 2026 12:28:27 AM java.util.prefs.FileSystemPreferences syncWorld
2026-07-27 00:28:27,788 [ERROR] LogOutputStream:75 - [STDERR_REDIRECT] WARNING: Couldn't flush system prefs: java.util.prefs.BackingStoreException: Couldn't get file lock.
2026-07-27 00:28:27,788 [ERROR] LogOutputStream:75 - [STDERR_REDIRECT] 
2026-07-27 00:28:57,789 [ERROR] LogOutputStream:75 - [STDERR_REDIRECT] Jul 27, 2026 12:28:57 AM java.util.prefs.FileSystemPreferences checkLockFile0ErrorCode
2026-07-27 00:28:57,789 [ERROR] LogOutputStream:75 - [STDERR_REDIRECT] WARNING: Could not lock System prefs. Unix error code 2.
2026-07-27 00:28:57,789 [ERROR] LogOutputStream:75 - [STDERR_REDIRECT] 
2026-07-27 00:28:57,790 [ERROR] LogOutputStream:75 - [STDERR_REDIRECT] Jul 27, 2026 12:28:57 AM java.util.prefs.FileSystemPreferences syncWorld
2026-07-27 00:28:57,790 [ERROR] LogOutputStream:75 - [STDERR_REDIRECT] WARNING: Couldn't flush system prefs: java.util.prefs.BackingStoreException: Couldn't get file lock.
2026-07-27 00:28:57,790 [ERROR] LogOutputStream:75 - [STDERR_REDIRECT] 
2026-07-27 00:29:27,790 [ERROR] LogOutputStream:75 - [STDERR_REDIRECT] Jul 27, 2026 12:29:27 AM java.util.prefs.FileSystemPreferences checkLockFile0ErrorCode
2026-07-27 00:29:27,790 [ERROR] LogOutputStream:75 - [STDERR_REDIRECT] WARNING: Could not lock System prefs. Unix error code 2.
2026-07-27 00:29:27,790 [ERROR] LogOutputStream:75 - [STDERR_REDIRECT] 
2026-07-27 00:29:27,790 [ERROR] LogOutputStream:75 - [STDERR_REDIRECT] Jul 27, 2026 12:29:27 AM java.util.prefs.FileSystemPreferences syncWorld
2026-07-27 00:29:27,791 [ERROR] LogOutputStream:75 - [STDERR_REDIRECT] WARNING: Couldn't flush system prefs: java.util.prefs.BackingStoreException: Couldn't get file lock.
2026-07-27 00:29:27,791 [ERROR] LogOutputStream:75 - [STDERR_REDIRECT] 
2026-07-27 00:29:57,789 [ERROR] LogOutputStream:75 - [STDERR_REDIRECT] Jul 27, 2026 12:29:57 AM java.util.prefs.FileSystemPreferences checkLockFile0ErrorCode
2026-07-27 00:29:57,790 [ERROR] LogOutputStream:75 - [STDERR_REDIRECT] WARNING: Could not lock System prefs. Unix error code 2.
2026-07-27 00:29:57,790 [ERROR] LogOutputStream:75 - [STDERR_REDIRECT] 
2026-07-27 00:29:57,790 [ERROR] LogOutputStream:75 - [STDERR_REDIRECT] Jul 27, 2026 12:29:57 AM java.util.prefs.FileSystemPreferences syncWorld
2026-07-27 00:29:57,790 [ERROR] LogOutputStream:75 - [STDERR_REDIRECT] WARNING: Couldn't flush system prefs: java.util.prefs.BackingStoreException: Couldn't get file lock.
2026-07-27 00:29:57,791 [ERROR] LogOutputStream:75 - [STDERR_REDIRECT] 
2026-07-27 00:30:27,789 [ERROR] LogOutputStream:75 - [STDERR_REDIRECT] Jul 27, 2026 12:30:27 AM java.util.prefs.FileSystemPreferences checkLockFile0ErrorCode
2026-07-27 00:30:27,790 [ERROR] LogOutputStream:75 - [STDERR_REDIRECT] WARNING: Could not lock System prefs. Unix error code 2.
2026-07-27 00:30:27,790 [ERROR] LogOutputStream:75 - [STDERR_REDIRECT] 
2026-07-27 00:30:27,790 [ERROR] LogOutputStream:75 - [STDERR_REDIRECT] Jul 27, 2026 12:30:27 AM java.util.prefs.FileSystemPreferences syncWorld
2026-07-27 00:30:27,790 [ERROR] LogOutputStream:75 - [STDERR_REDIRECT] WARNING: Couldn't flush system prefs: java.util.prefs.BackingStoreException: Couldn't get file lock.
2026-07-27 00:30:27,790 [ERROR] LogOutputStream:75 - [STDERR_REDIRECT] 
2026-07-27 00:30:57,790 [ERROR] LogOutputStream:75 - [STDERR_REDIRECT] Jul 27, 2026 12:30:57 AM java.util.prefs.FileSystemPreferences checkLockFile0ErrorCode
2026-07-27 00:30:57,791 [ERROR] LogOutputStream:75 - [STDERR_REDIRECT] WARNING: Could not lock System prefs. Unix error code 2.
2026-07-27 00:30:57,791 [ERROR] LogOutputStream:75 - [STDERR_REDIRECT] 
2026-07-27 00:30:57,791 [ERROR] LogOutputStream:75 - [STDERR_REDIRECT] Jul 27, 2026 12:30:57 AM java.util.prefs.FileSystemPreferences syncWorld
2026-07-27 00:30:57,791 [ERROR] LogOutputStream:75 - [STDERR_REDIRECT] WARNING: Couldn't flush system prefs: java.util.prefs.BackingStoreException: Couldn't get file lock.
2026-07-27 00:30:57,791 [ERROR] LogOutputStream:75 - [STDERR_REDIRECT] 
2026-07-27 00:31:27,791 [ERROR] LogOutputStream:75 - [STDERR_REDIRECT] Jul 27, 2026 12:31:27 AM java.util.prefs.FileSystemPreferences checkLockFile0ErrorCode
2026-07-27 00:31:27,792 [ERROR] LogOutputStream:75 - [STDERR_REDIRECT] WARNING: Could not lock System prefs. Unix error code 2.
2026-07-27 00:31:27,792 [ERROR] LogOutputStream:75 - [STDERR_REDIRECT] 
2026-07-27 00:31:27,793 [ERROR] LogOutputStream:75 - [STDERR_REDIRECT] Jul 27, 2026 12:31:27 AM java.util.prefs.FileSystemPreferences syncWorld
2026-07-27 00:31:27,793 [ERROR] LogOutputStream:75 - [STDERR_REDIRECT] WARNING: Couldn't flush system prefs: java.util.prefs.BackingStoreException: Couldn't get file lock.
2026-07-27 00:31:27,793 [ERROR] LogOutputStream:75 - [STDERR_REDIRECT] 
2026-07-27 00:31:57,792 [ERROR] LogOutputStream:75 - [STDERR_REDIRECT] Jul 27, 2026 12:31:57 AM java.util.prefs.FileSystemPreferences checkLockFile0ErrorCode
2026-07-27 00:31:57,792 [ERROR] LogOutputStream:75 - [STDERR_REDIRECT] WARNING: Could not lock System prefs. Unix error code 2.
2026-07-27 00:31:57,792 [ERROR] LogOutputStream:75 - [STDERR_REDIRECT] 
2026-07-27 00:31:57,793 [ERROR] LogOutputStream:75 - [STDERR_REDIRECT] Jul 27, 2026 12:31:57 AM java.util.prefs.FileSystemPreferences syncWorld
2026-07-27 00:31:57,793 [ERROR] LogOutputStream:75 - [STDERR_REDIRECT] WARNING: Couldn't flush system prefs: java.util.prefs.BackingStoreException: Couldn't get file lock.
2026-07-27 00:31:57,793 [ERROR] LogOutputStream:75 - [STDERR_REDIRECT] 
2026-07-27 00:32:27,792 [ERROR] LogOutputStream:75 - [STDERR_REDIRECT] Jul 27, 2026 12:32:27 AM java.util.prefs.FileSystemPreferences checkLockFile0ErrorCode
2026-07-27 00:32:27,792 [ERROR] LogOutputStream:75 - [STDERR_REDIRECT] WARNING: Could not lock System prefs. Unix error code 2.
2026-07-27 00:32:27,792 [ERROR] LogOutputStream:75 - [STDERR_REDIRECT] 
2026-07-27 00:32:27,793 [ERROR] LogOutputStream:75 - [STDERR_REDIRECT] Jul 27, 2026 12:32:27 AM java.util.prefs.FileSystemPreferences syncWorld
2026-07-27 00:32:27,793 [ERROR] LogOutputStream:75 - [STDERR_REDIRECT] WARNING: Couldn't flush system prefs: java.util.prefs.BackingStoreException: Couldn't get file lock.
2026-07-27 00:32:27,793 [ERROR] LogOutputStream:75 - [STDERR_REDIRECT] 
2026-07-27 00:32:57,792 [ERROR] LogOutputStream:75 - [STDERR_REDIRECT] Jul 27, 2026 12:32:57 AM java.util.prefs.FileSystemPreferences checkLockFile0ErrorCode
2026-07-27 00:32:57,792 [ERROR] LogOutputStream:75 - [STDERR_REDIRECT] WARNING: Could not lock System prefs. Unix error code 2.
2026-07-27 00:32:57,793 [ERROR] LogOutputStream:75 - [STDERR_REDIRECT] 
2026-07-27 00:32:57,793 [ERROR] LogOutputStream:75 - [STDERR_REDIRECT] Jul 27, 2026 12:32:57 AM java.util.prefs.FileSystemPreferences syncWorld
2026-07-27 00:32:57,793 [ERROR] LogOutputStream:75 - [STDERR_REDIRECT] WARNING: Couldn't flush system prefs: java.util.prefs.BackingStoreException: Couldn't get file lock.
2026-07-27 00:32:57,793 [ERROR] LogOutputStream:75 - [STDERR_REDIRECT] 
2026-07-27 00:33:27,792 [ERROR] LogOutputStream:75 - [STDERR_REDIRECT] Jul 27, 2026 12:33:27 AM java.util.prefs.FileSystemPreferences checkLockFile0ErrorCode
2026-07-27 00:33:27,793 [ERROR] LogOutputStream:75 - [STDERR_REDIRECT] WARNING: Could not lock System prefs. Unix error code 2.
2026-07-27 00:33:27,793 [ERROR] LogOutputStream:75 - [STDERR_REDIRECT] 
2026-07-27 00:33:27,794 [ERROR] LogOutputStream:75 - [STDERR_REDIRECT] Jul 27, 2026 12:33:27 AM java.util.prefs.FileSystemPreferences syncWorld
2026-07-27 00:33:27,794 [ERROR] LogOutputStream:75 - [STDERR_REDIRECT] WARNING: Couldn't flush system prefs: java.util.prefs.BackingStoreException: Couldn't get file lock.
2026-07-27 00:33:27,794 [ERROR] LogOutputStream:75 - [STDERR_REDIRECT] 
2026-07-27 00:33:57,792 [ERROR] LogOutputStream:75 - [STDERR_REDIRECT] Jul 27, 2026 12:33:57 AM java.util.prefs.FileSystemPreferences checkLockFile0ErrorCode
2026-07-27 00:33:57,793 [ERROR] LogOutputStream:75 - [STDERR_REDIRECT] WARNING: Could not lock System prefs. Unix error code 2.
2026-07-27 00:33:57,793 [ERROR] LogOutputStream:75 - [STDERR_REDIRECT] 
2026-07-27 00:33:57,794 [ERROR] LogOutputStream:75 - [STDERR_REDIRECT] Jul 27, 2026 12:33:57 AM java.util.prefs.FileSystemPreferences syncWorld
2026-07-27 00:33:57,794 [ERROR] LogOutputStream:75 - [STDERR_REDIRECT] WARNING: Couldn't flush system prefs: java.util.prefs.BackingStoreException: Couldn't get file lock.
2026-07-27 00:33:57,794 [ERROR] LogOutputStream:75 - [STDERR_REDIRECT] 
2026-07-27 00:34:27,792 [ERROR] LogOutputStream:75 - [STDERR_REDIRECT] Jul 27, 2026 12:34:27 AM java.util.prefs.FileSystemPreferences checkLockFile0ErrorCode
2026-07-27 00:34:27,793 [ERROR] LogOutputStream:75 - [STDERR_REDIRECT] WARNING: Could not lock System prefs. Unix error code 2.
2026-07-27 00:34:27,793 [ERROR] LogOutputStream:75 - [STDERR_REDIRECT] 
2026-07-27 00:34:27,793 [ERROR] LogOutputStream:75 - [STDERR_REDIRECT] Jul 27, 2026 12:34:27 AM java.util.prefs.FileSystemPreferences syncWorld
2026-07-27 00:34:27,794 [ERROR] LogOutputStream:75 - [STDERR_REDIRECT] WARNING: Couldn't flush system prefs: java.util.prefs.BackingStoreException: Couldn't get file lock.
2026-07-27 00:34:27,794 [ERROR] LogOutputStream:75 - [STDERR_REDIRECT] 
2026-07-27 00:34:57,792 [ERROR] LogOutputStream:75 - [STDERR_REDIRECT] Jul 27, 2026 12:34:57 AM java.util.prefs.FileSystemPreferences checkLockFile0ErrorCode
2026-07-27 00:34:57,792 [ERROR] LogOutputStream:75 - [STDERR_REDIRECT] WARNING: Could not lock System prefs. Unix error code 2.
2026-07-27 00:34:57,793 [ERROR] LogOutputStream:75 - [STDERR_REDIRECT] 
2026-07-27 00:34:57,793 [ERROR] LogOutputStream:75 - [STDERR_REDIRECT] Jul 27, 2026 12:34:57 AM java.util.prefs.FileSystemPreferences syncWorld
2026-07-27 00:34:57,793 [ERROR] LogOutputStream:75 - [STDERR_REDIRECT] WARNING: Couldn't flush system prefs: java.util.prefs.BackingStoreException: Couldn't get file lock.
2026-07-27 00:34:57,793 [ERROR] LogOutputStream:75 - [STDERR_REDIRECT] 
2026-07-27 00:35:27,792 [ERROR] LogOutputStream:75 - [STDERR_REDIRECT] Jul 27, 2026 12:35:27 AM java.util.prefs.FileSystemPreferences checkLockFile0ErrorCode
2026-07-27 00:35:27,792 [ERROR] LogOutputStream:75 - [STDERR_REDIRECT] WARNING: Could not lock System prefs. Unix error code 2.
2026-07-27 00:35:27,792 [ERROR] LogOutputStream:75 - [STDERR_REDIRECT] 
2026-07-27 00:35:27,793 [ERROR] LogOutputStream:75 - [STDERR_REDIRECT] Jul 27, 2026 12:35:27 AM java.util.prefs.FileSystemPreferences syncWorld
2026-07-27 00:35:27,793 [ERROR] LogOutputStream:75 - [STDERR_REDIRECT] WARNING: Couldn't flush system prefs: java.util.prefs.BackingStoreException: Couldn't get file lock.
2026-07-27 00:35:27,793 [ERROR] LogOutputStream:75 - [STDERR_REDIRECT] 
2026-07-27 00:35:57,791 [ERROR] LogOutputStream:75 - [STDERR_REDIRECT] Jul 27, 2026 12:35:57 AM java.util.prefs.FileSystemPreferences checkLockFile0ErrorCode
2026-07-27 00:35:57,792 [ERROR] LogOutputStream:75 - [STDERR_REDIRECT] WARNING: Could not lock System prefs. Unix error code 2.
2026-07-27 00:35:57,792 [ERROR] LogOutputStream:75 - [STDERR_REDIRECT] 
2026-07-27 00:35:57,792 [ERROR] LogOutputStream:75 - [STDERR_REDIRECT] Jul 27, 2026 12:35:57 AM java.util.prefs.FileSystemPreferences syncWorld
2026-07-27 00:35:57,792 [ERROR] LogOutputStream:75 - [STDERR_REDIRECT] WARNING: Couldn't flush system prefs: java.util.prefs.BackingStoreException: Couldn't get file lock.
2026-07-27 00:35:57,792 [ERROR] LogOutputStream:75 - [STDERR_REDIRECT] 
2026-07-27 00:36:27,792 [ERROR] LogOutputStream:75 - [STDERR_REDIRECT] Jul 27, 2026 12:36:27 AM java.util.prefs.FileSystemPreferences checkLockFile0ErrorCode
2026-07-27 00:36:27,793 [ERROR] LogOutputStream:75 - [STDERR_REDIRECT] WARNING: Could not lock System prefs. Unix error code 2.
2026-07-27 00:36:27,793 [ERROR] LogOutputStream:75 - [STDERR_REDIRECT] 
2026-07-27 00:36:27,793 [ERROR] LogOutputStream:75 - [STDERR_REDIRECT] Jul 27, 2026 12:36:27 AM java.util.prefs.FileSystemPreferences syncWorld
2026-07-27 00:36:27,793 [ERROR] LogOutputStream:75 - [STDERR_REDIRECT] WARNING: Couldn't flush system prefs: java.util.prefs.BackingStoreException: Couldn't get file lock.
2026-07-27 00:36:27,793 [ERROR] LogOutputStream:75 - [STDERR_REDIRECT] 
2026-07-27 00:36:57,794 [ERROR] LogOutputStream:75 - [STDERR_REDIRECT] Jul 27, 2026 12:36:57 AM java.util.prefs.FileSystemPreferences checkLockFile0ErrorCode
2026-07-27 00:36:57,795 [ERROR] LogOutputStream:75 - [STDERR_REDIRECT] WARNING: Could not lock System prefs. Unix error code 2.
2026-07-27 00:36:57,795 [ERROR] LogOutputStream:75 - [STDERR_REDIRECT] 
2026-07-27 00:36:57,795 [ERROR] LogOutputStream:75 - [STDERR_REDIRECT] Jul 27, 2026 12:36:57 AM java.util.prefs.FileSystemPreferences syncWorld
2026-07-27 00:36:57,795 [ERROR] LogOutputStream:75 - [STDERR_REDIRECT] WARNING: Couldn't flush system prefs: java.util.prefs.BackingStoreException: Couldn't get file lock.
2026-07-27 00:36:57,796 [ERROR] LogOutputStream:75 - [STDERR_REDIRECT] 
2026-07-27 00:37:27,793 [ERROR] LogOutputStream:75 - [STDERR_REDIRECT] Jul 27, 2026 12:37:27 AM java.util.prefs.FileSystemPreferences checkLockFile0ErrorCode
2026-07-27 00:37:27,794 [ERROR] LogOutputStream:75 - [STDERR_REDIRECT] WARNING: Could not lock System prefs. Unix error code 2.
2026-07-27 00:37:27,794 [ERROR] LogOutputStream:75 - [STDERR_REDIRECT] 
2026-07-27 00:37:27,794 [ERROR] LogOutputStream:75 - [STDERR_REDIRECT] Jul 27, 2026 12:37:27 AM java.util.prefs.FileSystemPreferences syncWorld
2026-07-27 00:37:27,795 [ERROR] LogOutputStream:75 - [STDERR_REDIRECT] WARNING: Couldn't flush system prefs: java.util.prefs.BackingStoreException: Couldn't get file lock.
2026-07-27 00:37:27,795 [ERROR] LogOutputStream:75 - [STDERR_REDIRECT] 
2026-07-27 00:37:57,793 [ERROR] LogOutputStream:75 - [STDERR_REDIRECT] Jul 27, 2026 12:37:57 AM java.util.prefs.FileSystemPreferences checkLockFile0ErrorCode
2026-07-27 00:37:57,793 [ERROR] LogOutputStream:75 - [STDERR_REDIRECT] WARNING: Could not lock System prefs. Unix error code 2.
2026-07-27 00:37:57,794 [ERROR] LogOutputStream:75 - [STDERR_REDIRECT] 
2026-07-27 00:37:57,794 [ERROR] LogOutputStream:75 - [STDERR_REDIRECT] Jul 27, 2026 12:37:57 AM java.util.prefs.FileSystemPreferences syncWorld
2026-07-27 00:37:57,794 [ERROR] LogOutputStream:75 - [STDERR_REDIRECT] WARNING: Couldn't flush system prefs: java.util.prefs.BackingStoreException: Couldn't get file lock.
2026-07-27 00:37:57,794 [ERROR] LogOutputStream:75 - [STDERR_REDIRECT] 
2026-07-27 00:38:27,793 [ERROR] LogOutputStream:75 - [STDERR_REDIRECT] Jul 27, 2026 12:38:27 AM java.util.prefs.FileSystemPreferences checkLockFile0ErrorCode
2026-07-27 00:38:27,793 [ERROR] LogOutputStream:75 - [STDERR_REDIRECT] WARNING: Could not lock System prefs. Unix error code 2.
2026-07-27 00:38:27,794 [ERROR] LogOutputStream:75 - [STDERR_REDIRECT] 
2026-07-27 00:38:27,794 [ERROR] LogOutputStream:75 - [STDERR_REDIRECT] Jul 27, 2026 12:38:27 AM java.util.prefs.FileSystemPreferences syncWorld
2026-07-27 00:38:27,794 [ERROR] LogOutputStream:75 - [STDERR_REDIRECT] WARNING: Couldn't flush system prefs: java.util.prefs.BackingStoreException: Couldn't get file lock.
2026-07-27 00:38:27,794 [ERROR] LogOutputStream:75 - [STDERR_REDIRECT] 
2026-07-27 00:38:57,793 [ERROR] LogOutputStream:75 - [STDERR_REDIRECT] Jul 27, 2026 12:38:57 AM java.util.prefs.FileSystemPreferences checkLockFile0ErrorCode
2026-07-27 00:38:57,794 [ERROR] LogOutputStream:75 - [STDERR_REDIRECT] WARNING: Could not lock System prefs. Unix error code 2.
2026-07-27 00:38:57,794 [ERROR] LogOutputStream:75 - [STDERR_REDIRECT] 
2026-07-27 00:38:57,794 [ERROR] LogOutputStream:75 - [STDERR_REDIRECT] Jul 27, 2026 12:38:57 AM java.util.prefs.FileSystemPreferences syncWorld
2026-07-27 00:38:57,794 [ERROR] LogOutputStream:75 - [STDERR_REDIRECT] WARNING: Couldn't flush system prefs: java.util.prefs.BackingStoreException: Couldn't get file lock.
2026-07-27 00:38:57,794 [ERROR] LogOutputStream:75 - [STDERR_REDIRECT] 
2026-07-27 00:39:27,794 [ERROR] LogOutputStream:75 - [STDERR_REDIRECT] Jul 27, 2026 12:39:27 AM java.util.prefs.FileSystemPreferences checkLockFile0ErrorCode
2026-07-27 00:39:27,795 [ERROR] LogOutputStream:75 - [STDERR_REDIRECT] WARNING: Could not lock System prefs. Unix error code 2.
2026-07-27 00:39:27,795 [ERROR] LogOutputStream:75 - [STDERR_REDIRECT] 
2026-07-27 00:39:27,795 [ERROR] LogOutputStream:75 - [STDERR_REDIRECT] Jul 27, 2026 12:39:27 AM java.util.prefs.FileSystemPreferences syncWorld
2026-07-27 00:39:27,795 [ERROR] LogOutputStream:75 - [STDERR_REDIRECT] WARNING: Couldn't flush system prefs: java.util.prefs.BackingStoreException: Couldn't get file lock.
2026-07-27 00:39:27,795 [ERROR] LogOutputStream:75 - [STDERR_REDIRECT] 
2026-07-27 00:39:57,795 [ERROR] LogOutputStream:75 - [STDERR_REDIRECT] Jul 27, 2026 12:39:57 AM java.util.prefs.FileSystemPreferences checkLockFile0ErrorCode
2026-07-27 00:39:57,795 [ERROR] LogOutputStream:75 - [STDERR_REDIRECT] WARNING: Could not lock System prefs. Unix error code 2.
2026-07-27 00:39:57,795 [ERROR] LogOutputStream:75 - [STDERR_REDIRECT] 
2026-07-27 00:39:57,795 [ERROR] LogOutputStream:75 - [STDERR_REDIRECT] Jul 27, 2026 12:39:57 AM java.util.prefs.FileSystemPreferences syncWorld
2026-07-27 00:39:57,796 [ERROR] LogOutputStream:75 - [STDERR_REDIRECT] WARNING: Couldn't flush system prefs: java.util.prefs.BackingStoreException: Couldn't get file lock.
2026-07-27 00:39:57,796 [ERROR] LogOutputStream:75 - [STDERR_REDIRECT] 
2026-07-27 00:40:27,796 [ERROR] LogOutputStream:75 - [STDERR_REDIRECT] Jul 27, 2026 12:40:27 AM java.util.prefs.FileSystemPreferences checkLockFile0ErrorCode
2026-07-27 00:40:27,796 [ERROR] LogOutputStream:75 - [STDERR_REDIRECT] WARNING: Could not lock System prefs. Unix error code 2.
2026-07-27 00:40:27,796 [ERROR] LogOutputStream:75 - [STDERR_REDIRECT] 
2026-07-27 00:40:27,797 [ERROR] LogOutputStream:75 - [STDERR_REDIRECT] Jul 27, 2026 12:40:27 AM java.util.prefs.FileSystemPreferences syncWorld
2026-07-27 00:40:27,797 [ERROR] LogOutputStream:75 - [STDERR_REDIRECT] WARNING: Couldn't flush system prefs: java.util.prefs.BackingStoreException: Couldn't get file lock.
2026-07-27 00:40:27,797 [ERROR] LogOutputStream:75 - [STDERR_REDIRECT] 
2026-07-27 00:40:57,795 [ERROR] LogOutputStream:75 - [STDERR_REDIRECT] Jul 27, 2026 12:40:57 AM java.util.prefs.FileSystemPreferences checkLockFile0ErrorCode
2026-07-27 00:40:57,795 [ERROR] LogOutputStream:75 - [STDERR_REDIRECT] WARNING: Could not lock System prefs. Unix error code 2.
2026-07-27 00:40:57,795 [ERROR] LogOutputStream:75 - [STDERR_REDIRECT] 
2026-07-27 00:40:57,796 [ERROR] LogOutputStream:75 - [STDERR_REDIRECT] Jul 27, 2026 12:40:57 AM java.util.prefs.FileSystemPreferences syncWorld
2026-07-27 00:40:57,796 [ERROR] LogOutputStream:75 - [STDERR_REDIRECT] WARNING: Couldn't flush system prefs: java.util.prefs.BackingStoreException: Couldn't get file lock.
2026-07-27 00:40:57,796 [ERROR] LogOutputStream:75 - [STDERR_REDIRECT] 
2026-07-27 00:41:27,794 [ERROR] LogOutputStream:75 - [STDERR_REDIRECT] Jul 27, 2026 12:41:27 AM java.util.prefs.FileSystemPreferences checkLockFile0ErrorCode
2026-07-27 00:41:27,794 [ERROR] LogOutputStream:75 - [STDERR_REDIRECT] WARNING: Could not lock System prefs. Unix error code 2.
2026-07-27 00:41:27,794 [ERROR] LogOutputStream:75 - [STDERR_REDIRECT] 
2026-07-27 00:41:27,795 [ERROR] LogOutputStream:75 - [STDERR_REDIRECT] Jul 27, 2026 12:41:27 AM java.util.prefs.FileSystemPreferences syncWorld
2026-07-27 00:41:27,795 [ERROR] LogOutputStream:75 - [STDERR_REDIRECT] WARNING: Couldn't flush system prefs: java.util.prefs.BackingStoreException: Couldn't get file lock.
2026-07-27 00:41:27,795 [ERROR] LogOutputStream:75 - [STDERR_REDIRECT] 
2026-07-27 00:41:57,796 [ERROR] LogOutputStream:75 - [STDERR_REDIRECT] Jul 27, 2026 12:41:57 AM java.util.prefs.FileSystemPreferences checkLockFile0ErrorCode
2026-07-27 00:41:57,796 [ERROR] LogOutputStream:75 - [STDERR_REDIRECT] WARNING: Could not lock System prefs. Unix error code 2.
2026-07-27 00:41:57,796 [ERROR] LogOutputStream:75 - [STDERR_REDIRECT] 
2026-07-27 00:41:57,797 [ERROR] LogOutputStream:75 - [STDERR_REDIRECT] Jul 27, 2026 12:41:57 AM java.util.prefs.FileSystemPreferences syncWorld
2026-07-27 00:41:57,797 [ERROR] LogOutputStream:75 - [STDERR_REDIRECT] WARNING: Couldn't flush system prefs: java.util.prefs.BackingStoreException: Couldn't get file lock.
2026-07-27 00:41:57,797 [ERROR] LogOutputStream:75 - [STDERR_REDIRECT] 
2026-07-27 00:42:27,794 [ERROR] LogOutputStream:75 - [STDERR_REDIRECT] Jul 27, 2026 12:42:27 AM java.util.prefs.FileSystemPreferences checkLockFile0ErrorCode
2026-07-27 00:42:27,795 [ERROR] LogOutputStream:75 - [STDERR_REDIRECT] WARNING: Could not lock System prefs. Unix error code 2.
2026-07-27 00:42:27,795 [ERROR] LogOutputStream:75 - [STDERR_REDIRECT] 
2026-07-27 00:42:27,796 [ERROR] LogOutputStream:75 - [STDERR_REDIRECT] Jul 27, 2026 12:42:27 AM java.util.prefs.FileSystemPreferences syncWorld
2026-07-27 00:42:27,796 [ERROR] LogOutputStream:75 - [STDERR_REDIRECT] WARNING: Couldn't flush system prefs: java.util.prefs.BackingStoreException: Couldn't get file lock.
2026-07-27 00:42:27,796 [ERROR] LogOutputStream:75 - [STDERR_REDIRECT] 
2026-07-27 00:42:57,795 [ERROR] LogOutputStream:75 - [STDERR_REDIRECT] Jul 27, 2026 12:42:57 AM java.util.prefs.FileSystemPreferences checkLockFile0ErrorCode
2026-07-27 00:42:57,796 [ERROR] LogOutputStream:75 - [STDERR_REDIRECT] WARNING: Could not lock System prefs. Unix error code 2.
2026-07-27 00:42:57,796 [ERROR] LogOutputStream:75 - [STDERR_REDIRECT] 
2026-07-27 00:42:57,796 [ERROR] LogOutputStream:75 - [STDERR_REDIRECT] Jul 27, 2026 12:42:57 AM java.util.prefs.FileSystemPreferences syncWorld
2026-07-27 00:42:57,796 [ERROR] LogOutputStream:75 - [STDERR_REDIRECT] WARNING: Couldn't flush system prefs: java.util.prefs.BackingStoreException: Couldn't get file lock.
2026-07-27 00:42:57,796 [ERROR] LogOutputStream:75 - [STDERR_REDIRECT] 
2026-07-27 00:43:27,796 [ERROR] LogOutputStream:75 - [STDERR_REDIRECT] Jul 27, 2026 12:43:27 AM java.util.prefs.FileSystemPreferences checkLockFile0ErrorCode
2026-07-27 00:43:27,797 [ERROR] LogOutputStream:75 - [STDERR_REDIRECT] WARNING: Could not lock System prefs. Unix error code 2.
2026-07-27 00:43:27,797 [ERROR] LogOutputStream:75 - [STDERR_REDIRECT] 
2026-07-27 00:43:27,797 [ERROR] LogOutputStream:75 - [STDERR_REDIRECT] Jul 27, 2026 12:43:27 AM java.util.prefs.FileSystemPreferences syncWorld
2026-07-27 00:43:27,797 [ERROR] LogOutputStream:75 - [STDERR_REDIRECT] WARNING: Couldn't flush system prefs: java.util.prefs.BackingStoreException: Couldn't get file lock.
2026-07-27 00:43:27,797 [ERROR] LogOutputStream:75 - [STDERR_REDIRECT] 
2026-07-27 00:43:57,797 [ERROR] LogOutputStream:75 - [STDERR_REDIRECT] Jul 27, 2026 12:43:57 AM java.util.prefs.FileSystemPreferences checkLockFile0ErrorCode
2026-07-27 00:43:57,797 [ERROR] LogOutputStream:75 - [STDERR_REDIRECT] WARNING: Could not lock System prefs. Unix error code 2.
2026-07-27 00:43:57,798 [ERROR] LogOutputStream:75 - [STDERR_REDIRECT] 
2026-07-27 00:43:57,798 [ERROR] LogOutputStream:75 - [STDERR_REDIRECT] Jul 27, 2026 12:43:57 AM java.util.prefs.FileSystemPreferences syncWorld
2026-07-27 00:43:57,798 [ERROR] LogOutputStream:75 - [STDERR_REDIRECT] WARNING: Couldn't flush system prefs: java.util.prefs.BackingStoreException: Couldn't get file lock.
2026-07-27 00:43:57,798 [ERROR] LogOutputStream:75 - [STDERR_REDIRECT] 
2026-07-27 00:44:27,798 [ERROR] LogOutputStream:75 - [STDERR_REDIRECT] Jul 27, 2026 12:44:27 AM java.util.prefs.FileSystemPreferences checkLockFile0ErrorCode
2026-07-27 00:44:27,798 [ERROR] LogOutputStream:75 - [STDERR_REDIRECT] WARNING: Could not lock System prefs. Unix error code 2.
2026-07-27 00:44:27,799 [ERROR] LogOutputStream:75 - [STDERR_REDIRECT] 
2026-07-27 00:44:27,799 [ERROR] LogOutputStream:75 - [STDERR_REDIRECT] Jul 27, 2026 12:44:27 AM java.util.prefs.FileSystemPreferences syncWorld
2026-07-27 00:44:27,799 [ERROR] LogOutputStream:75 - [STDERR_REDIRECT] WARNING: Couldn't flush system prefs: java.util.prefs.BackingStoreException: Couldn't get file lock.
2026-07-27 00:44:27,799 [ERROR] LogOutputStream:75 - [STDERR_REDIRECT] 
2026-07-27 00:44:57,800 [ERROR] LogOutputStream:75 - [STDERR_REDIRECT] Jul 27, 2026 12:44:57 AM java.util.prefs.FileSystemPreferences checkLockFile0ErrorCode
2026-07-27 00:44:57,800 [ERROR] LogOutputStream:75 - [STDERR_REDIRECT] WARNING: Could not lock System prefs. Unix error code 2.
2026-07-27 00:44:57,800 [ERROR] LogOutputStream:75 - [STDERR_REDIRECT] 
2026-07-27 00:44:57,801 [ERROR] LogOutputStream:75 - [STDERR_REDIRECT] Jul 27, 2026 12:44:57 AM java.util.prefs.FileSystemPreferences syncWorld
2026-07-27 00:44:57,801 [ERROR] LogOutputStream:75 - [STDERR_REDIRECT] WARNING: Couldn't flush system prefs: java.util.prefs.BackingStoreException: Couldn't get file lock.
2026-07-27 00:44:57,801 [ERROR] LogOutputStream:75 - [STDERR_REDIRECT] 
2026-07-27 00:45:27,801 [ERROR] LogOutputStream:75 - [STDERR_REDIRECT] Jul 27, 2026 12:45:27 AM java.util.prefs.FileSystemPreferences checkLockFile0ErrorCode
2026-07-27 00:45:27,801 [ERROR] LogOutputStream:75 - [STDERR_REDIRECT] WARNING: Could not lock System prefs. Unix error code 2.
2026-07-27 00:45:27,801 [ERROR] LogOutputStream:75 - [STDERR_REDIRECT] 
2026-07-27 00:45:27,802 [ERROR] LogOutputStream:75 - [STDERR_REDIRECT] Jul 27, 2026 12:45:27 AM java.util.prefs.FileSystemPreferences syncWorld
2026-07-27 00:45:27,802 [ERROR] LogOutputStream:75 - [STDERR_REDIRECT] WARNING: Couldn't flush system prefs: java.util.prefs.BackingStoreException: Couldn't get file lock.
2026-07-27 00:45:27,802 [ERROR] LogOutputStream:75 - [STDERR_REDIRECT] 
2026-07-27 00:45:57,801 [ERROR] LogOutputStream:75 - [STDERR_REDIRECT] Jul 27, 2026 12:45:57 AM java.util.prefs.FileSystemPreferences checkLockFile0ErrorCode
2026-07-27 00:45:57,801 [ERROR] LogOutputStream:75 - [STDERR_REDIRECT] WARNING: Could not lock System prefs. Unix error code 2.
2026-07-27 00:45:57,801 [ERROR] LogOutputStream:75 - [STDERR_REDIRECT] 
2026-07-27 00:45:57,802 [ERROR] LogOutputStream:75 - [STDERR_REDIRECT] Jul 27, 2026 12:45:57 AM java.util.prefs.FileSystemPreferences syncWorld
2026-07-27 00:45:57,802 [ERROR] LogOutputStream:75 - [STDERR_REDIRECT] WARNING: Couldn't flush system prefs: java.util.prefs.BackingStoreException: Couldn't get file lock.
2026-07-27 00:45:57,802 [ERROR] LogOutputStream:75 - [STDERR_REDIRECT] 
2026-07-27 00:46:27,801 [ERROR] LogOutputStream:75 - [STDERR_REDIRECT] Jul 27, 2026 12:46:27 AM java.util.prefs.FileSystemPreferences checkLockFile0ErrorCode
2026-07-27 00:46:27,802 [ERROR] LogOutputStream:75 - [STDERR_REDIRECT] WARNING: Could not lock System prefs. Unix error code 2.
2026-07-27 00:46:27,802 [ERROR] LogOutputStream:75 - [STDERR_REDIRECT] 
2026-07-27 00:46:27,802 [ERROR] LogOutputStream:75 - [STDERR_REDIRECT] Jul 27, 2026 12:46:27 AM java.util.prefs.FileSystemPreferences syncWorld
2026-07-27 00:46:27,802 [ERROR] LogOutputStream:75 - [STDERR_REDIRECT] WARNING: Couldn't flush system prefs: java.util.prefs.BackingStoreException: Couldn't get file lock.
2026-07-27 00:46:27,802 [ERROR] LogOutputStream:75 - [STDERR_REDIRECT] 
2026-07-27 00:46:57,802 [ERROR] LogOutputStream:75 - [STDERR_REDIRECT] Jul 27, 2026 12:46:57 AM java.util.prefs.FileSystemPreferences checkLockFile0ErrorCode
2026-07-27 00:46:57,803 [ERROR] LogOutputStream:75 - [STDERR_REDIRECT] WARNING: Could not lock System prefs. Unix error code 2.
2026-07-27 00:46:57,803 [ERROR] LogOutputStream:75 - [STDERR_REDIRECT] 
2026-07-27 00:46:57,803 [ERROR] LogOutputStream:75 - [STDERR_REDIRECT] Jul 27, 2026 12:46:57 AM java.util.prefs.FileSystemPreferences syncWorld
2026-07-27 00:46:57,803 [ERROR] LogOutputStream:75 - [STDERR_REDIRECT] WARNING: Couldn't flush system prefs: java.util.prefs.BackingStoreException: Couldn't get file lock.
2026-07-27 00:46:57,803 [ERROR] LogOutputStream:75 - [STDERR_REDIRECT] 
2026-07-27 00:47:27,801 [ERROR] LogOutputStream:75 - [STDERR_REDIRECT] Jul 27, 2026 12:47:27 AM java.util.prefs.FileSystemPreferences checkLockFile0ErrorCode
2026-07-27 00:47:27,801 [ERROR] LogOutputStream:75 - [STDERR_REDIRECT] WARNING: Could not lock System prefs. Unix error code 2.
2026-07-27 00:47:27,802 [ERROR] LogOutputStream:75 - [STDERR_REDIRECT] 
2026-07-27 00:47:27,802 [ERROR] LogOutputStream:75 - [STDERR_REDIRECT] Jul 27, 2026 12:47:27 AM java.util.prefs.FileSystemPreferences syncWorld
2026-07-27 00:47:27,802 [ERROR] LogOutputStream:75 - [STDERR_REDIRECT] WARNING: Couldn't flush system prefs: java.util.prefs.BackingStoreException: Couldn't get file lock.
2026-07-27 00:47:27,802 [ERROR] LogOutputStream:75 - [STDERR_REDIRECT] 
2026-07-27 00:47:57,804 [ERROR] LogOutputStream:75 - [STDERR_REDIRECT] Jul 27, 2026 12:47:57 AM java.util.prefs.FileSystemPreferences checkLockFile0ErrorCode
2026-07-27 00:47:57,805 [ERROR] LogOutputStream:75 - [STDERR_REDIRECT] WARNING: Could not lock System prefs. Unix error code 2.
2026-07-27 00:47:57,805 [ERROR] LogOutputStream:75 - [STDERR_REDIRECT] 
2026-07-27 00:47:57,805 [ERROR] LogOutputStream:75 - [STDERR_REDIRECT] Jul 27, 2026 12:47:57 AM java.util.prefs.FileSystemPreferences syncWorld
2026-07-27 00:47:57,805 [ERROR] LogOutputStream:75 - [STDERR_REDIRECT] WARNING: Couldn't flush system prefs: java.util.prefs.BackingStoreException: Couldn't get file lock.
2026-07-27 00:47:57,805 [ERROR] LogOutputStream:75 - [STDERR_REDIRECT] 
2026-07-27 00:48:27,805 [ERROR] LogOutputStream:75 - [STDERR_REDIRECT] Jul 27, 2026 12:48:27 AM java.util.prefs.FileSystemPreferences checkLockFile0ErrorCode
2026-07-27 00:48:27,805 [ERROR] LogOutputStream:75 - [STDERR_REDIRECT] WARNING: Could not lock System prefs. Unix error code 2.
2026-07-27 00:48:27,806 [ERROR] LogOutputStream:75 - [STDERR_REDIRECT] 
2026-07-27 00:48:27,806 [ERROR] LogOutputStream:75 - [STDERR_REDIRECT] Jul 27, 2026 12:48:27 AM java.util.prefs.FileSystemPreferences syncWorld
2026-07-27 00:48:27,806 [ERROR] LogOutputStream:75 - [STDERR_REDIRECT] WARNING: Couldn't flush system prefs: java.util.prefs.BackingStoreException: Couldn't get file lock.
2026-07-27 00:48:27,806 [ERROR] LogOutputStream:75 - [STDERR_REDIRECT] 
2026-07-27 00:48:57,806 [ERROR] LogOutputStream:75 - [STDERR_REDIRECT] Jul 27, 2026 12:48:57 AM java.util.prefs.FileSystemPreferences checkLockFile0ErrorCode
2026-07-27 00:48:57,806 [ERROR] LogOutputStream:75 - [STDERR_REDIRECT] WARNING: Could not lock System prefs. Unix error code 2.
2026-07-27 00:48:57,806 [ERROR] LogOutputStream:75 - [STDERR_REDIRECT] 
2026-07-27 00:48:57,807 [ERROR] LogOutputStream:75 - [STDERR_REDIRECT] Jul 27, 2026 12:48:57 AM java.util.prefs.FileSystemPreferences syncWorld
2026-07-27 00:48:57,807 [ERROR] LogOutputStream:75 - [STDERR_REDIRECT] WARNING: Couldn't flush system prefs: java.util.prefs.BackingStoreException: Couldn't get file lock.
2026-07-27 00:48:57,807 [ERROR] LogOutputStream:75 - [STDERR_REDIRECT] 
2026-07-27 00:49:27,805 [ERROR] LogOutputStream:75 - [STDERR_REDIRECT] Jul 27, 2026 12:49:27 AM java.util.prefs.FileSystemPreferences checkLockFile0ErrorCode
2026-07-27 00:49:27,806 [ERROR] LogOutputStream:75 - [STDERR_REDIRECT] WARNING: Could not lock System prefs. Unix error code 2.
2026-07-27 00:49:27,806 [ERROR] LogOutputStream:75 - [STDERR_REDIRECT] 
2026-07-27 00:49:27,806 [ERROR] LogOutputStream:75 - [STDERR_REDIRECT] Jul 27, 2026 12:49:27 AM java.util.prefs.FileSystemPreferences syncWorld
2026-07-27 00:49:27,806 [ERROR] LogOutputStream:75 - [STDERR_REDIRECT] WARNING: Couldn't flush system prefs: java.util.prefs.BackingStoreException: Couldn't get file lock.
2026-07-27 00:49:27,806 [ERROR] LogOutputStream:75 - [STDERR_REDIRECT] 
2026-07-27 00:49:57,806 [ERROR] LogOutputStream:75 - [STDERR_REDIRECT] Jul 27, 2026 12:49:57 AM java.util.prefs.FileSystemPreferences checkLockFile0ErrorCode
2026-07-27 00:49:57,806 [ERROR] LogOutputStream:75 - [STDERR_REDIRECT] WARNING: Could not lock System prefs. Unix error code 2.
2026-07-27 00:49:57,806 [ERROR] LogOutputStream:75 - [STDERR_REDIRECT] 
2026-07-27 00:49:57,807 [ERROR] LogOutputStream:75 - [STDERR_REDIRECT] Jul 27, 2026 12:49:57 AM java.util.prefs.FileSystemPreferences syncWorld
2026-07-27 00:49:57,807 [ERROR] LogOutputStream:75 - [STDERR_REDIRECT] WARNING: Couldn't flush system prefs: java.util.prefs.BackingStoreException: Couldn't get file lock.
2026-07-27 00:49:57,807 [ERROR] LogOutputStream:75 - [STDERR_REDIRECT] 
2026-07-27 00:50:27,806 [ERROR] LogOutputStream:75 - [STDERR_REDIRECT] Jul 27, 2026 12:50:27 AM java.util.prefs.FileSystemPreferences checkLockFile0ErrorCode
2026-07-27 00:50:27,807 [ERROR] LogOutputStream:75 - [STDERR_REDIRECT] WARNING: Could not lock System prefs. Unix error code 2.
2026-07-27 00:50:27,807 [ERROR] LogOutputStream:75 - [STDERR_REDIRECT] 
2026-07-27 00:50:27,807 [ERROR] LogOutputStream:75 - [STDERR_REDIRECT] Jul 27, 2026 12:50:27 AM java.util.prefs.FileSystemPreferences syncWorld
2026-07-27 00:50:27,807 [ERROR] LogOutputStream:75 - [STDERR_REDIRECT] WARNING: Couldn't flush system prefs: java.util.prefs.BackingStoreException: Couldn't get file lock.
2026-07-27 00:50:27,808 [ERROR] LogOutputStream:75 - [STDERR_REDIRECT] 
2026-07-27 00:50:57,805 [ERROR] LogOutputStream:75 - [STDERR_REDIRECT] Jul 27, 2026 12:50:57 AM java.util.prefs.FileSystemPreferences checkLockFile0ErrorCode
2026-07-27 00:50:57,806 [ERROR] LogOutputStream:75 - [STDERR_REDIRECT] WARNING: Could not lock System prefs. Unix error code 2.
2026-07-27 00:50:57,806 [ERROR] LogOutputStream:75 - [STDERR_REDIRECT] 
2026-07-27 00:50:57,806 [ERROR] LogOutputStream:75 - [STDERR_REDIRECT] Jul 27, 2026 12:50:57 AM java.util.prefs.FileSystemPreferences syncWorld
2026-07-27 00:50:57,806 [ERROR] LogOutputStream:75 - [STDERR_REDIRECT] WARNING: Couldn't flush system prefs: java.util.prefs.BackingStoreException: Couldn't get file lock.
2026-07-27 00:50:57,806 [ERROR] LogOutputStream:75 - [STDERR_REDIRECT] 
2026-07-27 00:51:27,806 [ERROR] LogOutputStream:75 - [STDERR_REDIRECT] Jul 27, 2026 12:51:27 AM java.util.prefs.FileSystemPreferences checkLockFile0ErrorCode
2026-07-27 00:51:27,806 [ERROR] LogOutputStream:75 - [STDERR_REDIRECT] WARNING: Could not lock System prefs. Unix error code 2.
2026-07-27 00:51:27,806 [ERROR] LogOutputStream:75 - [STDERR_REDIRECT] 
2026-07-27 00:51:27,806 [ERROR] LogOutputStream:75 - [STDERR_REDIRECT] Jul 27, 2026 12:51:27 AM java.util.prefs.FileSystemPreferences syncWorld
2026-07-27 00:51:27,806 [ERROR] LogOutputStream:75 - [STDERR_REDIRECT] WARNING: Couldn't flush system prefs: java.util.prefs.BackingStoreException: Couldn't get file lock.
2026-07-27 00:51:27,806 [ERROR] LogOutputStream:75 - [STDERR_REDIRECT] 
2026-07-27 00:51:57,806 [ERROR] LogOutputStream:75 - [STDERR_REDIRECT] Jul 27, 2026 12:51:57 AM java.util.prefs.FileSystemPreferences checkLockFile0ErrorCode
2026-07-27 00:51:57,807 [ERROR] LogOutputStream:75 - [STDERR_REDIRECT] WARNING: Could not lock System prefs. Unix error code 2.
2026-07-27 00:51:57,807 [ERROR] LogOutputStream:75 - [STDERR_REDIRECT] 
2026-07-27 00:51:57,807 [ERROR] LogOutputStream:75 - [STDERR_REDIRECT] Jul 27, 2026 12:51:57 AM java.util.prefs.FileSystemPreferences syncWorld
2026-07-27 00:51:57,807 [ERROR] LogOutputStream:75 - [STDERR_REDIRECT] WARNING: Couldn't flush system prefs: java.util.prefs.BackingStoreException: Couldn't get file lock.
2026-07-27 00:51:57,807 [ERROR] LogOutputStream:75 - [STDERR_REDIRECT] 
2026-07-27 00:52:27,807 [ERROR] LogOutputStream:75 - [STDERR_REDIRECT] Jul 27, 2026 12:52:27 AM java.util.prefs.FileSystemPreferences checkLockFile0ErrorCode
2026-07-27 00:52:27,808 [ERROR] LogOutputStream:75 - [STDERR_REDIRECT] WARNING: Could not lock System prefs. Unix error code 2.
2026-07-27 00:52:27,808 [ERROR] LogOutputStream:75 - [STDERR_REDIRECT] 
2026-07-27 00:52:27,808 [ERROR] LogOutputStream:75 - [STDERR_REDIRECT] Jul 27, 2026 12:52:27 AM java.util.prefs.FileSystemPreferences syncWorld
2026-07-27 00:52:27,808 [ERROR] LogOutputStream:75 - [STDERR_REDIRECT] WARNING: Couldn't flush system prefs: java.util.prefs.BackingStoreException: Couldn't get file lock.
2026-07-27 00:52:27,809 [ERROR] LogOutputStream:75 - [STDERR_REDIRECT] 
2026-07-27 00:52:57,807 [ERROR] LogOutputStream:75 - [STDERR_REDIRECT] Jul 27, 2026 12:52:57 AM java.util.prefs.FileSystemPreferences checkLockFile0ErrorCode
2026-07-27 00:52:57,807 [ERROR] LogOutputStream:75 - [STDERR_REDIRECT] WARNING: Could not lock System prefs. Unix error code 2.
2026-07-27 00:52:57,807 [ERROR] LogOutputStream:75 - [STDERR_REDIRECT] 
2026-07-27 00:52:57,808 [ERROR] LogOutputStream:75 - [STDERR_REDIRECT] Jul 27, 2026 12:52:57 AM java.util.prefs.FileSystemPreferences syncWorld
2026-07-27 00:52:57,808 [ERROR] LogOutputStream:75 - [STDERR_REDIRECT] WARNING: Couldn't flush system prefs: java.util.prefs.BackingStoreException: Couldn't get file lock.
2026-07-27 00:52:57,808 [ERROR] LogOutputStream:75 - [STDERR_REDIRECT] 
2026-07-27 00:53:27,809 [ERROR] LogOutputStream:75 - [STDERR_REDIRECT] Jul 27, 2026 12:53:27 AM java.util.prefs.FileSystemPreferences checkLockFile0ErrorCode
2026-07-27 00:53:27,809 [ERROR] LogOutputStream:75 - [STDERR_REDIRECT] WARNING: Could not lock System prefs. Unix error code 2.
2026-07-27 00:53:27,809 [ERROR] LogOutputStream:75 - [STDERR_REDIRECT] 
2026-07-27 00:53:27,810 [ERROR] LogOutputStream:75 - [STDERR_REDIRECT] Jul 27, 2026 12:53:27 AM java.util.prefs.FileSystemPreferences syncWorld
2026-07-27 00:53:27,810 [ERROR] LogOutputStream:75 - [STDERR_REDIRECT] WARNING: Couldn't flush system prefs: java.util.prefs.BackingStoreException: Couldn't get file lock.
2026-07-27 00:53:27,810 [ERROR] LogOutputStream:75 - [STDERR_REDIRECT] 
2026-07-27 00:53:57,807 [ERROR] LogOutputStream:75 - [STDERR_REDIRECT] Jul 27, 2026 12:53:57 AM java.util.prefs.FileSystemPreferences checkLockFile0ErrorCode
2026-07-27 00:53:57,807 [ERROR] LogOutputStream:75 - [STDERR_REDIRECT] WARNING: Could not lock System prefs. Unix error code 2.
2026-07-27 00:53:57,808 [ERROR] LogOutputStream:75 - [STDERR_REDIRECT] 
2026-07-27 00:53:57,808 [ERROR] LogOutputStream:75 - [STDERR_REDIRECT] Jul 27, 2026 12:53:57 AM java.util.prefs.FileSystemPreferences syncWorld
2026-07-27 00:53:57,808 [ERROR] LogOutputStream:75 - [STDERR_REDIRECT] WARNING: Couldn't flush system prefs: java.util.prefs.BackingStoreException: Couldn't get file lock.
2026-07-27 00:53:57,808 [ERROR] LogOutputStream:75 - [STDERR_REDIRECT] 
2026-07-27 00:54:27,808 [ERROR] LogOutputStream:75 - [STDERR_REDIRECT] Jul 27, 2026 12:54:27 AM java.util.prefs.FileSystemPreferences checkLockFile0ErrorCode
2026-07-27 00:54:27,808 [ERROR] LogOutputStream:75 - [STDERR_REDIRECT] WARNING: Could not lock System prefs. Unix error code 2.
2026-07-27 00:54:27,808 [ERROR] LogOutputStream:75 - [STDERR_REDIRECT] 
2026-07-27 00:54:27,808 [ERROR] LogOutputStream:75 - [STDERR_REDIRECT] Jul 27, 2026 12:54:27 AM java.util.prefs.FileSystemPreferences syncWorld
2026-07-27 00:54:27,808 [ERROR] LogOutputStream:75 - [STDERR_REDIRECT] WARNING: Couldn't flush system prefs: java.util.prefs.BackingStoreException: Couldn't get file lock.
2026-07-27 00:54:27,808 [ERROR] LogOutputStream:75 - [STDERR_REDIRECT] 
2026-07-27 00:54:57,809 [ERROR] LogOutputStream:75 - [STDERR_REDIRECT] Jul 27, 2026 12:54:57 AM java.util.prefs.FileSystemPreferences checkLockFile0ErrorCode
2026-07-27 00:54:57,809 [ERROR] LogOutputStream:75 - [STDERR_REDIRECT] WARNING: Could not lock System prefs. Unix error code 2.
2026-07-27 00:54:57,809 [ERROR] LogOutputStream:75 - [STDERR_REDIRECT] 
2026-07-27 00:54:57,809 [ERROR] LogOutputStream:75 - [STDERR_REDIRECT] Jul 27, 2026 12:54:57 AM java.util.prefs.FileSystemPreferences syncWorld
2026-07-27 00:54:57,809 [ERROR] LogOutputStream:75 - [STDERR_REDIRECT] WARNING: Couldn't flush system prefs: java.util.prefs.BackingStoreException: Couldn't get file lock.
2026-07-27 00:54:57,809 [ERROR] LogOutputStream:75 - [STDERR_REDIRECT] 
2026-07-27 00:55:27,810 [ERROR] LogOutputStream:75 - [STDERR_REDIRECT] Jul 27, 2026 12:55:27 AM java.util.prefs.FileSystemPreferences checkLockFile0ErrorCode
2026-07-27 00:55:27,810 [ERROR] LogOutputStream:75 - [STDERR_REDIRECT] WARNING: Could not lock System prefs. Unix error code 2.
2026-07-27 00:55:27,810 [ERROR] LogOutputStream:75 - [STDERR_REDIRECT] 
2026-07-27 00:55:27,811 [ERROR] LogOutputStream:75 - [STDERR_REDIRECT] Jul 27, 2026 12:55:27 AM java.util.prefs.FileSystemPreferences syncWorld
2026-07-27 00:55:27,811 [ERROR] LogOutputStream:75 - [STDERR_REDIRECT] WARNING: Couldn't flush system prefs: java.util.prefs.BackingStoreException: Couldn't get file lock.
2026-07-27 00:55:27,811 [ERROR] LogOutputStream:75 - [STDERR_REDIRECT] 
2026-07-27 00:55:57,810 [ERROR] LogOutputStream:75 - [STDERR_REDIRECT] Jul 27, 2026 12:55:57 AM java.util.prefs.FileSystemPreferences checkLockFile0ErrorCode
2026-07-27 00:55:57,810 [ERROR] LogOutputStream:75 - [STDERR_REDIRECT] WARNING: Could not lock System prefs. Unix error code 2.
2026-07-27 00:55:57,810 [ERROR] LogOutputStream:75 - [STDERR_REDIRECT] 
2026-07-27 00:55:57,811 [ERROR] LogOutputStream:75 - [STDERR_REDIRECT] Jul 27, 2026 12:55:57 AM java.util.prefs.FileSystemPreferences syncWorld
2026-07-27 00:55:57,811 [ERROR] LogOutputStream:75 - [STDERR_REDIRECT] WARNING: Couldn't flush system prefs: java.util.prefs.BackingStoreException: Couldn't get file lock.
2026-07-27 00:55:57,811 [ERROR] LogOutputStream:75 - [STDERR_REDIRECT] 
2026-07-27 00:56:27,810 [ERROR] LogOutputStream:75 - [STDERR_REDIRECT] Jul 27, 2026 12:56:27 AM java.util.prefs.FileSystemPreferences checkLockFile0ErrorCode
2026-07-27 00:56:27,810 [ERROR] LogOutputStream:75 - [STDERR_REDIRECT] WARNING: Could not lock System prefs. Unix error code 2.
2026-07-27 00:56:27,811 [ERROR] LogOutputStream:75 - [STDERR_REDIRECT] 
2026-07-27 00:56:27,811 [ERROR] LogOutputStream:75 - [STDERR_REDIRECT] Jul 27, 2026 12:56:27 AM java.util.prefs.FileSystemPreferences syncWorld
2026-07-27 00:56:27,811 [ERROR] LogOutputStream:75 - [STDERR_REDIRECT] WARNING: Couldn't flush system prefs: java.util.prefs.BackingStoreException: Couldn't get file lock.
2026-07-27 00:56:27,811 [ERROR] LogOutputStream:75 - [STDERR_REDIRECT] 
2026-07-27 00:56:57,810 [ERROR] LogOutputStream:75 - [STDERR_REDIRECT] Jul 27, 2026 12:56:57 AM java.util.prefs.FileSystemPreferences checkLockFile0ErrorCode
2026-07-27 00:56:57,810 [ERROR] LogOutputStream:75 - [STDERR_REDIRECT] WARNING: Could not lock System prefs. Unix error code 2.
2026-07-27 00:56:57,810 [ERROR] LogOutputStream:75 - [STDERR_REDIRECT] 
2026-07-27 00:56:57,810 [ERROR] LogOutputStream:75 - [STDERR_REDIRECT] Jul 27, 2026 12:56:57 AM java.util.prefs.FileSystemPreferences syncWorld
2026-07-27 00:56:57,810 [ERROR] LogOutputStream:75 - [STDERR_REDIRECT] WARNING: Couldn't flush system prefs: java.util.prefs.BackingStoreException: Couldn't get file lock.
2026-07-27 00:56:57,811 [ERROR] LogOutputStream:75 - [STDERR_REDIRECT] 
2026-07-27 00:57:27,813 [ERROR] LogOutputStream:75 - [STDERR_REDIRECT] Jul 27, 2026 12:57:27 AM java.util.prefs.FileSystemPreferences checkLockFile0ErrorCode
2026-07-27 00:57:27,813 [ERROR] LogOutputStream:75 - [STDERR_REDIRECT] WARNING: Could not lock System prefs. Unix error code 2.
2026-07-27 00:57:27,813 [ERROR] LogOutputStream:75 - [STDERR_REDIRECT] 
2026-07-27 00:57:27,814 [ERROR] LogOutputStream:75 - [STDERR_REDIRECT] Jul 27, 2026 12:57:27 AM java.util.prefs.FileSystemPreferences syncWorld
2026-07-27 00:57:27,814 [ERROR] LogOutputStream:75 - [STDERR_REDIRECT] WARNING: Couldn't flush system prefs: java.util.prefs.BackingStoreException: Couldn't get file lock.
2026-07-27 00:57:27,814 [ERROR] LogOutputStream:75 - [STDERR_REDIRECT] 
2026-07-27 00:57:57,811 [ERROR] LogOutputStream:75 - [STDERR_REDIRECT] Jul 27, 2026 12:57:57 AM java.util.prefs.FileSystemPreferences checkLockFile0ErrorCode
2026-07-27 00:57:57,812 [ERROR] LogOutputStream:75 - [STDERR_REDIRECT] WARNING: Could not lock System prefs. Unix error code 2.
2026-07-27 00:57:57,812 [ERROR] LogOutputStream:75 - [STDERR_REDIRECT] 
2026-07-27 00:57:57,813 [ERROR] LogOutputStream:75 - [STDERR_REDIRECT] Jul 27, 2026 12:57:57 AM java.util.prefs.FileSystemPreferences syncWorld
2026-07-27 00:57:57,813 [ERROR] LogOutputStream:75 - [STDERR_REDIRECT] WARNING: Couldn't flush system prefs: java.util.prefs.BackingStoreException: Couldn't get file lock.
2026-07-27 00:57:57,813 [ERROR] LogOutputStream:75 - [STDERR_REDIRECT] 
2026-07-27 00:58:27,811 [ERROR] LogOutputStream:75 - [STDERR_REDIRECT] Jul 27, 2026 12:58:27 AM java.util.prefs.FileSystemPreferences checkLockFile0ErrorCode
2026-07-27 00:58:27,812 [ERROR] LogOutputStream:75 - [STDERR_REDIRECT] WARNING: Could not lock System prefs. Unix error code 2.
2026-07-27 00:58:27,812 [ERROR] LogOutputStream:75 - [STDERR_REDIRECT] 
2026-07-27 00:58:27,812 [ERROR] LogOutputStream:75 - [STDERR_REDIRECT] Jul 27, 2026 12:58:27 AM java.util.prefs.FileSystemPreferences syncWorld
2026-07-27 00:58:27,812 [ERROR] LogOutputStream:75 - [STDERR_REDIRECT] WARNING: Couldn't flush system prefs: java.util.prefs.BackingStoreException: Couldn't get file lock.
2026-07-27 00:58:27,813 [ERROR] LogOutputStream:75 - [STDERR_REDIRECT] 
2026-07-27 00:58:57,810 [ERROR] LogOutputStream:75 - [STDERR_REDIRECT] Jul 27, 2026 12:58:57 AM java.util.prefs.FileSystemPreferences checkLockFile0ErrorCode
2026-07-27 00:58:57,811 [ERROR] LogOutputStream:75 - [STDERR_REDIRECT] WARNING: Could not lock System prefs. Unix error code 2.
2026-07-27 00:58:57,811 [ERROR] LogOutputStream:75 - [STDERR_REDIRECT] 
2026-07-27 00:58:57,811 [ERROR] LogOutputStream:75 - [STDERR_REDIRECT] Jul 27, 2026 12:58:57 AM java.util.prefs.FileSystemPreferences syncWorld
2026-07-27 00:58:57,811 [ERROR] LogOutputStream:75 - [STDERR_REDIRECT] WARNING: Couldn't flush system prefs: java.util.prefs.BackingStoreException: Couldn't get file lock.
2026-07-27 00:58:57,811 [ERROR] LogOutputStream:75 - [STDERR_REDIRECT] 
2026-07-27 00:59:27,812 [ERROR] LogOutputStream:75 - [STDERR_REDIRECT] Jul 27, 2026 12:59:27 AM java.util.prefs.FileSystemPreferences checkLockFile0ErrorCode
2026-07-27 00:59:27,812 [ERROR] LogOutputStream:75 - [STDERR_REDIRECT] WARNING: Could not lock System prefs. Unix error code 2.
2026-07-27 00:59:27,812 [ERROR] LogOutputStream:75 - [STDERR_REDIRECT] 
2026-07-27 00:59:27,813 [ERROR] LogOutputStream:75 - [STDERR_REDIRECT] Jul 27, 2026 12:59:27 AM java.util.prefs.FileSystemPreferences syncWorld
2026-07-27 00:59:27,813 [ERROR] LogOutputStream:75 - [STDERR_REDIRECT] WARNING: Couldn't flush system prefs: java.util.prefs.BackingStoreException: Couldn't get file lock.
2026-07-27 00:59:27,813 [ERROR] LogOutputStream:75 - [STDERR_REDIRECT] 
2026-07-27 00:59:57,813 [ERROR] LogOutputStream:75 - [STDERR_REDIRECT] Jul 27, 2026 12:59:57 AM java.util.prefs.FileSystemPreferences checkLockFile0ErrorCode
2026-07-27 00:59:57,813 [ERROR] LogOutputStream:75 - [STDERR_REDIRECT] WARNING: Could not lock System prefs. Unix error code 2.
2026-07-27 00:59:57,813 [ERROR] LogOutputStream:75 - [STDERR_REDIRECT] 
2026-07-27 00:59:57,814 [ERROR] LogOutputStream:75 - [STDERR_REDIRECT] Jul 27, 2026 12:59:57 AM java.util.prefs.FileSystemPreferences syncWorld
2026-07-27 00:59:57,814 [ERROR] LogOutputStream:75 - [STDERR_REDIRECT] WARNING: Couldn't flush system prefs: java.util.prefs.BackingStoreException: Couldn't get file lock.
2026-07-27 00:59:57,814 [ERROR] LogOutputStream:75 - [STDERR_REDIRECT] 
2026-07-27 01:00:27,812 [ERROR] LogOutputStream:75 - [STDERR_REDIRECT] Jul 27, 2026 1:00:27 AM java.util.prefs.FileSystemPreferences checkLockFile0ErrorCode
2026-07-27 01:00:27,813 [ERROR] LogOutputStream:75 - [STDERR_REDIRECT] WARNING: Could not lock System prefs. Unix error code 2.
2026-07-27 01:00:27,813 [ERROR] LogOutputStream:75 - [STDERR_REDIRECT] 
2026-07-27 01:00:27,813 [ERROR] LogOutputStream:75 - [STDERR_REDIRECT] Jul 27, 2026 1:00:27 AM java.util.prefs.FileSystemPreferences syncWorld
2026-07-27 01:00:27,813 [ERROR] LogOutputStream:75 - [STDERR_REDIRECT] WARNING: Couldn't flush system prefs: java.util.prefs.BackingStoreException: Couldn't get file lock.
2026-07-27 01:00:27,813 [ERROR] LogOutputStream:75 - [STDERR_REDIRECT] 
2026-07-27 01:00:57,812 [ERROR] LogOutputStream:75 - [STDERR_REDIRECT] Jul 27, 2026 1:00:57 AM java.util.prefs.FileSystemPreferences checkLockFile0ErrorCode
2026-07-27 01:00:57,813 [ERROR] LogOutputStream:75 - [STDERR_REDIRECT] WARNING: Could not lock System prefs. Unix error code 2.
2026-07-27 01:00:57,813 [ERROR] LogOutputStream:75 - [STDERR_REDIRECT] 
2026-07-27 01:00:57,813 [ERROR] LogOutputStream:75 - [STDERR_REDIRECT] Jul 27, 2026 1:00:57 AM java.util.prefs.FileSystemPreferences syncWorld
2026-07-27 01:00:57,813 [ERROR] LogOutputStream:75 - [STDERR_REDIRECT] WARNING: Couldn't flush system prefs: java.util.prefs.BackingStoreException: Couldn't get file lock.
2026-07-27 01:00:57,814 [ERROR] LogOutputStream:75 - [STDERR_REDIRECT] 
2026-07-27 01:01:27,812 [ERROR] LogOutputStream:75 - [STDERR_REDIRECT] Jul 27, 2026 1:01:27 AM java.util.prefs.FileSystemPreferences checkLockFile0ErrorCode
2026-07-27 01:01:27,813 [ERROR] LogOutputStream:75 - [STDERR_REDIRECT] WARNING: Could not lock System prefs. Unix error code 2.
2026-07-27 01:01:27,813 [ERROR] LogOutputStream:75 - [STDERR_REDIRECT] 
2026-07-27 01:01:27,813 [ERROR] LogOutputStream:75 - [STDERR_REDIRECT] Jul 27, 2026 1:01:27 AM java.util.prefs.FileSystemPreferences syncWorld
2026-07-27 01:01:27,813 [ERROR] LogOutputStream:75 - [STDERR_REDIRECT] WARNING: Couldn't flush system prefs: java.util.prefs.BackingStoreException: Couldn't get file lock.
2026-07-27 01:01:27,813 [ERROR] LogOutputStream:75 - [STDERR_REDIRECT] 
2026-07-27 01:01:57,813 [ERROR] LogOutputStream:75 - [STDERR_REDIRECT] Jul 27, 2026 1:01:57 AM java.util.prefs.FileSystemPreferences checkLockFile0ErrorCode
2026-07-27 01:01:57,813 [ERROR] LogOutputStream:75 - [STDERR_REDIRECT] WARNING: Could not lock System prefs. Unix error code 2.
2026-07-27 01:01:57,813 [ERROR] LogOutputStream:75 - [STDERR_REDIRECT] 
2026-07-27 01:01:57,813 [ERROR] LogOutputStream:75 - [STDERR_REDIRECT] Jul 27, 2026 1:01:57 AM java.util.prefs.FileSystemPreferences syncWorld
2026-07-27 01:01:57,814 [ERROR] LogOutputStream:75 - [STDERR_REDIRECT] WARNING: Couldn't flush system prefs: java.util.prefs.BackingStoreException: Couldn't get file lock.
2026-07-27 01:01:57,814 [ERROR] LogOutputStream:75 - [STDERR_REDIRECT] 
2026-07-27 01:02:27,813 [ERROR] LogOutputStream:75 - [STDERR_REDIRECT] Jul 27, 2026 1:02:27 AM java.util.prefs.FileSystemPreferences checkLockFile0ErrorCode
2026-07-27 01:02:27,814 [ERROR] LogOutputStream:75 - [STDERR_REDIRECT] WARNING: Could not lock System prefs. Unix error code 2.
2026-07-27 01:02:27,814 [ERROR] LogOutputStream:75 - [STDERR_REDIRECT] 
2026-07-27 01:02:27,814 [ERROR] LogOutputStream:75 - [STDERR_REDIRECT] Jul 27, 2026 1:02:27 AM java.util.prefs.FileSystemPreferences syncWorld
2026-07-27 01:02:27,815 [ERROR] LogOutputStream:75 - [STDERR_REDIRECT] WARNING: Couldn't flush system prefs: java.util.prefs.BackingStoreException: Couldn't get file lock.
2026-07-27 01:02:27,815 [ERROR] LogOutputStream:75 - [STDERR_REDIRECT] 
2026-07-27 01:02:57,813 [ERROR] LogOutputStream:75 - [STDERR_REDIRECT] Jul 27, 2026 1:02:57 AM java.util.prefs.FileSystemPreferences checkLockFile0ErrorCode
2026-07-27 01:02:57,814 [ERROR] LogOutputStream:75 - [STDERR_REDIRECT] WARNING: Could not lock System prefs. Unix error code 2.
2026-07-27 01:02:57,814 [ERROR] LogOutputStream:75 - [STDERR_REDIRECT] 
2026-07-27 01:02:57,814 [ERROR] LogOutputStream:75 - [STDERR_REDIRECT] Jul 27, 2026 1:02:57 AM java.util.prefs.FileSystemPreferences syncWorld
2026-07-27 01:02:57,815 [ERROR] LogOutputStream:75 - [STDERR_REDIRECT] WARNING: Couldn't flush system prefs: java.util.prefs.BackingStoreException: Couldn't get file lock.
2026-07-27 01:02:57,815 [ERROR] LogOutputStream:75 - [STDERR_REDIRECT] 
2026-07-27 01:03:27,813 [ERROR] LogOutputStream:75 - [STDERR_REDIRECT] Jul 27, 2026 1:03:27 AM java.util.prefs.FileSystemPreferences checkLockFile0ErrorCode
2026-07-27 01:03:27,813 [ERROR] LogOutputStream:75 - [STDERR_REDIRECT] WARNING: Could not lock System prefs. Unix error code 2.
2026-07-27 01:03:27,813 [ERROR] LogOutputStream:75 - [STDERR_REDIRECT] 
2026-07-27 01:03:27,814 [ERROR] LogOutputStream:75 - [STDERR_REDIRECT] Jul 27, 2026 1:03:27 AM java.util.prefs.FileSystemPreferences syncWorld
2026-07-27 01:03:27,814 [ERROR] LogOutputStream:75 - [STDERR_REDIRECT] WARNING: Couldn't flush system prefs: java.util.prefs.BackingStoreException: Couldn't get file lock.
2026-07-27 01:03:27,814 [ERROR] LogOutputStream:75 - [STDERR_REDIRECT] 
2026-07-27 01:03:57,813 [ERROR] LogOutputStream:75 - [STDERR_REDIRECT] Jul 27, 2026 1:03:57 AM java.util.prefs.FileSystemPreferences checkLockFile0ErrorCode
2026-07-27 01:03:57,814 [ERROR] LogOutputStream:75 - [STDERR_REDIRECT] WARNING: Could not lock System prefs. Unix error code 2.
2026-07-27 01:03:57,814 [ERROR] LogOutputStream:75 - [STDERR_REDIRECT] 
2026-07-27 01:03:57,814 [ERROR] LogOutputStream:75 - [STDERR_REDIRECT] Jul 27, 2026 1:03:57 AM java.util.prefs.FileSystemPreferences syncWorld
2026-07-27 01:03:57,814 [ERROR] LogOutputStream:75 - [STDERR_REDIRECT] WARNING: Couldn't flush system prefs: java.util.prefs.BackingStoreException: Couldn't get file lock.
2026-07-27 01:03:57,814 [ERROR] LogOutputStream:75 - [STDERR_REDIRECT] 
2026-07-27 01:04:27,813 [ERROR] LogOutputStream:75 - [STDERR_REDIRECT] Jul 27, 2026 1:04:27 AM java.util.prefs.FileSystemPreferences checkLockFile0ErrorCode
2026-07-27 01:04:27,813 [ERROR] LogOutputStream:75 - [STDERR_REDIRECT] WARNING: Could not lock System prefs. Unix error code 2.
2026-07-27 01:04:27,813 [ERROR] LogOutputStream:75 - [STDERR_REDIRECT] 
2026-07-27 01:04:27,814 [ERROR] LogOutputStream:75 - [STDERR_REDIRECT] Jul 27, 2026 1:04:27 AM java.util.prefs.FileSystemPreferences syncWorld
2026-07-27 01:04:27,814 [ERROR] LogOutputStream:75 - [STDERR_REDIRECT] WARNING: Couldn't flush system prefs: java.util.prefs.BackingStoreException: Couldn't get file lock.
2026-07-27 01:04:27,814 [ERROR] LogOutputStream:75 - [STDERR_REDIRECT] 
2026-07-27 01:04:57,813 [ERROR] LogOutputStream:75 - [STDERR_REDIRECT] Jul 27, 2026 1:04:57 AM java.util.prefs.FileSystemPreferences checkLockFile0ErrorCode
2026-07-27 01:04:57,813 [ERROR] LogOutputStream:75 - [STDERR_REDIRECT] WARNING: Could not lock System prefs. Unix error code 2.
2026-07-27 01:04:57,813 [ERROR] LogOutputStream:75 - [STDERR_REDIRECT] 
2026-07-27 01:04:57,813 [ERROR] LogOutputStream:75 - [STDERR_REDIRECT] Jul 27, 2026 1:04:57 AM java.util.prefs.FileSystemPreferences syncWorld
2026-07-27 01:04:57,814 [ERROR] LogOutputStream:75 - [STDERR_REDIRECT] WARNING: Couldn't flush system prefs: java.util.prefs.BackingStoreException: Couldn't get file lock.
2026-07-27 01:04:57,814 [ERROR] LogOutputStream:75 - [STDERR_REDIRECT] 
2026-07-27 01:05:27,814 [ERROR] LogOutputStream:75 - [STDERR_REDIRECT] Jul 27, 2026 1:05:27 AM java.util.prefs.FileSystemPreferences checkLockFile0ErrorCode
2026-07-27 01:05:27,814 [ERROR] LogOutputStream:75 - [STDERR_REDIRECT] WARNING: Could not lock System prefs. Unix error code 2.
2026-07-27 01:05:27,814 [ERROR] LogOutputStream:75 - [STDERR_REDIRECT] 
2026-07-27 01:05:27,814 [ERROR] LogOutputStream:75 - [STDERR_REDIRECT] Jul 27, 2026 1:05:27 AM java.util.prefs.FileSystemPreferences syncWorld
2026-07-27 01:05:27,814 [ERROR] LogOutputStream:75 - [STDERR_REDIRECT] WARNING: Couldn't flush system prefs: java.util.prefs.BackingStoreException: Couldn't get file lock.
2026-07-27 01:05:27,814 [ERROR] LogOutputStream:75 - [STDERR_REDIRECT] 
2026-07-27 01:05:57,813 [ERROR] LogOutputStream:75 - [STDERR_REDIRECT] Jul 27, 2026 1:05:57 AM java.util.prefs.FileSystemPreferences checkLockFile0ErrorCode
2026-07-27 01:05:57,813 [ERROR] LogOutputStream:75 - [STDERR_REDIRECT] WARNING: Could not lock System prefs. Unix error code 2.
2026-07-27 01:05:57,813 [ERROR] LogOutputStream:75 - [STDERR_REDIRECT] 
2026-07-27 01:05:57,814 [ERROR] LogOutputStream:75 - [STDERR_REDIRECT] Jul 27, 2026 1:05:57 AM java.util.prefs.FileSystemPreferences syncWorld
2026-07-27 01:05:57,814 [ERROR] LogOutputStream:75 - [STDERR_REDIRECT] WARNING: Couldn't flush system prefs: java.util.prefs.BackingStoreException: Couldn't get file lock.
2026-07-27 01:05:57,814 [ERROR] LogOutputStream:75 - [STDERR_REDIRECT] 
2026-07-27 01:06:27,815 [ERROR] LogOutputStream:75 - [STDERR_REDIRECT] Jul 27, 2026 1:06:27 AM java.util.prefs.FileSystemPreferences checkLockFile0ErrorCode
2026-07-27 01:06:27,815 [ERROR] LogOutputStream:75 - [STDERR_REDIRECT] WARNING: Could not lock System prefs. Unix error code 2.
2026-07-27 01:06:27,815 [ERROR] LogOutputStream:75 - [STDERR_REDIRECT] 
2026-07-27 01:06:27,815 [ERROR] LogOutputStream:75 - [STDERR_REDIRECT] Jul 27, 2026 1:06:27 AM java.util.prefs.FileSystemPreferences syncWorld
2026-07-27 01:06:27,815 [ERROR] LogOutputStream:75 - [STDERR_REDIRECT] WARNING: Couldn't flush system prefs: java.util.prefs.BackingStoreException: Couldn't get file lock.
2026-07-27 01:06:27,815 [ERROR] LogOutputStream:75 - [STDERR_REDIRECT] 
2026-07-27 01:06:57,814 [ERROR] LogOutputStream:75 - [STDERR_REDIRECT] Jul 27, 2026 1:06:57 AM java.util.prefs.FileSystemPreferences checkLockFile0ErrorCode
2026-07-27 01:06:57,814 [ERROR] LogOutputStream:75 - [STDERR_REDIRECT] WARNING: Could not lock System prefs. Unix error code 2.
2026-07-27 01:06:57,814 [ERROR] LogOutputStream:75 - [STDERR_REDIRECT] 
2026-07-27 01:06:57,815 [ERROR] LogOutputStream:75 - [STDERR_REDIRECT] Jul 27, 2026 1:06:57 AM java.util.prefs.FileSystemPreferences syncWorld
2026-07-27 01:06:57,815 [ERROR] LogOutputStream:75 - [STDERR_REDIRECT] WARNING: Couldn't flush system prefs: java.util.prefs.BackingStoreException: Couldn't get file lock.
2026-07-27 01:06:57,815 [ERROR] LogOutputStream:75 - [STDERR_REDIRECT] 
2026-07-27 01:07:27,814 [ERROR] LogOutputStream:75 - [STDERR_REDIRECT] Jul 27, 2026 1:07:27 AM java.util.prefs.FileSystemPreferences checkLockFile0ErrorCode
2026-07-27 01:07:27,815 [ERROR] LogOutputStream:75 - [STDERR_REDIRECT] WARNING: Could not lock System prefs. Unix error code 2.
2026-07-27 01:07:27,815 [ERROR] LogOutputStream:75 - [STDERR_REDIRECT] 
2026-07-27 01:07:27,815 [ERROR] LogOutputStream:75 - [STDERR_REDIRECT] Jul 27, 2026 1:07:27 AM java.util.prefs.FileSystemPreferences syncWorld
2026-07-27 01:07:27,816 [ERROR] LogOutputStream:75 - [STDERR_REDIRECT] WARNING: Couldn't flush system prefs: java.util.prefs.BackingStoreException: Couldn't get file lock.
2026-07-27 01:07:27,816 [ERROR] LogOutputStream:75 - [STDERR_REDIRECT] 
2026-07-27 01:07:57,815 [ERROR] LogOutputStream:75 - [STDERR_REDIRECT] Jul 27, 2026 1:07:57 AM java.util.prefs.FileSystemPreferences checkLockFile0ErrorCode
2026-07-27 01:07:57,815 [ERROR] LogOutputStream:75 - [STDERR_REDIRECT] WARNING: Could not lock System prefs. Unix error code 2.
2026-07-27 01:07:57,816 [ERROR] LogOutputStream:75 - [STDERR_REDIRECT] 
2026-07-27 01:07:57,816 [ERROR] LogOutputStream:75 - [STDERR_REDIRECT] Jul 27, 2026 1:07:57 AM java.util.prefs.FileSystemPreferences syncWorld
2026-07-27 01:07:57,816 [ERROR] LogOutputStream:75 - [STDERR_REDIRECT] WARNING: Couldn't flush system prefs: java.util.prefs.BackingStoreException: Couldn't get file lock.
2026-07-27 01:07:57,816 [ERROR] LogOutputStream:75 - [STDERR_REDIRECT] 
2026-07-27 01:08:27,815 [ERROR] LogOutputStream:75 - [STDERR_REDIRECT] Jul 27, 2026 1:08:27 AM java.util.prefs.FileSystemPreferences checkLockFile0ErrorCode
2026-07-27 01:08:27,815 [ERROR] LogOutputStream:75 - [STDERR_REDIRECT] WARNING: Could not lock System prefs. Unix error code 2.
2026-07-27 01:08:27,815 [ERROR] LogOutputStream:75 - [STDERR_REDIRECT] 
2026-07-27 01:08:27,815 [ERROR] LogOutputStream:75 - [STDERR_REDIRECT] Jul 27, 2026 1:08:27 AM java.util.prefs.FileSystemPreferences syncWorld
2026-07-27 01:08:27,815 [ERROR] LogOutputStream:75 - [STDERR_REDIRECT] WARNING: Couldn't flush system prefs: java.util.prefs.BackingStoreException: Couldn't get file lock.
2026-07-27 01:08:27,815 [ERROR] LogOutputStream:75 - [STDERR_REDIRECT] 
2026-07-27 01:08:57,815 [ERROR] LogOutputStream:75 - [STDERR_REDIRECT] Jul 27, 2026 1:08:57 AM java.util.prefs.FileSystemPreferences checkLockFile0ErrorCode
2026-07-27 01:08:57,815 [ERROR] LogOutputStream:75 - [STDERR_REDIRECT] WARNING: Could not lock System prefs. Unix error code 2.
2026-07-27 01:08:57,815 [ERROR] LogOutputStream:75 - [STDERR_REDIRECT] 
2026-07-27 01:08:57,815 [ERROR] LogOutputStream:75 - [STDERR_REDIRECT] Jul 27, 2026 1:08:57 AM java.util.prefs.FileSystemPreferences syncWorld
2026-07-27 01:08:57,815 [ERROR] LogOutputStream:75 - [STDERR_REDIRECT] WARNING: Couldn't flush system prefs: java.util.prefs.BackingStoreException: Couldn't get file lock.
2026-07-27 01:08:57,815 [ERROR] LogOutputStream:75 - [STDERR_REDIRECT] 
2026-07-27 01:09:27,815 [ERROR] LogOutputStream:75 - [STDERR_REDIRECT] Jul 27, 2026 1:09:27 AM java.util.prefs.FileSystemPreferences checkLockFile0ErrorCode
2026-07-27 01:09:27,816 [ERROR] LogOutputStream:75 - [STDERR_REDIRECT] WARNING: Could not lock System prefs. Unix error code 2.
2026-07-27 01:09:27,816 [ERROR] LogOutputStream:75 - [STDERR_REDIRECT] 
2026-07-27 01:09:27,816 [ERROR] LogOutputStream:75 - [STDERR_REDIRECT] Jul 27, 2026 1:09:27 AM java.util.prefs.FileSystemPreferences syncWorld
2026-07-27 01:09:27,816 [ERROR] LogOutputStream:75 - [STDERR_REDIRECT] WARNING: Couldn't flush system prefs: java.util.prefs.BackingStoreException: Couldn't get file lock.
2026-07-27 01:09:27,816 [ERROR] LogOutputStream:75 - [STDERR_REDIRECT] 
2026-07-27 01:09:57,816 [ERROR] LogOutputStream:75 - [STDERR_REDIRECT] Jul 27, 2026 1:09:57 AM java.util.prefs.FileSystemPreferences checkLockFile0ErrorCode
2026-07-27 01:09:57,816 [ERROR] LogOutputStream:75 - [STDERR_REDIRECT] WARNING: Could not lock System prefs. Unix error code 2.
2026-07-27 01:09:57,816 [ERROR] LogOutputStream:75 - [STDERR_REDIRECT] 
2026-07-27 01:09:57,816 [ERROR] LogOutputStream:75 - [STDERR_REDIRECT] Jul 27, 2026 1:09:57 AM java.util.prefs.FileSystemPreferences syncWorld
2026-07-27 01:09:57,816 [ERROR] LogOutputStream:75 - [STDERR_REDIRECT] WARNING: Couldn't flush system prefs: java.util.prefs.BackingStoreException: Couldn't get file lock.
2026-07-27 01:09:57,817 [ERROR] LogOutputStream:75 - [STDERR_REDIRECT] 
2026-07-27 01:10:27,816 [ERROR] LogOutputStream:75 - [STDERR_REDIRECT] Jul 27, 2026 1:10:27 AM java.util.prefs.FileSystemPreferences checkLockFile0ErrorCode
2026-07-27 01:10:27,816 [ERROR] LogOutputStream:75 - [STDERR_REDIRECT] WARNING: Could not lock System prefs. Unix error code 2.
2026-07-27 01:10:27,816 [ERROR] LogOutputStream:75 - [STDERR_REDIRECT] 
2026-07-27 01:10:27,817 [ERROR] LogOutputStream:75 - [STDERR_REDIRECT] Jul 27, 2026 1:10:27 AM java.util.prefs.FileSystemPreferences syncWorld
2026-07-27 01:10:27,817 [ERROR] LogOutputStream:75 - [STDERR_REDIRECT] WARNING: Couldn't flush system prefs: java.util.prefs.BackingStoreException: Couldn't get file lock.
2026-07-27 01:10:27,817 [ERROR] LogOutputStream:75 - [STDERR_REDIRECT] 
2026-07-27 01:10:57,816 [ERROR] LogOutputStream:75 - [STDERR_REDIRECT] Jul 27, 2026 1:10:57 AM java.util.prefs.FileSystemPreferences checkLockFile0ErrorCode
2026-07-27 01:10:57,816 [ERROR] LogOutputStream:75 - [STDERR_REDIRECT] WARNING: Could not lock System prefs. Unix error code 2.
2026-07-27 01:10:57,816 [ERROR] LogOutputStream:75 - [STDERR_REDIRECT] 
2026-07-27 01:10:57,817 [ERROR] LogOutputStream:75 - [STDERR_REDIRECT] Jul 27, 2026 1:10:57 AM java.util.prefs.FileSystemPreferences syncWorld
2026-07-27 01:10:57,817 [ERROR] LogOutputStream:75 - [STDERR_REDIRECT] WARNING: Couldn't flush system prefs: java.util.prefs.BackingStoreException: Couldn't get file lock.
2026-07-27 01:10:57,817 [ERROR] LogOutputStream:75 - [STDERR_REDIRECT] 
2026-07-27 01:11:27,817 [ERROR] LogOutputStream:75 - [STDERR_REDIRECT] Jul 27, 2026 1:11:27 AM java.util.prefs.FileSystemPreferences checkLockFile0ErrorCode
2026-07-27 01:11:27,817 [ERROR] LogOutputStream:75 - [STDERR_REDIRECT] WARNING: Could not lock System prefs. Unix error code 2.
2026-07-27 01:11:27,817 [ERROR] LogOutputStream:75 - [STDERR_REDIRECT] 
2026-07-27 01:11:27,818 [ERROR] LogOutputStream:75 - [STDERR_REDIRECT] Jul 27, 2026 1:11:27 AM java.util.prefs.FileSystemPreferences syncWorld
2026-07-27 01:11:27,818 [ERROR] LogOutputStream:75 - [STDERR_REDIRECT] WARNING: Couldn't flush system prefs: java.util.prefs.BackingStoreException: Couldn't get file lock.
2026-07-27 01:11:27,818 [ERROR] LogOutputStream:75 - [STDERR_REDIRECT] 
2026-07-27 01:11:57,817 [ERROR] LogOutputStream:75 - [STDERR_REDIRECT] Jul 27, 2026 1:11:57 AM java.util.prefs.FileSystemPreferences checkLockFile0ErrorCode
2026-07-27 01:11:57,817 [ERROR] LogOutputStream:75 - [STDERR_REDIRECT] WARNING: Could not lock System prefs. Unix error code 2.
2026-07-27 01:11:57,817 [ERROR] LogOutputStream:75 - [STDERR_REDIRECT] 
2026-07-27 01:11:57,818 [ERROR] LogOutputStream:75 - [STDERR_REDIRECT] Jul 27, 2026 1:11:57 AM java.util.prefs.FileSystemPreferences syncWorld
2026-07-27 01:11:57,818 [ERROR] LogOutputStream:75 - [STDERR_REDIRECT] WARNING: Couldn't flush system prefs: java.util.prefs.BackingStoreException: Couldn't get file lock.
2026-07-27 01:11:57,818 [ERROR] LogOutputStream:75 - [STDERR_REDIRECT] 
2026-07-27 01:12:27,815 [ERROR] LogOutputStream:75 - [STDERR_REDIRECT] Jul 27, 2026 1:12:27 AM java.util.prefs.FileSystemPreferences checkLockFile0ErrorCode
2026-07-27 01:12:27,816 [ERROR] LogOutputStream:75 - [STDERR_REDIRECT] WARNING: Could not lock System prefs. Unix error code 2.
2026-07-27 01:12:27,816 [ERROR] LogOutputStream:75 - [STDERR_REDIRECT] 
2026-07-27 01:12:27,816 [ERROR] LogOutputStream:75 - [STDERR_REDIRECT] Jul 27, 2026 1:12:27 AM java.util.prefs.FileSystemPreferences syncWorld
2026-07-27 01:12:27,816 [ERROR] LogOutputStream:75 - [STDERR_REDIRECT] WARNING: Couldn't flush system prefs: java.util.prefs.BackingStoreException: Couldn't get file lock.
2026-07-27 01:12:27,816 [ERROR] LogOutputStream:75 - [STDERR_REDIRECT] 
2026-07-27 01:12:38,446 [INFO] UtilMem:75 - End SaveConfig() Used Memory: 437881968 Bytes (775946240)
2026-07-27 01:12:38,555 [INFO] UtilMem:75 - End SaveConfig() Used Memory: 460428400 Bytes (775946240)
2026-07-27 01:12:39,092 [INFO] UtilMem:75 - End SaveConfig() Used Memory: 500375432 Bytes (775946240)
2026-07-27 01:12:39,695 [INFO] BlockDiagram:2775 - set Specific Code input for plugin: CAN
2026-07-27 01:12:39,695 [INFO] BlockDiagram:2775 - set Specific Code input for plugin: TIM1_8
2026-07-27 01:12:39,695 [INFO] BlockDiagram:2775 - set Specific Code input for plugin: SYS
2026-07-27 01:12:39,695 [INFO] BlockDiagram:2775 - set Specific Code input for plugin: RCC
2026-07-27 01:12:39,696 [INFO] BlockDiagram:2775 - set Specific Code input for plugin: NVIC
2026-07-27 01:12:39,696 [INFO] BlockDiagram:2775 - set Specific Code input for plugin: USART
2026-07-27 01:12:39,696 [INFO] BlockDiagram:2775 - set Specific Code input for plugin: USART
2026-07-27 01:12:39,696 [INFO] BlockDiagram:2775 - set Specific Code input for plugin: GPIO
2026-07-27 01:12:39,697 [INFO] CodeGenerator:892 - code generatio: config db path: /home/sakshi/.stm32cubemx/databases/DB.6.0.130/db/
2026-07-27 01:12:39,887 [INFO] CodeEngine:265 - oldGeneratedFile, /home/sakshi/CDAC_Project_practice/HAL_CAN_RX/MXTmpFiles/license.tmp_save
2026-07-27 01:12:40,311 [INFO] CodeEngine:289 - Generated code: /home/sakshi/CDAC_Project_practice/HAL_CAN_RX/MXTmpFiles/license.tmp
2026-07-27 01:12:40,399 [INFO] CodeEngine:265 - oldGeneratedFile, /home/sakshi/CDAC_Project_practice/HAL_CAN_RX/MXTmpFiles/gpio.tmp_save
2026-07-27 01:12:40,548 [INFO] CodeEngine:289 - Generated code: /home/sakshi/CDAC_Project_practice/HAL_CAN_RX/MXTmpFiles/gpio.tmp
2026-07-27 01:12:40,764 [INFO] CodeEngine:265 - oldGeneratedFile, /home/sakshi/CDAC_Project_practice/HAL_CAN_RX/Core/Src/stm32f4xx_it.c_save
2026-07-27 01:12:40,917 [INFO] CodeEngine:289 - Generated code: /home/sakshi/CDAC_Project_practice/HAL_CAN_RX/Core/Src/stm32f4xx_it.c
2026-07-27 01:12:40,919 [INFO] CodeEngine:265 - oldGeneratedFile, /home/sakshi/CDAC_Project_practice/HAL_CAN_RX/Core/Inc/stm32f4xx_it.h_save
2026-07-27 01:12:41,035 [INFO] CodeEngine:289 - Generated code: /home/sakshi/CDAC_Project_practice/HAL_CAN_RX/Core/Inc/stm32f4xx_it.h
2026-07-27 01:12:41,044 [INFO] CodeEngine:265 - oldGeneratedFile, /home/sakshi/CDAC_Project_practice/HAL_CAN_RX/Core/Src/stm32f4xx_hal_msp.c_save
2026-07-27 01:12:41,234 [INFO] CodeEngine:289 - Generated code: /home/sakshi/CDAC_Project_practice/HAL_CAN_RX/Core/Src/stm32f4xx_hal_msp.c
2026-07-27 01:12:41,235 [INFO] CodeEngine:265 - oldGeneratedFile, /home/sakshi/CDAC_Project_practice/HAL_CAN_RX/MXTmpFiles/system.tmp_save
2026-07-27 01:12:41,344 [INFO] CodeEngine:289 - Generated code: /home/sakshi/CDAC_Project_practice/HAL_CAN_RX/MXTmpFiles/system.tmp
2026-07-27 01:12:41,349 [INFO] CodeEngine:321 - oldGeneratedFile, /home/sakshi/CDAC_Project_practice/HAL_CAN_RX/Core/Inc/stm32f4xx_hal_conf.h_save
2026-07-27 01:12:41,475 [INFO] CodeEngine:345 - Generated code: /home/sakshi/CDAC_Project_practice/HAL_CAN_RX/Core/Inc/stm32f4xx_hal_conf.h
2026-07-27 01:12:41,511 [INFO] ApiDbMcu:532 - Load IP Config File for CAN1
2026-07-27 01:12:41,525 [INFO] ApiDbMcu:532 - Load IP Config File for TIM1
2026-07-27 01:12:41,529 [INFO] ApiDbMcu:532 - Load IP Config File for USART2
2026-07-27 01:12:41,532 [INFO] ApiDbMcu:532 - Load IP Config File for USART3
2026-07-27 01:12:41,536 [INFO] ApiDbMcu:532 - Load IP Config File for RCC
2026-07-27 01:12:41,539 [WARN] IPConfigManager:3811 - IP not found : TIM
2026-07-27 01:12:41,540 [WARN] CodeGenerator:4259 - IP not found : null
2026-07-27 01:12:41,542 [INFO] CodeEngine:265 - oldGeneratedFile, /home/sakshi/CDAC_Project_practice/HAL_CAN_RX/Core/Inc/main.h_save
2026-07-27 01:12:41,656 [INFO] CodeEngine:289 - Generated code: /home/sakshi/CDAC_Project_practice/HAL_CAN_RX/Core/Inc/main.h
2026-07-27 01:12:41,658 [INFO] CodeEngine:265 - oldGeneratedFile, /home/sakshi/CDAC_Project_practice/HAL_CAN_RX/Core/Src/main.c_save
2026-07-27 01:12:41,827 [INFO] CodeEngine:289 - Generated code: /home/sakshi/CDAC_Project_practice/HAL_CAN_RX/Core/Src/main.c
2026-07-27 01:12:42,105 [INFO] ProjectBuilder:3606 - Time for Copy HAL[1] : 57mS.
2026-07-27 01:12:42,108 [INFO] ProjectBuilder:5216 - Project Generator version: 4.7.0-B52
2026-07-27 01:12:42,208 [INFO] ConfigFileManager:1595 - The Die is : DIE413
2026-07-27 01:12:42,214 [INFO] ApiDbMcu:532 - Load IP Config File for FATFS
2026-07-27 01:12:42,219 [INFO] ApiDbMcu:532 - Load IP Config File for FREERTOS
2026-07-27 01:12:42,221 [INFO] ApiDbMcu:532 - Load IP Config File for LIBJPEG
2026-07-27 01:12:42,226 [INFO] ApiDbMcu:532 - Load IP Config File for LWIP
2026-07-27 01:12:42,232 [INFO] ApiDbMcu:532 - Load IP Config File for MBEDTLS
2026-07-27 01:12:42,239 [INFO] ApiDbMcu:532 - Load IP Config File for USB_DEVICE
2026-07-27 01:12:42,242 [INFO] ApiDbMcu:532 - Load IP Config File for USB_HOST
2026-07-27 01:12:42,638 [INFO] LogOutputStream:77 - [STDOUT_REDIRECT] 
2026-07-27 01:12:43,275 [INFO] ProjectBuilder:5496 - Time for Generating toolchain IDE Files: 1166mS.
2026-07-27 01:12:43,276 [INFO] ProjectBuilder:3463 - Time for Copy CMSIS : 0mS.
2026-07-27 01:12:43,276 [INFO] ProjectBuilder:3463 - Time for Copy CMSIS : 0mS.
2026-07-27 01:12:57,822 [ERROR] LogOutputStream:75 - [STDERR_REDIRECT] Jul 27, 2026 1:12:57 AM java.util.prefs.FileSystemPreferences checkLockFile0ErrorCode
2026-07-27 01:12:57,822 [ERROR] LogOutputStream:75 - [STDERR_REDIRECT] WARNING: Could not lock System prefs. Unix error code 2.
2026-07-27 01:12:57,822 [ERROR] LogOutputStream:75 - [STDERR_REDIRECT] 
2026-07-27 01:12:57,823 [ERROR] LogOutputStream:75 - [STDERR_REDIRECT] Jul 27, 2026 1:12:57 AM java.util.prefs.FileSystemPreferences syncWorld
2026-07-27 01:12:57,823 [ERROR] LogOutputStream:75 - [STDERR_REDIRECT] WARNING: Couldn't flush system prefs: java.util.prefs.BackingStoreException: Couldn't get file lock.
2026-07-27 01:12:57,823 [ERROR] LogOutputStream:75 - [STDERR_REDIRECT] 
2026-07-27 01:13:27,818 [ERROR] LogOutputStream:75 - [STDERR_REDIRECT] Jul 27, 2026 1:13:27 AM java.util.prefs.FileSystemPreferences checkLockFile0ErrorCode
2026-07-27 01:13:27,818 [ERROR] LogOutputStream:75 - [STDERR_REDIRECT] WARNING: Could not lock System prefs. Unix error code 2.
2026-07-27 01:13:27,818 [ERROR] LogOutputStream:75 - [STDERR_REDIRECT] 
2026-07-27 01:13:27,818 [ERROR] LogOutputStream:75 - [STDERR_REDIRECT] Jul 27, 2026 1:13:27 AM java.util.prefs.FileSystemPreferences syncWorld
2026-07-27 01:13:27,819 [ERROR] LogOutputStream:75 - [STDERR_REDIRECT] WARNING: Couldn't flush system prefs: java.util.prefs.BackingStoreException: Couldn't get file lock.
2026-07-27 01:13:27,819 [ERROR] LogOutputStream:75 - [STDERR_REDIRECT] 
2026-07-27 01:13:57,818 [ERROR] LogOutputStream:75 - [STDERR_REDIRECT] Jul 27, 2026 1:13:57 AM java.util.prefs.FileSystemPreferences checkLockFile0ErrorCode
2026-07-27 01:13:57,818 [ERROR] LogOutputStream:75 - [STDERR_REDIRECT] WARNING: Could not lock System prefs. Unix error code 2.
2026-07-27 01:13:57,818 [ERROR] LogOutputStream:75 - [STDERR_REDIRECT] 
2026-07-27 01:13:57,819 [ERROR] LogOutputStream:75 - [STDERR_REDIRECT] Jul 27, 2026 1:13:57 AM java.util.prefs.FileSystemPreferences syncWorld
2026-07-27 01:13:57,819 [ERROR] LogOutputStream:75 - [STDERR_REDIRECT] WARNING: Couldn't flush system prefs: java.util.prefs.BackingStoreException: Couldn't get file lock.
2026-07-27 01:13:57,819 [ERROR] LogOutputStream:75 - [STDERR_REDIRECT] 
2026-07-27 01:14:27,817 [ERROR] LogOutputStream:75 - [STDERR_REDIRECT] Jul 27, 2026 1:14:27 AM java.util.prefs.FileSystemPreferences checkLockFile0ErrorCode
2026-07-27 01:14:27,817 [ERROR] LogOutputStream:75 - [STDERR_REDIRECT] WARNING: Could not lock System prefs. Unix error code 2.
2026-07-27 01:14:27,817 [ERROR] LogOutputStream:75 - [STDERR_REDIRECT] 
2026-07-27 01:14:27,817 [ERROR] LogOutputStream:75 - [STDERR_REDIRECT] Jul 27, 2026 1:14:27 AM java.util.prefs.FileSystemPreferences syncWorld
2026-07-27 01:14:27,818 [ERROR] LogOutputStream:75 - [STDERR_REDIRECT] WARNING: Couldn't flush system prefs: java.util.prefs.BackingStoreException: Couldn't get file lock.
2026-07-27 01:14:27,818 [ERROR] LogOutputStream:75 - [STDERR_REDIRECT] 
2026-07-27 01:14:57,817 [ERROR] LogOutputStream:75 - [STDERR_REDIRECT] Jul 27, 2026 1:14:57 AM java.util.prefs.FileSystemPreferences checkLockFile0ErrorCode
2026-07-27 01:14:57,818 [ERROR] LogOutputStream:75 - [STDERR_REDIRECT] WARNING: Could not lock System prefs. Unix error code 2.
2026-07-27 01:14:57,818 [ERROR] LogOutputStream:75 - [STDERR_REDIRECT] 
2026-07-27 01:14:57,818 [ERROR] LogOutputStream:75 - [STDERR_REDIRECT] Jul 27, 2026 1:14:57 AM java.util.prefs.FileSystemPreferences syncWorld
2026-07-27 01:14:57,819 [ERROR] LogOutputStream:75 - [STDERR_REDIRECT] WARNING: Couldn't flush system prefs: java.util.prefs.BackingStoreException: Couldn't get file lock.
2026-07-27 01:14:57,819 [ERROR] LogOutputStream:75 - [STDERR_REDIRECT] 
2026-07-27 01:15:27,818 [ERROR] LogOutputStream:75 - [STDERR_REDIRECT] Jul 27, 2026 1:15:27 AM java.util.prefs.FileSystemPreferences checkLockFile0ErrorCode
2026-07-27 01:15:27,818 [ERROR] LogOutputStream:75 - [STDERR_REDIRECT] WARNING: Could not lock System prefs. Unix error code 2.
2026-07-27 01:15:27,818 [ERROR] LogOutputStream:75 - [STDERR_REDIRECT] 
2026-07-27 01:15:27,818 [ERROR] LogOutputStream:75 - [STDERR_REDIRECT] Jul 27, 2026 1:15:27 AM java.util.prefs.FileSystemPreferences syncWorld
2026-07-27 01:15:27,819 [ERROR] LogOutputStream:75 - [STDERR_REDIRECT] WARNING: Couldn't flush system prefs: java.util.prefs.BackingStoreException: Couldn't get file lock.
2026-07-27 01:15:27,819 [ERROR] LogOutputStream:75 - [STDERR_REDIRECT] 
2026-07-27 01:15:57,817 [ERROR] LogOutputStream:75 - [STDERR_REDIRECT] Jul 27, 2026 1:15:57 AM java.util.prefs.FileSystemPreferences checkLockFile0ErrorCode
2026-07-27 01:15:57,818 [ERROR] LogOutputStream:75 - [STDERR_REDIRECT] WARNING: Could not lock System prefs. Unix error code 2.
2026-07-27 01:15:57,818 [ERROR] LogOutputStream:75 - [STDERR_REDIRECT] 
2026-07-27 01:15:57,819 [ERROR] LogOutputStream:75 - [STDERR_REDIRECT] Jul 27, 2026 1:15:57 AM java.util.prefs.FileSystemPreferences syncWorld
2026-07-27 01:15:57,819 [ERROR] LogOutputStream:75 - [STDERR_REDIRECT] WARNING: Couldn't flush system prefs: java.util.prefs.BackingStoreException: Couldn't get file lock.
2026-07-27 01:15:57,819 [ERROR] LogOutputStream:75 - [STDERR_REDIRECT] 
2026-07-27 01:16:27,818 [ERROR] LogOutputStream:75 - [STDERR_REDIRECT] Jul 27, 2026 1:16:27 AM java.util.prefs.FileSystemPreferences checkLockFile0ErrorCode
2026-07-27 01:16:27,819 [ERROR] LogOutputStream:75 - [STDERR_REDIRECT] WARNING: Could not lock System prefs. Unix error code 2.
2026-07-27 01:16:27,819 [ERROR] LogOutputStream:75 - [STDERR_REDIRECT] 
2026-07-27 01:16:27,819 [ERROR] LogOutputStream:75 - [STDERR_REDIRECT] Jul 27, 2026 1:16:27 AM java.util.prefs.FileSystemPreferences syncWorld
2026-07-27 01:16:27,820 [ERROR] LogOutputStream:75 - [STDERR_REDIRECT] WARNING: Couldn't flush system prefs: java.util.prefs.BackingStoreException: Couldn't get file lock.
2026-07-27 01:16:27,820 [ERROR] LogOutputStream:75 - [STDERR_REDIRECT] 
2026-07-27 01:16:57,818 [ERROR] LogOutputStream:75 - [STDERR_REDIRECT] Jul 27, 2026 1:16:57 AM java.util.prefs.FileSystemPreferences checkLockFile0ErrorCode
2026-07-27 01:16:57,818 [ERROR] LogOutputStream:75 - [STDERR_REDIRECT] WARNING: Could not lock System prefs. Unix error code 2.
2026-07-27 01:16:57,819 [ERROR] LogOutputStream:75 - [STDERR_REDIRECT] 
2026-07-27 01:16:57,819 [ERROR] LogOutputStream:75 - [STDERR_REDIRECT] Jul 27, 2026 1:16:57 AM java.util.prefs.FileSystemPreferences syncWorld
2026-07-27 01:16:57,819 [ERROR] LogOutputStream:75 - [STDERR_REDIRECT] WARNING: Couldn't flush system prefs: java.util.prefs.BackingStoreException: Couldn't get file lock.
2026-07-27 01:16:57,820 [ERROR] LogOutputStream:75 - [STDERR_REDIRECT] 
2026-07-27 01:17:27,818 [ERROR] LogOutputStream:75 - [STDERR_REDIRECT] Jul 27, 2026 1:17:27 AM java.util.prefs.FileSystemPreferences checkLockFile0ErrorCode
2026-07-27 01:17:27,818 [ERROR] LogOutputStream:75 - [STDERR_REDIRECT] WARNING: Could not lock System prefs. Unix error code 2.
2026-07-27 01:17:27,818 [ERROR] LogOutputStream:75 - [STDERR_REDIRECT] 
2026-07-27 01:17:27,819 [ERROR] LogOutputStream:75 - [STDERR_REDIRECT] Jul 27, 2026 1:17:27 AM java.util.prefs.FileSystemPreferences syncWorld
2026-07-27 01:17:27,819 [ERROR] LogOutputStream:75 - [STDERR_REDIRECT] WARNING: Couldn't flush system prefs: java.util.prefs.BackingStoreException: Couldn't get file lock.
2026-07-27 01:17:27,819 [ERROR] LogOutputStream:75 - [STDERR_REDIRECT] 
2026-07-27 01:17:57,818 [ERROR] LogOutputStream:75 - [STDERR_REDIRECT] Jul 27, 2026 1:17:57 AM java.util.prefs.FileSystemPreferences checkLockFile0ErrorCode
2026-07-27 01:17:57,818 [ERROR] LogOutputStream:75 - [STDERR_REDIRECT] WARNING: Could not lock System prefs. Unix error code 2.
2026-07-27 01:17:57,818 [ERROR] LogOutputStream:75 - [STDERR_REDIRECT] 
2026-07-27 01:17:57,818 [ERROR] LogOutputStream:75 - [STDERR_REDIRECT] Jul 27, 2026 1:17:57 AM java.util.prefs.FileSystemPreferences syncWorld
2026-07-27 01:17:57,818 [ERROR] LogOutputStream:75 - [STDERR_REDIRECT] WARNING: Couldn't flush system prefs: java.util.prefs.BackingStoreException: Couldn't get file lock.
2026-07-27 01:17:57,819 [ERROR] LogOutputStream:75 - [STDERR_REDIRECT] 
2026-07-27 01:18:27,818 [ERROR] LogOutputStream:75 - [STDERR_REDIRECT] Jul 27, 2026 1:18:27 AM java.util.prefs.FileSystemPreferences checkLockFile0ErrorCode
2026-07-27 01:18:27,818 [ERROR] LogOutputStream:75 - [STDERR_REDIRECT] WARNING: Could not lock System prefs. Unix error code 2.
2026-07-27 01:18:27,818 [ERROR] LogOutputStream:75 - [STDERR_REDIRECT] 
2026-07-27 01:18:27,818 [ERROR] LogOutputStream:75 - [STDERR_REDIRECT] Jul 27, 2026 1:18:27 AM java.util.prefs.FileSystemPreferences syncWorld
2026-07-27 01:18:27,819 [ERROR] LogOutputStream:75 - [STDERR_REDIRECT] WARNING: Couldn't flush system prefs: java.util.prefs.BackingStoreException: Couldn't get file lock.
2026-07-27 01:18:27,819 [ERROR] LogOutputStream:75 - [STDERR_REDIRECT] 
2026-07-27 01:18:57,818 [ERROR] LogOutputStream:75 - [STDERR_REDIRECT] Jul 27, 2026 1:18:57 AM java.util.prefs.FileSystemPreferences checkLockFile0ErrorCode
2026-07-27 01:18:57,818 [ERROR] LogOutputStream:75 - [STDERR_REDIRECT] WARNING: Could not lock System prefs. Unix error code 2.
2026-07-27 01:18:57,818 [ERROR] LogOutputStream:75 - [STDERR_REDIRECT] 
2026-07-27 01:18:57,818 [ERROR] LogOutputStream:75 - [STDERR_REDIRECT] Jul 27, 2026 1:18:57 AM java.util.prefs.FileSystemPreferences syncWorld
2026-07-27 01:18:57,818 [ERROR] LogOutputStream:75 - [STDERR_REDIRECT] WARNING: Couldn't flush system prefs: java.util.prefs.BackingStoreException: Couldn't get file lock.
2026-07-27 01:18:57,818 [ERROR] LogOutputStream:75 - [STDERR_REDIRECT] 
2026-07-27 01:19:27,818 [ERROR] LogOutputStream:75 - [STDERR_REDIRECT] Jul 27, 2026 1:19:27 AM java.util.prefs.FileSystemPreferences checkLockFile0ErrorCode
2026-07-27 01:19:27,818 [ERROR] LogOutputStream:75 - [STDERR_REDIRECT] WARNING: Could not lock System prefs. Unix error code 2.
2026-07-27 01:19:27,818 [ERROR] LogOutputStream:75 - [STDERR_REDIRECT] 
2026-07-27 01:19:27,818 [ERROR] LogOutputStream:75 - [STDERR_REDIRECT] Jul 27, 2026 1:19:27 AM java.util.prefs.FileSystemPreferences syncWorld
2026-07-27 01:19:27,818 [ERROR] LogOutputStream:75 - [STDERR_REDIRECT] WARNING: Couldn't flush system prefs: java.util.prefs.BackingStoreException: Couldn't get file lock.
2026-07-27 01:19:27,818 [ERROR] LogOutputStream:75 - [STDERR_REDIRECT] 
2026-07-27 01:19:57,819 [ERROR] LogOutputStream:75 - [STDERR_REDIRECT] Jul 27, 2026 1:19:57 AM java.util.prefs.FileSystemPreferences checkLockFile0ErrorCode
2026-07-27 01:19:57,819 [ERROR] LogOutputStream:75 - [STDERR_REDIRECT] WARNING: Could not lock System prefs. Unix error code 2.
2026-07-27 01:19:57,819 [ERROR] LogOutputStream:75 - [STDERR_REDIRECT] 
2026-07-27 01:19:57,820 [ERROR] LogOutputStream:75 - [STDERR_REDIRECT] Jul 27, 2026 1:19:57 AM java.util.prefs.FileSystemPreferences syncWorld
2026-07-27 01:19:57,820 [ERROR] LogOutputStream:75 - [STDERR_REDIRECT] WARNING: Couldn't flush system prefs: java.util.prefs.BackingStoreException: Couldn't get file lock.
2026-07-27 01:19:57,820 [ERROR] LogOutputStream:75 - [STDERR_REDIRECT] 
2026-07-27 01:20:27,820 [ERROR] LogOutputStream:75 - [STDERR_REDIRECT] Jul 27, 2026 1:20:27 AM java.util.prefs.FileSystemPreferences checkLockFile0ErrorCode
2026-07-27 01:20:27,820 [ERROR] LogOutputStream:75 - [STDERR_REDIRECT] WARNING: Could not lock System prefs. Unix error code 2.
2026-07-27 01:20:27,820 [ERROR] LogOutputStream:75 - [STDERR_REDIRECT] 
2026-07-27 01:20:27,820 [ERROR] LogOutputStream:75 - [STDERR_REDIRECT] Jul 27, 2026 1:20:27 AM java.util.prefs.FileSystemPreferences syncWorld
2026-07-27 01:20:27,820 [ERROR] LogOutputStream:75 - [STDERR_REDIRECT] WARNING: Couldn't flush system prefs: java.util.prefs.BackingStoreException: Couldn't get file lock.
2026-07-27 01:20:27,821 [ERROR] LogOutputStream:75 - [STDERR_REDIRECT] 
2026-07-27 01:20:57,819 [ERROR] LogOutputStream:75 - [STDERR_REDIRECT] Jul 27, 2026 1:20:57 AM java.util.prefs.FileSystemPreferences checkLockFile0ErrorCode
2026-07-27 01:20:57,819 [ERROR] LogOutputStream:75 - [STDERR_REDIRECT] WARNING: Could not lock System prefs. Unix error code 2.
2026-07-27 01:20:57,819 [ERROR] LogOutputStream:75 - [STDERR_REDIRECT] 
2026-07-27 01:20:57,820 [ERROR] LogOutputStream:75 - [STDERR_REDIRECT] Jul 27, 2026 1:20:57 AM java.util.prefs.FileSystemPreferences syncWorld
2026-07-27 01:20:57,820 [ERROR] LogOutputStream:75 - [STDERR_REDIRECT] WARNING: Couldn't flush system prefs: java.util.prefs.BackingStoreException: Couldn't get file lock.
2026-07-27 01:20:57,820 [ERROR] LogOutputStream:75 - [STDERR_REDIRECT] 
2026-07-27 01:21:27,820 [ERROR] LogOutputStream:75 - [STDERR_REDIRECT] Jul 27, 2026 1:21:27 AM java.util.prefs.FileSystemPreferences checkLockFile0ErrorCode
2026-07-27 01:21:27,820 [ERROR] LogOutputStream:75 - [STDERR_REDIRECT] WARNING: Could not lock System prefs. Unix error code 2.
2026-07-27 01:21:27,820 [ERROR] LogOutputStream:75 - [STDERR_REDIRECT] 
2026-07-27 01:21:27,821 [ERROR] LogOutputStream:75 - [STDERR_REDIRECT] Jul 27, 2026 1:21:27 AM java.util.prefs.FileSystemPreferences syncWorld
2026-07-27 01:21:27,821 [ERROR] LogOutputStream:75 - [STDERR_REDIRECT] WARNING: Couldn't flush system prefs: java.util.prefs.BackingStoreException: Couldn't get file lock.
2026-07-27 01:21:27,821 [ERROR] LogOutputStream:75 - [STDERR_REDIRECT] 
2026-07-27 01:21:57,820 [ERROR] LogOutputStream:75 - [STDERR_REDIRECT] Jul 27, 2026 1:21:57 AM java.util.prefs.FileSystemPreferences checkLockFile0ErrorCode
2026-07-27 01:21:57,820 [ERROR] LogOutputStream:75 - [STDERR_REDIRECT] WARNING: Could not lock System prefs. Unix error code 2.
2026-07-27 01:21:57,820 [ERROR] LogOutputStream:75 - [STDERR_REDIRECT] 
2026-07-27 01:21:57,820 [ERROR] LogOutputStream:75 - [STDERR_REDIRECT] Jul 27, 2026 1:21:57 AM java.util.prefs.FileSystemPreferences syncWorld
2026-07-27 01:21:57,820 [ERROR] LogOutputStream:75 - [STDERR_REDIRECT] WARNING: Couldn't flush system prefs: java.util.prefs.BackingStoreException: Couldn't get file lock.
2026-07-27 01:21:57,820 [ERROR] LogOutputStream:75 - [STDERR_REDIRECT] 
2026-07-27 01:22:27,820 [ERROR] LogOutputStream:75 - [STDERR_REDIRECT] Jul 27, 2026 1:22:27 AM java.util.prefs.FileSystemPreferences checkLockFile0ErrorCode
2026-07-27 01:22:27,821 [ERROR] LogOutputStream:75 - [STDERR_REDIRECT] WARNING: Could not lock System prefs. Unix error code 2.
2026-07-27 01:22:27,821 [ERROR] LogOutputStream:75 - [STDERR_REDIRECT] 
2026-07-27 01:22:27,821 [ERROR] LogOutputStream:75 - [STDERR_REDIRECT] Jul 27, 2026 1:22:27 AM java.util.prefs.FileSystemPreferences syncWorld
2026-07-27 01:22:27,821 [ERROR] LogOutputStream:75 - [STDERR_REDIRECT] WARNING: Couldn't flush system prefs: java.util.prefs.BackingStoreException: Couldn't get file lock.
2026-07-27 01:22:27,821 [ERROR] LogOutputStream:75 - [STDERR_REDIRECT] 
2026-07-27 01:22:57,821 [ERROR] LogOutputStream:75 - [STDERR_REDIRECT] Jul 27, 2026 1:22:57 AM java.util.prefs.FileSystemPreferences checkLockFile0ErrorCode
2026-07-27 01:22:57,821 [ERROR] LogOutputStream:75 - [STDERR_REDIRECT] WARNING: Could not lock System prefs. Unix error code 2.
2026-07-27 01:22:57,821 [ERROR] LogOutputStream:75 - [STDERR_REDIRECT] 
2026-07-27 01:22:57,822 [ERROR] LogOutputStream:75 - [STDERR_REDIRECT] Jul 27, 2026 1:22:57 AM java.util.prefs.FileSystemPreferences syncWorld
2026-07-27 01:22:57,822 [ERROR] LogOutputStream:75 - [STDERR_REDIRECT] WARNING: Couldn't flush system prefs: java.util.prefs.BackingStoreException: Couldn't get file lock.
2026-07-27 01:22:57,822 [ERROR] LogOutputStream:75 - [STDERR_REDIRECT] 
2026-07-27 01:23:27,822 [ERROR] LogOutputStream:75 - [STDERR_REDIRECT] Jul 27, 2026 1:23:27 AM java.util.prefs.FileSystemPreferences checkLockFile0ErrorCode
2026-07-27 01:23:27,822 [ERROR] LogOutputStream:75 - [STDERR_REDIRECT] WARNING: Could not lock System prefs. Unix error code 2.
2026-07-27 01:23:27,823 [ERROR] LogOutputStream:75 - [STDERR_REDIRECT] 
2026-07-27 01:23:27,823 [ERROR] LogOutputStream:75 - [STDERR_REDIRECT] Jul 27, 2026 1:23:27 AM java.util.prefs.FileSystemPreferences syncWorld
2026-07-27 01:23:27,823 [ERROR] LogOutputStream:75 - [STDERR_REDIRECT] WARNING: Couldn't flush system prefs: java.util.prefs.BackingStoreException: Couldn't get file lock.
2026-07-27 01:23:27,823 [ERROR] LogOutputStream:75 - [STDERR_REDIRECT] 
2026-07-27 01:23:57,822 [ERROR] LogOutputStream:75 - [STDERR_REDIRECT] Jul 27, 2026 1:23:57 AM java.util.prefs.FileSystemPreferences checkLockFile0ErrorCode
2026-07-27 01:23:57,822 [ERROR] LogOutputStream:75 - [STDERR_REDIRECT] WARNING: Could not lock System prefs. Unix error code 2.
2026-07-27 01:23:57,822 [ERROR] LogOutputStream:75 - [STDERR_REDIRECT] 
2026-07-27 01:23:57,823 [ERROR] LogOutputStream:75 - [STDERR_REDIRECT] Jul 27, 2026 1:23:57 AM java.util.prefs.FileSystemPreferences syncWorld
2026-07-27 01:23:57,823 [ERROR] LogOutputStream:75 - [STDERR_REDIRECT] WARNING: Couldn't flush system prefs: java.util.prefs.BackingStoreException: Couldn't get file lock.
2026-07-27 01:23:57,823 [ERROR] LogOutputStream:75 - [STDERR_REDIRECT] 
2026-07-27 01:24:27,822 [ERROR] LogOutputStream:75 - [STDERR_REDIRECT] Jul 27, 2026 1:24:27 AM java.util.prefs.FileSystemPreferences checkLockFile0ErrorCode
2026-07-27 01:24:27,822 [ERROR] LogOutputStream:75 - [STDERR_REDIRECT] WARNING: Could not lock System prefs. Unix error code 2.
2026-07-27 01:24:27,822 [ERROR] LogOutputStream:75 - [STDERR_REDIRECT] 
2026-07-27 01:24:27,822 [ERROR] LogOutputStream:75 - [STDERR_REDIRECT] Jul 27, 2026 1:24:27 AM java.util.prefs.FileSystemPreferences syncWorld
2026-07-27 01:24:27,823 [ERROR] LogOutputStream:75 - [STDERR_REDIRECT] WARNING: Couldn't flush system prefs: java.util.prefs.BackingStoreException: Couldn't get file lock.
2026-07-27 01:24:27,823 [ERROR] LogOutputStream:75 - [STDERR_REDIRECT] 
2026-07-27 01:24:57,822 [ERROR] LogOutputStream:75 - [STDERR_REDIRECT] Jul 27, 2026 1:24:57 AM java.util.prefs.FileSystemPreferences checkLockFile0ErrorCode
2026-07-27 01:24:57,822 [ERROR] LogOutputStream:75 - [STDERR_REDIRECT] WARNING: Could not lock System prefs. Unix error code 2.
2026-07-27 01:24:57,822 [ERROR] LogOutputStream:75 - [STDERR_REDIRECT] 
2026-07-27 01:24:57,823 [ERROR] LogOutputStream:75 - [STDERR_REDIRECT] Jul 27, 2026 1:24:57 AM java.util.prefs.FileSystemPreferences syncWorld
2026-07-27 01:24:57,823 [ERROR] LogOutputStream:75 - [STDERR_REDIRECT] WARNING: Couldn't flush system prefs: java.util.prefs.BackingStoreException: Couldn't get file lock.
2026-07-27 01:24:57,823 [ERROR] LogOutputStream:75 - [STDERR_REDIRECT] 
2026-07-27 01:25:27,822 [ERROR] LogOutputStream:75 - [STDERR_REDIRECT] Jul 27, 2026 1:25:27 AM java.util.prefs.FileSystemPreferences checkLockFile0ErrorCode
2026-07-27 01:25:27,822 [ERROR] LogOutputStream:75 - [STDERR_REDIRECT] WARNING: Could not lock System prefs. Unix error code 2.
2026-07-27 01:25:27,822 [ERROR] LogOutputStream:75 - [STDERR_REDIRECT] 
2026-07-27 01:25:27,823 [ERROR] LogOutputStream:75 - [STDERR_REDIRECT] Jul 27, 2026 1:25:27 AM java.util.prefs.FileSystemPreferences syncWorld
2026-07-27 01:25:27,823 [ERROR] LogOutputStream:75 - [STDERR_REDIRECT] WARNING: Couldn't flush system prefs: java.util.prefs.BackingStoreException: Couldn't get file lock.
2026-07-27 01:25:27,823 [ERROR] LogOutputStream:75 - [STDERR_REDIRECT] 
2026-07-27 01:25:57,823 [ERROR] LogOutputStream:75 - [STDERR_REDIRECT] Jul 27, 2026 1:25:57 AM java.util.prefs.FileSystemPreferences checkLockFile0ErrorCode
2026-07-27 01:25:57,823 [ERROR] LogOutputStream:75 - [STDERR_REDIRECT] WARNING: Could not lock System prefs. Unix error code 2.
2026-07-27 01:25:57,823 [ERROR] LogOutputStream:75 - [STDERR_REDIRECT] 
2026-07-27 01:25:57,824 [ERROR] LogOutputStream:75 - [STDERR_REDIRECT] Jul 27, 2026 1:25:57 AM java.util.prefs.FileSystemPreferences syncWorld
2026-07-27 01:25:57,824 [ERROR] LogOutputStream:75 - [STDERR_REDIRECT] WARNING: Couldn't flush system prefs: java.util.prefs.BackingStoreException: Couldn't get file lock.
2026-07-27 01:25:57,824 [ERROR] LogOutputStream:75 - [STDERR_REDIRECT] 
2026-07-27 01:26:27,822 [ERROR] LogOutputStream:75 - [STDERR_REDIRECT] Jul 27, 2026 1:26:27 AM java.util.prefs.FileSystemPreferences checkLockFile0ErrorCode
2026-07-27 01:26:27,822 [ERROR] LogOutputStream:75 - [STDERR_REDIRECT] WARNING: Could not lock System prefs. Unix error code 2.
2026-07-27 01:26:27,822 [ERROR] LogOutputStream:75 - [STDERR_REDIRECT] 
2026-07-27 01:26:27,823 [ERROR] LogOutputStream:75 - [STDERR_REDIRECT] Jul 27, 2026 1:26:27 AM java.util.prefs.FileSystemPreferences syncWorld
2026-07-27 01:26:27,823 [ERROR] LogOutputStream:75 - [STDERR_REDIRECT] WARNING: Couldn't flush system prefs: java.util.prefs.BackingStoreException: Couldn't get file lock.
2026-07-27 01:26:27,823 [ERROR] LogOutputStream:75 - [STDERR_REDIRECT] 
2026-07-27 01:26:57,822 [ERROR] LogOutputStream:75 - [STDERR_REDIRECT] Jul 27, 2026 1:26:57 AM java.util.prefs.FileSystemPreferences checkLockFile0ErrorCode
2026-07-27 01:26:57,823 [ERROR] LogOutputStream:75 - [STDERR_REDIRECT] WARNING: Could not lock System prefs. Unix error code 2.
2026-07-27 01:26:57,823 [ERROR] LogOutputStream:75 - [STDERR_REDIRECT] 
2026-07-27 01:26:57,823 [ERROR] LogOutputStream:75 - [STDERR_REDIRECT] Jul 27, 2026 1:26:57 AM java.util.prefs.FileSystemPreferences syncWorld
2026-07-27 01:26:57,823 [ERROR] LogOutputStream:75 - [STDERR_REDIRECT] WARNING: Couldn't flush system prefs: java.util.prefs.BackingStoreException: Couldn't get file lock.
2026-07-27 01:26:57,824 [ERROR] LogOutputStream:75 - [STDERR_REDIRECT] 
2026-07-27 01:27:27,821 [ERROR] LogOutputStream:75 - [STDERR_REDIRECT] Jul 27, 2026 1:27:27 AM java.util.prefs.FileSystemPreferences checkLockFile0ErrorCode
2026-07-27 01:27:27,821 [ERROR] LogOutputStream:75 - [STDERR_REDIRECT] WARNING: Could not lock System prefs. Unix error code 2.
2026-07-27 01:27:27,822 [ERROR] LogOutputStream:75 - [STDERR_REDIRECT] 
2026-07-27 01:27:27,822 [ERROR] LogOutputStream:75 - [STDERR_REDIRECT] Jul 27, 2026 1:27:27 AM java.util.prefs.FileSystemPreferences syncWorld
2026-07-27 01:27:27,822 [ERROR] LogOutputStream:75 - [STDERR_REDIRECT] WARNING: Couldn't flush system prefs: java.util.prefs.BackingStoreException: Couldn't get file lock.
2026-07-27 01:27:27,822 [ERROR] LogOutputStream:75 - [STDERR_REDIRECT] 
2026-07-27 01:27:57,821 [ERROR] LogOutputStream:75 - [STDERR_REDIRECT] Jul 27, 2026 1:27:57 AM java.util.prefs.FileSystemPreferences checkLockFile0ErrorCode
2026-07-27 01:27:57,822 [ERROR] LogOutputStream:75 - [STDERR_REDIRECT] WARNING: Could not lock System prefs. Unix error code 2.
2026-07-27 01:27:57,822 [ERROR] LogOutputStream:75 - [STDERR_REDIRECT] 
2026-07-27 01:27:57,822 [ERROR] LogOutputStream:75 - [STDERR_REDIRECT] Jul 27, 2026 1:27:57 AM java.util.prefs.FileSystemPreferences syncWorld
2026-07-27 01:27:57,822 [ERROR] LogOutputStream:75 - [STDERR_REDIRECT] WARNING: Couldn't flush system prefs: java.util.prefs.BackingStoreException: Couldn't get file lock.
2026-07-27 01:27:57,822 [ERROR] LogOutputStream:75 - [STDERR_REDIRECT] 
2026-07-27 01:28:27,822 [ERROR] LogOutputStream:75 - [STDERR_REDIRECT] Jul 27, 2026 1:28:27 AM java.util.prefs.FileSystemPreferences checkLockFile0ErrorCode
2026-07-27 01:28:27,822 [ERROR] LogOutputStream:75 - [STDERR_REDIRECT] WARNING: Could not lock System prefs. Unix error code 2.
2026-07-27 01:28:27,822 [ERROR] LogOutputStream:75 - [STDERR_REDIRECT] 
2026-07-27 01:28:27,822 [ERROR] LogOutputStream:75 - [STDERR_REDIRECT] Jul 27, 2026 1:28:27 AM java.util.prefs.FileSystemPreferences syncWorld
2026-07-27 01:28:27,822 [ERROR] LogOutputStream:75 - [STDERR_REDIRECT] WARNING: Couldn't flush system prefs: java.util.prefs.BackingStoreException: Couldn't get file lock.
2026-07-27 01:28:27,823 [ERROR] LogOutputStream:75 - [STDERR_REDIRECT] 
2026-07-27 01:28:57,823 [ERROR] LogOutputStream:75 - [STDERR_REDIRECT] Jul 27, 2026 1:28:57 AM java.util.prefs.FileSystemPreferences checkLockFile0ErrorCode
2026-07-27 01:28:57,823 [ERROR] LogOutputStream:75 - [STDERR_REDIRECT] WARNING: Could not lock System prefs. Unix error code 2.
2026-07-27 01:28:57,823 [ERROR] LogOutputStream:75 - [STDERR_REDIRECT] 
2026-07-27 01:28:57,824 [ERROR] LogOutputStream:75 - [STDERR_REDIRECT] Jul 27, 2026 1:28:57 AM java.util.prefs.FileSystemPreferences syncWorld
2026-07-27 01:28:57,824 [ERROR] LogOutputStream:75 - [STDERR_REDIRECT] WARNING: Couldn't flush system prefs: java.util.prefs.BackingStoreException: Couldn't get file lock.
2026-07-27 01:28:57,824 [ERROR] LogOutputStream:75 - [STDERR_REDIRECT] 
2026-07-27 01:29:27,823 [ERROR] LogOutputStream:75 - [STDERR_REDIRECT] Jul 27, 2026 1:29:27 AM java.util.prefs.FileSystemPreferences checkLockFile0ErrorCode
2026-07-27 01:29:27,824 [ERROR] LogOutputStream:75 - [STDERR_REDIRECT] WARNING: Could not lock System prefs. Unix error code 2.
2026-07-27 01:29:27,824 [ERROR] LogOutputStream:75 - [STDERR_REDIRECT] 
2026-07-27 01:29:27,824 [ERROR] LogOutputStream:75 - [STDERR_REDIRECT] Jul 27, 2026 1:29:27 AM java.util.prefs.FileSystemPreferences syncWorld
2026-07-27 01:29:27,824 [ERROR] LogOutputStream:75 - [STDERR_REDIRECT] WARNING: Couldn't flush system prefs: java.util.prefs.BackingStoreException: Couldn't get file lock.
2026-07-27 01:29:27,824 [ERROR] LogOutputStream:75 - [STDERR_REDIRECT] 
2026-07-27 01:29:57,824 [ERROR] LogOutputStream:75 - [STDERR_REDIRECT] Jul 27, 2026 1:29:57 AM java.util.prefs.FileSystemPreferences checkLockFile0ErrorCode
2026-07-27 01:29:57,824 [ERROR] LogOutputStream:75 - [STDERR_REDIRECT] WARNING: Could not lock System prefs. Unix error code 2.
2026-07-27 01:29:57,824 [ERROR] LogOutputStream:75 - [STDERR_REDIRECT] 
2026-07-27 01:29:57,824 [ERROR] LogOutputStream:75 - [STDERR_REDIRECT] Jul 27, 2026 1:29:57 AM java.util.prefs.FileSystemPreferences syncWorld
2026-07-27 01:29:57,824 [ERROR] LogOutputStream:75 - [STDERR_REDIRECT] WARNING: Couldn't flush system prefs: java.util.prefs.BackingStoreException: Couldn't get file lock.
2026-07-27 01:29:57,824 [ERROR] LogOutputStream:75 - [STDERR_REDIRECT] 
2026-07-27 01:30:27,825 [ERROR] LogOutputStream:75 - [STDERR_REDIRECT] Jul 27, 2026 1:30:27 AM java.util.prefs.FileSystemPreferences checkLockFile0ErrorCode
2026-07-27 01:30:27,825 [ERROR] LogOutputStream:75 - [STDERR_REDIRECT] WARNING: Could not lock System prefs. Unix error code 2.
2026-07-27 01:30:27,825 [ERROR] LogOutputStream:75 - [STDERR_REDIRECT] 
2026-07-27 01:30:27,825 [ERROR] LogOutputStream:75 - [STDERR_REDIRECT] Jul 27, 2026 1:30:27 AM java.util.prefs.FileSystemPreferences syncWorld
2026-07-27 01:30:27,826 [ERROR] LogOutputStream:75 - [STDERR_REDIRECT] WARNING: Couldn't flush system prefs: java.util.prefs.BackingStoreException: Couldn't get file lock.
2026-07-27 01:30:27,826 [ERROR] LogOutputStream:75 - [STDERR_REDIRECT] 
2026-07-27 01:30:57,824 [ERROR] LogOutputStream:75 - [STDERR_REDIRECT] Jul 27, 2026 1:30:57 AM java.util.prefs.FileSystemPreferences checkLockFile0ErrorCode
2026-07-27 01:30:57,825 [ERROR] LogOutputStream:75 - [STDERR_REDIRECT] WARNING: Could not lock System prefs. Unix error code 2.
2026-07-27 01:30:57,825 [ERROR] LogOutputStream:75 - [STDERR_REDIRECT] 
2026-07-27 01:30:57,825 [ERROR] LogOutputStream:75 - [STDERR_REDIRECT] Jul 27, 2026 1:30:57 AM java.util.prefs.FileSystemPreferences syncWorld
2026-07-27 01:30:57,826 [ERROR] LogOutputStream:75 - [STDERR_REDIRECT] WARNING: Couldn't flush system prefs: java.util.prefs.BackingStoreException: Couldn't get file lock.
2026-07-27 01:30:57,826 [ERROR] LogOutputStream:75 - [STDERR_REDIRECT] 
2026-07-27 01:31:27,825 [ERROR] LogOutputStream:75 - [STDERR_REDIRECT] Jul 27, 2026 1:31:27 AM java.util.prefs.FileSystemPreferences checkLockFile0ErrorCode
2026-07-27 01:31:27,825 [ERROR] LogOutputStream:75 - [STDERR_REDIRECT] WARNING: Could not lock System prefs. Unix error code 2.
2026-07-27 01:31:27,826 [ERROR] LogOutputStream:75 - [STDERR_REDIRECT] 
2026-07-27 01:31:27,826 [ERROR] LogOutputStream:75 - [STDERR_REDIRECT] Jul 27, 2026 1:31:27 AM java.util.prefs.FileSystemPreferences syncWorld
2026-07-27 01:31:27,826 [ERROR] LogOutputStream:75 - [STDERR_REDIRECT] WARNING: Couldn't flush system prefs: java.util.prefs.BackingStoreException: Couldn't get file lock.
2026-07-27 01:31:27,826 [ERROR] LogOutputStream:75 - [STDERR_REDIRECT] 
2026-07-27 01:31:57,826 [ERROR] LogOutputStream:75 - [STDERR_REDIRECT] Jul 27, 2026 1:31:57 AM java.util.prefs.FileSystemPreferences checkLockFile0ErrorCode
2026-07-27 01:31:57,826 [ERROR] LogOutputStream:75 - [STDERR_REDIRECT] WARNING: Could not lock System prefs. Unix error code 2.
2026-07-27 01:31:57,826 [ERROR] LogOutputStream:75 - [STDERR_REDIRECT] 
2026-07-27 01:31:57,827 [ERROR] LogOutputStream:75 - [STDERR_REDIRECT] Jul 27, 2026 1:31:57 AM java.util.prefs.FileSystemPreferences syncWorld
2026-07-27 01:31:57,827 [ERROR] LogOutputStream:75 - [STDERR_REDIRECT] WARNING: Couldn't flush system prefs: java.util.prefs.BackingStoreException: Couldn't get file lock.
2026-07-27 01:31:57,827 [ERROR] LogOutputStream:75 - [STDERR_REDIRECT] 
2026-07-27 01:32:27,825 [ERROR] LogOutputStream:75 - [STDERR_REDIRECT] Jul 27, 2026 1:32:27 AM java.util.prefs.FileSystemPreferences checkLockFile0ErrorCode
2026-07-27 01:32:27,826 [ERROR] LogOutputStream:75 - [STDERR_REDIRECT] WARNING: Could not lock System prefs. Unix error code 2.
2026-07-27 01:32:27,826 [ERROR] LogOutputStream:75 - [STDERR_REDIRECT] 
2026-07-27 01:32:27,826 [ERROR] LogOutputStream:75 - [STDERR_REDIRECT] Jul 27, 2026 1:32:27 AM java.util.prefs.FileSystemPreferences syncWorld
2026-07-27 01:32:27,826 [ERROR] LogOutputStream:75 - [STDERR_REDIRECT] WARNING: Couldn't flush system prefs: java.util.prefs.BackingStoreException: Couldn't get file lock.
2026-07-27 01:32:27,826 [ERROR] LogOutputStream:75 - [STDERR_REDIRECT] 
2026-07-27 01:32:57,826 [ERROR] LogOutputStream:75 - [STDERR_REDIRECT] Jul 27, 2026 1:32:57 AM java.util.prefs.FileSystemPreferences checkLockFile0ErrorCode
2026-07-27 01:32:57,826 [ERROR] LogOutputStream:75 - [STDERR_REDIRECT] WARNING: Could not lock System prefs. Unix error code 2.
2026-07-27 01:32:57,826 [ERROR] LogOutputStream:75 - [STDERR_REDIRECT] 
2026-07-27 01:32:57,826 [ERROR] LogOutputStream:75 - [STDERR_REDIRECT] Jul 27, 2026 1:32:57 AM java.util.prefs.FileSystemPreferences syncWorld
2026-07-27 01:32:57,826 [ERROR] LogOutputStream:75 - [STDERR_REDIRECT] WARNING: Couldn't flush system prefs: java.util.prefs.BackingStoreException: Couldn't get file lock.
2026-07-27 01:32:57,826 [ERROR] LogOutputStream:75 - [STDERR_REDIRECT] 
2026-07-27 01:33:27,826 [ERROR] LogOutputStream:75 - [STDERR_REDIRECT] Jul 27, 2026 1:33:27 AM java.util.prefs.FileSystemPreferences checkLockFile0ErrorCode
2026-07-27 01:33:27,827 [ERROR] LogOutputStream:75 - [STDERR_REDIRECT] WARNING: Could not lock System prefs. Unix error code 2.
2026-07-27 01:33:27,827 [ERROR] LogOutputStream:75 - [STDERR_REDIRECT] 
2026-07-27 01:33:27,827 [ERROR] LogOutputStream:75 - [STDERR_REDIRECT] Jul 27, 2026 1:33:27 AM java.util.prefs.FileSystemPreferences syncWorld
2026-07-27 01:33:27,827 [ERROR] LogOutputStream:75 - [STDERR_REDIRECT] WARNING: Couldn't flush system prefs: java.util.prefs.BackingStoreException: Couldn't get file lock.
2026-07-27 01:33:27,827 [ERROR] LogOutputStream:75 - [STDERR_REDIRECT] 
2026-07-27 01:33:57,827 [ERROR] LogOutputStream:75 - [STDERR_REDIRECT] Jul 27, 2026 1:33:57 AM java.util.prefs.FileSystemPreferences checkLockFile0ErrorCode
2026-07-27 01:33:57,828 [ERROR] LogOutputStream:75 - [STDERR_REDIRECT] WARNING: Could not lock System prefs. Unix error code 2.
2026-07-27 01:33:57,828 [ERROR] LogOutputStream:75 - [STDERR_REDIRECT] 
2026-07-27 01:33:57,828 [ERROR] LogOutputStream:75 - [STDERR_REDIRECT] Jul 27, 2026 1:33:57 AM java.util.prefs.FileSystemPreferences syncWorld
2026-07-27 01:33:57,828 [ERROR] LogOutputStream:75 - [STDERR_REDIRECT] WARNING: Couldn't flush system prefs: java.util.prefs.BackingStoreException: Couldn't get file lock.
2026-07-27 01:33:57,828 [ERROR] LogOutputStream:75 - [STDERR_REDIRECT] 
2026-07-27 01:34:27,827 [ERROR] LogOutputStream:75 - [STDERR_REDIRECT] Jul 27, 2026 1:34:27 AM java.util.prefs.FileSystemPreferences checkLockFile0ErrorCode
2026-07-27 01:34:27,827 [ERROR] LogOutputStream:75 - [STDERR_REDIRECT] WARNING: Could not lock System prefs. Unix error code 2.
2026-07-27 01:34:27,827 [ERROR] LogOutputStream:75 - [STDERR_REDIRECT] 
2026-07-27 01:34:27,828 [ERROR] LogOutputStream:75 - [STDERR_REDIRECT] Jul 27, 2026 1:34:27 AM java.util.prefs.FileSystemPreferences syncWorld
2026-07-27 01:34:27,828 [ERROR] LogOutputStream:75 - [STDERR_REDIRECT] WARNING: Couldn't flush system prefs: java.util.prefs.BackingStoreException: Couldn't get file lock.
2026-07-27 01:34:27,828 [ERROR] LogOutputStream:75 - [STDERR_REDIRECT] 
2026-07-27 01:34:57,828 [ERROR] LogOutputStream:75 - [STDERR_REDIRECT] Jul 27, 2026 1:34:57 AM java.util.prefs.FileSystemPreferences checkLockFile0ErrorCode
2026-07-27 01:34:57,829 [ERROR] LogOutputStream:75 - [STDERR_REDIRECT] WARNING: Could not lock System prefs. Unix error code 2.
2026-07-27 01:34:57,829 [ERROR] LogOutputStream:75 - [STDERR_REDIRECT] 
2026-07-27 01:34:57,829 [ERROR] LogOutputStream:75 - [STDERR_REDIRECT] Jul 27, 2026 1:34:57 AM java.util.prefs.FileSystemPreferences syncWorld
2026-07-27 01:34:57,829 [ERROR] LogOutputStream:75 - [STDERR_REDIRECT] WARNING: Couldn't flush system prefs: java.util.prefs.BackingStoreException: Couldn't get file lock.
2026-07-27 01:34:57,830 [ERROR] LogOutputStream:75 - [STDERR_REDIRECT] 
2026-07-27 01:35:27,829 [ERROR] LogOutputStream:75 - [STDERR_REDIRECT] Jul 27, 2026 1:35:27 AM java.util.prefs.FileSystemPreferences checkLockFile0ErrorCode
2026-07-27 01:35:27,829 [ERROR] LogOutputStream:75 - [STDERR_REDIRECT] WARNING: Could not lock System prefs. Unix error code 2.
2026-07-27 01:35:27,829 [ERROR] LogOutputStream:75 - [STDERR_REDIRECT] 
2026-07-27 01:35:27,829 [ERROR] LogOutputStream:75 - [STDERR_REDIRECT] Jul 27, 2026 1:35:27 AM java.util.prefs.FileSystemPreferences syncWorld
2026-07-27 01:35:27,829 [ERROR] LogOutputStream:75 - [STDERR_REDIRECT] WARNING: Couldn't flush system prefs: java.util.prefs.BackingStoreException: Couldn't get file lock.
2026-07-27 01:35:27,829 [ERROR] LogOutputStream:75 - [STDERR_REDIRECT] 
2026-07-27 01:35:57,828 [ERROR] LogOutputStream:75 - [STDERR_REDIRECT] Jul 27, 2026 1:35:57 AM java.util.prefs.FileSystemPreferences checkLockFile0ErrorCode
2026-07-27 01:35:57,828 [ERROR] LogOutputStream:75 - [STDERR_REDIRECT] WARNING: Could not lock System prefs. Unix error code 2.
2026-07-27 01:35:57,828 [ERROR] LogOutputStream:75 - [STDERR_REDIRECT] 
2026-07-27 01:35:57,828 [ERROR] LogOutputStream:75 - [STDERR_REDIRECT] Jul 27, 2026 1:35:57 AM java.util.prefs.FileSystemPreferences syncWorld
2026-07-27 01:35:57,828 [ERROR] LogOutputStream:75 - [STDERR_REDIRECT] WARNING: Couldn't flush system prefs: java.util.prefs.BackingStoreException: Couldn't get file lock.
2026-07-27 01:35:57,828 [ERROR] LogOutputStream:75 - [STDERR_REDIRECT] 
2026-07-27 01:36:27,829 [ERROR] LogOutputStream:75 - [STDERR_REDIRECT] Jul 27, 2026 1:36:27 AM java.util.prefs.FileSystemPreferences checkLockFile0ErrorCode
2026-07-27 01:36:27,829 [ERROR] LogOutputStream:75 - [STDERR_REDIRECT] WARNING: Could not lock System prefs. Unix error code 2.
2026-07-27 01:36:27,829 [ERROR] LogOutputStream:75 - [STDERR_REDIRECT] 
2026-07-27 01:36:27,830 [ERROR] LogOutputStream:75 - [STDERR_REDIRECT] Jul 27, 2026 1:36:27 AM java.util.prefs.FileSystemPreferences syncWorld
2026-07-27 01:36:27,830 [ERROR] LogOutputStream:75 - [STDERR_REDIRECT] WARNING: Couldn't flush system prefs: java.util.prefs.BackingStoreException: Couldn't get file lock.
2026-07-27 01:36:27,830 [ERROR] LogOutputStream:75 - [STDERR_REDIRECT] 
2026-07-27 01:36:57,830 [ERROR] LogOutputStream:75 - [STDERR_REDIRECT] Jul 27, 2026 1:36:57 AM java.util.prefs.FileSystemPreferences checkLockFile0ErrorCode
2026-07-27 01:36:57,830 [ERROR] LogOutputStream:75 - [STDERR_REDIRECT] WARNING: Could not lock System prefs. Unix error code 2.
2026-07-27 01:36:57,830 [ERROR] LogOutputStream:75 - [STDERR_REDIRECT] 
2026-07-27 01:36:57,830 [ERROR] LogOutputStream:75 - [STDERR_REDIRECT] Jul 27, 2026 1:36:57 AM java.util.prefs.FileSystemPreferences syncWorld
2026-07-27 01:36:57,830 [ERROR] LogOutputStream:75 - [STDERR_REDIRECT] WARNING: Couldn't flush system prefs: java.util.prefs.BackingStoreException: Couldn't get file lock.
2026-07-27 01:36:57,830 [ERROR] LogOutputStream:75 - [STDERR_REDIRECT] 
2026-07-27 01:37:27,829 [ERROR] LogOutputStream:75 - [STDERR_REDIRECT] Jul 27, 2026 1:37:27 AM java.util.prefs.FileSystemPreferences checkLockFile0ErrorCode
2026-07-27 01:37:27,829 [ERROR] LogOutputStream:75 - [STDERR_REDIRECT] WARNING: Could not lock System prefs. Unix error code 2.
2026-07-27 01:37:27,829 [ERROR] LogOutputStream:75 - [STDERR_REDIRECT] 
2026-07-27 01:37:27,829 [ERROR] LogOutputStream:75 - [STDERR_REDIRECT] Jul 27, 2026 1:37:27 AM java.util.prefs.FileSystemPreferences syncWorld
2026-07-27 01:37:27,830 [ERROR] LogOutputStream:75 - [STDERR_REDIRECT] WARNING: Couldn't flush system prefs: java.util.prefs.BackingStoreException: Couldn't get file lock.
2026-07-27 01:37:27,830 [ERROR] LogOutputStream:75 - [STDERR_REDIRECT] 
2026-07-27 01:37:57,830 [ERROR] LogOutputStream:75 - [STDERR_REDIRECT] Jul 27, 2026 1:37:57 AM java.util.prefs.FileSystemPreferences checkLockFile0ErrorCode
2026-07-27 01:37:57,831 [ERROR] LogOutputStream:75 - [STDERR_REDIRECT] WARNING: Could not lock System prefs. Unix error code 2.
2026-07-27 01:37:57,831 [ERROR] LogOutputStream:75 - [STDERR_REDIRECT] 
2026-07-27 01:37:57,831 [ERROR] LogOutputStream:75 - [STDERR_REDIRECT] Jul 27, 2026 1:37:57 AM java.util.prefs.FileSystemPreferences syncWorld
2026-07-27 01:37:57,831 [ERROR] LogOutputStream:75 - [STDERR_REDIRECT] WARNING: Couldn't flush system prefs: java.util.prefs.BackingStoreException: Couldn't get file lock.
2026-07-27 01:37:57,831 [ERROR] LogOutputStream:75 - [STDERR_REDIRECT] 
2026-07-27 01:38:27,830 [ERROR] LogOutputStream:75 - [STDERR_REDIRECT] Jul 27, 2026 1:38:27 AM java.util.prefs.FileSystemPreferences checkLockFile0ErrorCode
2026-07-27 01:38:27,830 [ERROR] LogOutputStream:75 - [STDERR_REDIRECT] WARNING: Could not lock System prefs. Unix error code 2.
2026-07-27 01:38:27,830 [ERROR] LogOutputStream:75 - [STDERR_REDIRECT] 
2026-07-27 01:38:27,831 [ERROR] LogOutputStream:75 - [STDERR_REDIRECT] Jul 27, 2026 1:38:27 AM java.util.prefs.FileSystemPreferences syncWorld
2026-07-27 01:38:27,831 [ERROR] LogOutputStream:75 - [STDERR_REDIRECT] WARNING: Couldn't flush system prefs: java.util.prefs.BackingStoreException: Couldn't get file lock.
2026-07-27 01:38:27,831 [ERROR] LogOutputStream:75 - [STDERR_REDIRECT] 
2026-07-27 01:38:57,831 [ERROR] LogOutputStream:75 - [STDERR_REDIRECT] Jul 27, 2026 1:38:57 AM java.util.prefs.FileSystemPreferences checkLockFile0ErrorCode
2026-07-27 01:38:57,831 [ERROR] LogOutputStream:75 - [STDERR_REDIRECT] WARNING: Could not lock System prefs. Unix error code 2.
2026-07-27 01:38:57,831 [ERROR] LogOutputStream:75 - [STDERR_REDIRECT] 
2026-07-27 01:38:57,832 [ERROR] LogOutputStream:75 - [STDERR_REDIRECT] Jul 27, 2026 1:38:57 AM java.util.prefs.FileSystemPreferences syncWorld
2026-07-27 01:38:57,832 [ERROR] LogOutputStream:75 - [STDERR_REDIRECT] WARNING: Couldn't flush system prefs: java.util.prefs.BackingStoreException: Couldn't get file lock.
2026-07-27 01:38:57,832 [ERROR] LogOutputStream:75 - [STDERR_REDIRECT] 
2026-07-27 01:39:27,830 [ERROR] LogOutputStream:75 - [STDERR_REDIRECT] Jul 27, 2026 1:39:27 AM java.util.prefs.FileSystemPreferences checkLockFile0ErrorCode
2026-07-27 01:39:27,831 [ERROR] LogOutputStream:75 - [STDERR_REDIRECT] WARNING: Could not lock System prefs. Unix error code 2.
2026-07-27 01:39:27,831 [ERROR] LogOutputStream:75 - [STDERR_REDIRECT] 
2026-07-27 01:39:27,831 [ERROR] LogOutputStream:75 - [STDERR_REDIRECT] Jul 27, 2026 1:39:27 AM java.util.prefs.FileSystemPreferences syncWorld
2026-07-27 01:39:27,831 [ERROR] LogOutputStream:75 - [STDERR_REDIRECT] WARNING: Couldn't flush system prefs: java.util.prefs.BackingStoreException: Couldn't get file lock.
2026-07-27 01:39:27,831 [ERROR] LogOutputStream:75 - [STDERR_REDIRECT] 
2026-07-27 01:39:57,832 [ERROR] LogOutputStream:75 - [STDERR_REDIRECT] Jul 27, 2026 1:39:57 AM java.util.prefs.FileSystemPreferences checkLockFile0ErrorCode
2026-07-27 01:39:57,832 [ERROR] LogOutputStream:75 - [STDERR_REDIRECT] WARNING: Could not lock System prefs. Unix error code 2.
2026-07-27 01:39:57,832 [ERROR] LogOutputStream:75 - [STDERR_REDIRECT] 
2026-07-27 01:39:57,832 [ERROR] LogOutputStream:75 - [STDERR_REDIRECT] Jul 27, 2026 1:39:57 AM java.util.prefs.FileSystemPreferences syncWorld
2026-07-27 01:39:57,832 [ERROR] LogOutputStream:75 - [STDERR_REDIRECT] WARNING: Couldn't flush system prefs: java.util.prefs.BackingStoreException: Couldn't get file lock.
2026-07-27 01:39:57,832 [ERROR] LogOutputStream:75 - [STDERR_REDIRECT] 
2026-07-27 01:40:27,833 [ERROR] LogOutputStream:75 - [STDERR_REDIRECT] Jul 27, 2026 1:40:27 AM java.util.prefs.FileSystemPreferences checkLockFile0ErrorCode
2026-07-27 01:40:27,833 [ERROR] LogOutputStream:75 - [STDERR_REDIRECT] WARNING: Could not lock System prefs. Unix error code 2.
2026-07-27 01:40:27,833 [ERROR] LogOutputStream:75 - [STDERR_REDIRECT] 
2026-07-27 01:40:27,833 [ERROR] LogOutputStream:75 - [STDERR_REDIRECT] Jul 27, 2026 1:40:27 AM java.util.prefs.FileSystemPreferences syncWorld
2026-07-27 01:40:27,833 [ERROR] LogOutputStream:75 - [STDERR_REDIRECT] WARNING: Couldn't flush system prefs: java.util.prefs.BackingStoreException: Couldn't get file lock.
2026-07-27 01:40:27,833 [ERROR] LogOutputStream:75 - [STDERR_REDIRECT] 
2026-07-27 01:40:57,833 [ERROR] LogOutputStream:75 - [STDERR_REDIRECT] Jul 27, 2026 1:40:57 AM java.util.prefs.FileSystemPreferences checkLockFile0ErrorCode
2026-07-27 01:40:57,833 [ERROR] LogOutputStream:75 - [STDERR_REDIRECT] WARNING: Could not lock System prefs. Unix error code 2.
2026-07-27 01:40:57,834 [ERROR] LogOutputStream:75 - [STDERR_REDIRECT] 
2026-07-27 01:40:57,834 [ERROR] LogOutputStream:75 - [STDERR_REDIRECT] Jul 27, 2026 1:40:57 AM java.util.prefs.FileSystemPreferences syncWorld
2026-07-27 01:40:57,834 [ERROR] LogOutputStream:75 - [STDERR_REDIRECT] WARNING: Couldn't flush system prefs: java.util.prefs.BackingStoreException: Couldn't get file lock.
2026-07-27 01:40:57,834 [ERROR] LogOutputStream:75 - [STDERR_REDIRECT] 
2026-07-27 01:41:27,834 [ERROR] LogOutputStream:75 - [STDERR_REDIRECT] Jul 27, 2026 1:41:27 AM java.util.prefs.FileSystemPreferences checkLockFile0ErrorCode
2026-07-27 01:41:27,834 [ERROR] LogOutputStream:75 - [STDERR_REDIRECT] WARNING: Could not lock System prefs. Unix error code 2.
2026-07-27 01:41:27,834 [ERROR] LogOutputStream:75 - [STDERR_REDIRECT] 
2026-07-27 01:41:27,834 [ERROR] LogOutputStream:75 - [STDERR_REDIRECT] Jul 27, 2026 1:41:27 AM java.util.prefs.FileSystemPreferences syncWorld
2026-07-27 01:41:27,835 [ERROR] LogOutputStream:75 - [STDERR_REDIRECT] WARNING: Couldn't flush system prefs: java.util.prefs.BackingStoreException: Couldn't get file lock.
2026-07-27 01:41:27,835 [ERROR] LogOutputStream:75 - [STDERR_REDIRECT] 
2026-07-27 01:41:57,833 [ERROR] LogOutputStream:75 - [STDERR_REDIRECT] Jul 27, 2026 1:41:57 AM java.util.prefs.FileSystemPreferences checkLockFile0ErrorCode
2026-07-27 01:41:57,833 [ERROR] LogOutputStream:75 - [STDERR_REDIRECT] WARNING: Could not lock System prefs. Unix error code 2.
2026-07-27 01:41:57,833 [ERROR] LogOutputStream:75 - [STDERR_REDIRECT] 
2026-07-27 01:41:57,834 [ERROR] LogOutputStream:75 - [STDERR_REDIRECT] Jul 27, 2026 1:41:57 AM java.util.prefs.FileSystemPreferences syncWorld
2026-07-27 01:41:57,834 [ERROR] LogOutputStream:75 - [STDERR_REDIRECT] WARNING: Couldn't flush system prefs: java.util.prefs.BackingStoreException: Couldn't get file lock.
2026-07-27 01:41:57,834 [ERROR] LogOutputStream:75 - [STDERR_REDIRECT] 
2026-07-27 01:42:27,834 [ERROR] LogOutputStream:75 - [STDERR_REDIRECT] Jul 27, 2026 1:42:27 AM java.util.prefs.FileSystemPreferences checkLockFile0ErrorCode
2026-07-27 01:42:27,834 [ERROR] LogOutputStream:75 - [STDERR_REDIRECT] WARNING: Could not lock System prefs. Unix error code 2.
2026-07-27 01:42:27,834 [ERROR] LogOutputStream:75 - [STDERR_REDIRECT] 
2026-07-27 01:42:27,835 [ERROR] LogOutputStream:75 - [STDERR_REDIRECT] Jul 27, 2026 1:42:27 AM java.util.prefs.FileSystemPreferences syncWorld
2026-07-27 01:42:27,835 [ERROR] LogOutputStream:75 - [STDERR_REDIRECT] WARNING: Couldn't flush system prefs: java.util.prefs.BackingStoreException: Couldn't get file lock.
2026-07-27 01:42:27,835 [ERROR] LogOutputStream:75 - [STDERR_REDIRECT] 
2026-07-27 01:42:57,835 [ERROR] LogOutputStream:75 - [STDERR_REDIRECT] Jul 27, 2026 1:42:57 AM java.util.prefs.FileSystemPreferences checkLockFile0ErrorCode
2026-07-27 01:42:57,835 [ERROR] LogOutputStream:75 - [STDERR_REDIRECT] WARNING: Could not lock System prefs. Unix error code 2.
2026-07-27 01:42:57,835 [ERROR] LogOutputStream:75 - [STDERR_REDIRECT] 
2026-07-27 01:42:57,835 [ERROR] LogOutputStream:75 - [STDERR_REDIRECT] Jul 27, 2026 1:42:57 AM java.util.prefs.FileSystemPreferences syncWorld
2026-07-27 01:42:57,835 [ERROR] LogOutputStream:75 - [STDERR_REDIRECT] WARNING: Couldn't flush system prefs: java.util.prefs.BackingStoreException: Couldn't get file lock.
2026-07-27 01:42:57,835 [ERROR] LogOutputStream:75 - [STDERR_REDIRECT] 
2026-07-27 01:43:27,834 [ERROR] LogOutputStream:75 - [STDERR_REDIRECT] Jul 27, 2026 1:43:27 AM java.util.prefs.FileSystemPreferences checkLockFile0ErrorCode
2026-07-27 01:43:27,835 [ERROR] LogOutputStream:75 - [STDERR_REDIRECT] WARNING: Could not lock System prefs. Unix error code 2.
2026-07-27 01:43:27,835 [ERROR] LogOutputStream:75 - [STDERR_REDIRECT] 
2026-07-27 01:43:27,835 [ERROR] LogOutputStream:75 - [STDERR_REDIRECT] Jul 27, 2026 1:43:27 AM java.util.prefs.FileSystemPreferences syncWorld
2026-07-27 01:43:27,835 [ERROR] LogOutputStream:75 - [STDERR_REDIRECT] WARNING: Couldn't flush system prefs: java.util.prefs.BackingStoreException: Couldn't get file lock.
2026-07-27 01:43:27,835 [ERROR] LogOutputStream:75 - [STDERR_REDIRECT] 
2026-07-27 01:43:57,835 [ERROR] LogOutputStream:75 - [STDERR_REDIRECT] Jul 27, 2026 1:43:57 AM java.util.prefs.FileSystemPreferences checkLockFile0ErrorCode
2026-07-27 01:43:57,835 [ERROR] LogOutputStream:75 - [STDERR_REDIRECT] WARNING: Could not lock System prefs. Unix error code 2.
2026-07-27 01:43:57,835 [ERROR] LogOutputStream:75 - [STDERR_REDIRECT] 
2026-07-27 01:43:57,835 [ERROR] LogOutputStream:75 - [STDERR_REDIRECT] Jul 27, 2026 1:43:57 AM java.util.prefs.FileSystemPreferences syncWorld
2026-07-27 01:43:57,835 [ERROR] LogOutputStream:75 - [STDERR_REDIRECT] WARNING: Couldn't flush system prefs: java.util.prefs.BackingStoreException: Couldn't get file lock.
2026-07-27 01:43:57,835 [ERROR] LogOutputStream:75 - [STDERR_REDIRECT] 
2026-07-27 01:44:27,837 [ERROR] LogOutputStream:75 - [STDERR_REDIRECT] Jul 27, 2026 1:44:27 AM java.util.prefs.FileSystemPreferences checkLockFile0ErrorCode
2026-07-27 01:44:27,837 [ERROR] LogOutputStream:75 - [STDERR_REDIRECT] WARNING: Could not lock System prefs. Unix error code 2.
2026-07-27 01:44:27,837 [ERROR] LogOutputStream:75 - [STDERR_REDIRECT] 
2026-07-27 01:44:27,837 [ERROR] LogOutputStream:75 - [STDERR_REDIRECT] Jul 27, 2026 1:44:27 AM java.util.prefs.FileSystemPreferences syncWorld
2026-07-27 01:44:27,837 [ERROR] LogOutputStream:75 - [STDERR_REDIRECT] WARNING: Couldn't flush system prefs: java.util.prefs.BackingStoreException: Couldn't get file lock.
2026-07-27 01:44:27,838 [ERROR] LogOutputStream:75 - [STDERR_REDIRECT] 
2026-07-27 01:44:57,836 [ERROR] LogOutputStream:75 - [STDERR_REDIRECT] Jul 27, 2026 1:44:57 AM java.util.prefs.FileSystemPreferences checkLockFile0ErrorCode
2026-07-27 01:44:57,836 [ERROR] LogOutputStream:75 - [STDERR_REDIRECT] WARNING: Could not lock System prefs. Unix error code 2.
2026-07-27 01:44:57,836 [ERROR] LogOutputStream:75 - [STDERR_REDIRECT] 
2026-07-27 01:44:57,837 [ERROR] LogOutputStream:75 - [STDERR_REDIRECT] Jul 27, 2026 1:44:57 AM java.util.prefs.FileSystemPreferences syncWorld
2026-07-27 01:44:57,837 [ERROR] LogOutputStream:75 - [STDERR_REDIRECT] WARNING: Couldn't flush system prefs: java.util.prefs.BackingStoreException: Couldn't get file lock.
2026-07-27 01:44:57,837 [ERROR] LogOutputStream:75 - [STDERR_REDIRECT] 
2026-07-27 01:45:27,838 [ERROR] LogOutputStream:75 - [STDERR_REDIRECT] Jul 27, 2026 1:45:27 AM java.util.prefs.FileSystemPreferences checkLockFile0ErrorCode
2026-07-27 01:45:27,839 [ERROR] LogOutputStream:75 - [STDERR_REDIRECT] WARNING: Could not lock System prefs. Unix error code 2.
2026-07-27 01:45:27,839 [ERROR] LogOutputStream:75 - [STDERR_REDIRECT] 
2026-07-27 01:45:27,839 [ERROR] LogOutputStream:75 - [STDERR_REDIRECT] Jul 27, 2026 1:45:27 AM java.util.prefs.FileSystemPreferences syncWorld
2026-07-27 01:45:27,839 [ERROR] LogOutputStream:75 - [STDERR_REDIRECT] WARNING: Couldn't flush system prefs: java.util.prefs.BackingStoreException: Couldn't get file lock.
2026-07-27 01:45:27,839 [ERROR] LogOutputStream:75 - [STDERR_REDIRECT] 
2026-07-27 01:45:57,837 [ERROR] LogOutputStream:75 - [STDERR_REDIRECT] Jul 27, 2026 1:45:57 AM java.util.prefs.FileSystemPreferences checkLockFile0ErrorCode
2026-07-27 01:45:57,837 [ERROR] LogOutputStream:75 - [STDERR_REDIRECT] WARNING: Could not lock System prefs. Unix error code 2.
2026-07-27 01:45:57,838 [ERROR] LogOutputStream:75 - [STDERR_REDIRECT] 
2026-07-27 01:45:57,838 [ERROR] LogOutputStream:75 - [STDERR_REDIRECT] Jul 27, 2026 1:45:57 AM java.util.prefs.FileSystemPreferences syncWorld
2026-07-27 01:45:57,838 [ERROR] LogOutputStream:75 - [STDERR_REDIRECT] WARNING: Couldn't flush system prefs: java.util.prefs.BackingStoreException: Couldn't get file lock.
2026-07-27 01:45:57,839 [ERROR] LogOutputStream:75 - [STDERR_REDIRECT] 
2026-07-27 01:46:27,838 [ERROR] LogOutputStream:75 - [STDERR_REDIRECT] Jul 27, 2026 1:46:27 AM java.util.prefs.FileSystemPreferences checkLockFile0ErrorCode
2026-07-27 01:46:27,838 [ERROR] LogOutputStream:75 - [STDERR_REDIRECT] WARNING: Could not lock System prefs. Unix error code 2.
2026-07-27 01:46:27,838 [ERROR] LogOutputStream:75 - [STDERR_REDIRECT] 
2026-07-27 01:46:27,839 [ERROR] LogOutputStream:75 - [STDERR_REDIRECT] Jul 27, 2026 1:46:27 AM java.util.prefs.FileSystemPreferences syncWorld
2026-07-27 01:46:27,839 [ERROR] LogOutputStream:75 - [STDERR_REDIRECT] WARNING: Couldn't flush system prefs: java.util.prefs.BackingStoreException: Couldn't get file lock.
2026-07-27 01:46:27,839 [ERROR] LogOutputStream:75 - [STDERR_REDIRECT] 
2026-07-27 01:46:57,837 [ERROR] LogOutputStream:75 - [STDERR_REDIRECT] Jul 27, 2026 1:46:57 AM java.util.prefs.FileSystemPreferences checkLockFile0ErrorCode
2026-07-27 01:46:57,838 [ERROR] LogOutputStream:75 - [STDERR_REDIRECT] WARNING: Could not lock System prefs. Unix error code 2.
2026-07-27 01:46:57,838 [ERROR] LogOutputStream:75 - [STDERR_REDIRECT] 
2026-07-27 01:46:57,838 [ERROR] LogOutputStream:75 - [STDERR_REDIRECT] Jul 27, 2026 1:46:57 AM java.util.prefs.FileSystemPreferences syncWorld
2026-07-27 01:46:57,838 [ERROR] LogOutputStream:75 - [STDERR_REDIRECT] WARNING: Couldn't flush system prefs: java.util.prefs.BackingStoreException: Couldn't get file lock.
2026-07-27 01:46:57,838 [ERROR] LogOutputStream:75 - [STDERR_REDIRECT] 
2026-07-27 01:47:27,838 [ERROR] LogOutputStream:75 - [STDERR_REDIRECT] Jul 27, 2026 1:47:27 AM java.util.prefs.FileSystemPreferences checkLockFile0ErrorCode
2026-07-27 01:47:27,839 [ERROR] LogOutputStream:75 - [STDERR_REDIRECT] WARNING: Could not lock System prefs. Unix error code 2.
2026-07-27 01:47:27,839 [ERROR] LogOutputStream:75 - [STDERR_REDIRECT] 
2026-07-27 01:47:27,839 [ERROR] LogOutputStream:75 - [STDERR_REDIRECT] Jul 27, 2026 1:47:27 AM java.util.prefs.FileSystemPreferences syncWorld
2026-07-27 01:47:27,839 [ERROR] LogOutputStream:75 - [STDERR_REDIRECT] WARNING: Couldn't flush system prefs: java.util.prefs.BackingStoreException: Couldn't get file lock.
2026-07-27 01:47:27,839 [ERROR] LogOutputStream:75 - [STDERR_REDIRECT] 
2026-07-27 01:47:57,838 [ERROR] LogOutputStream:75 - [STDERR_REDIRECT] Jul 27, 2026 1:47:57 AM java.util.prefs.FileSystemPreferences checkLockFile0ErrorCode
2026-07-27 01:47:57,838 [ERROR] LogOutputStream:75 - [STDERR_REDIRECT] WARNING: Could not lock System prefs. Unix error code 2.
2026-07-27 01:47:57,838 [ERROR] LogOutputStream:75 - [STDERR_REDIRECT] 
2026-07-27 01:47:57,839 [ERROR] LogOutputStream:75 - [STDERR_REDIRECT] Jul 27, 2026 1:47:57 AM java.util.prefs.FileSystemPreferences syncWorld
2026-07-27 01:47:57,839 [ERROR] LogOutputStream:75 - [STDERR_REDIRECT] WARNING: Couldn't flush system prefs: java.util.prefs.BackingStoreException: Couldn't get file lock.
2026-07-27 01:47:57,839 [ERROR] LogOutputStream:75 - [STDERR_REDIRECT] 
2026-07-27 01:48:27,839 [ERROR] LogOutputStream:75 - [STDERR_REDIRECT] Jul 27, 2026 1:48:27 AM java.util.prefs.FileSystemPreferences checkLockFile0ErrorCode
2026-07-27 01:48:27,840 [ERROR] LogOutputStream:75 - [STDERR_REDIRECT] WARNING: Could not lock System prefs. Unix error code 2.
2026-07-27 01:48:27,840 [ERROR] LogOutputStream:75 - [STDERR_REDIRECT] 
2026-07-27 01:48:27,840 [ERROR] LogOutputStream:75 - [STDERR_REDIRECT] Jul 27, 2026 1:48:27 AM java.util.prefs.FileSystemPreferences syncWorld
2026-07-27 01:48:27,840 [ERROR] LogOutputStream:75 - [STDERR_REDIRECT] WARNING: Couldn't flush system prefs: java.util.prefs.BackingStoreException: Couldn't get file lock.
2026-07-27 01:48:27,840 [ERROR] LogOutputStream:75 - [STDERR_REDIRECT] 
2026-07-27 01:48:57,839 [ERROR] LogOutputStream:75 - [STDERR_REDIRECT] Jul 27, 2026 1:48:57 AM java.util.prefs.FileSystemPreferences checkLockFile0ErrorCode
2026-07-27 01:48:57,839 [ERROR] LogOutputStream:75 - [STDERR_REDIRECT] WARNING: Could not lock System prefs. Unix error code 2.
2026-07-27 01:48:57,839 [ERROR] LogOutputStream:75 - [STDERR_REDIRECT] 
2026-07-27 01:48:57,840 [ERROR] LogOutputStream:75 - [STDERR_REDIRECT] Jul 27, 2026 1:48:57 AM java.util.prefs.FileSystemPreferences syncWorld
2026-07-27 01:48:57,840 [ERROR] LogOutputStream:75 - [STDERR_REDIRECT] WARNING: Couldn't flush system prefs: java.util.prefs.BackingStoreException: Couldn't get file lock.
2026-07-27 01:48:57,840 [ERROR] LogOutputStream:75 - [STDERR_REDIRECT] 
2026-07-27 01:49:27,839 [ERROR] LogOutputStream:75 - [STDERR_REDIRECT] Jul 27, 2026 1:49:27 AM java.util.prefs.FileSystemPreferences checkLockFile0ErrorCode
2026-07-27 01:49:27,840 [ERROR] LogOutputStream:75 - [STDERR_REDIRECT] WARNING: Could not lock System prefs. Unix error code 2.
2026-07-27 01:49:27,840 [ERROR] LogOutputStream:75 - [STDERR_REDIRECT] 
2026-07-27 01:49:27,840 [ERROR] LogOutputStream:75 - [STDERR_REDIRECT] Jul 27, 2026 1:49:27 AM java.util.prefs.FileSystemPreferences syncWorld
2026-07-27 01:49:27,840 [ERROR] LogOutputStream:75 - [STDERR_REDIRECT] WARNING: Couldn't flush system prefs: java.util.prefs.BackingStoreException: Couldn't get file lock.
2026-07-27 01:49:27,840 [ERROR] LogOutputStream:75 - [STDERR_REDIRECT] 
2026-07-27 01:49:57,840 [ERROR] LogOutputStream:75 - [STDERR_REDIRECT] Jul 27, 2026 1:49:57 AM java.util.prefs.FileSystemPreferences checkLockFile0ErrorCode
2026-07-27 01:49:57,840 [ERROR] LogOutputStream:75 - [STDERR_REDIRECT] WARNING: Could not lock System prefs. Unix error code 2.
2026-07-27 01:49:57,840 [ERROR] LogOutputStream:75 - [STDERR_REDIRECT] 
2026-07-27 01:49:57,840 [ERROR] LogOutputStream:75 - [STDERR_REDIRECT] Jul 27, 2026 1:49:57 AM java.util.prefs.FileSystemPreferences syncWorld
2026-07-27 01:49:57,840 [ERROR] LogOutputStream:75 - [STDERR_REDIRECT] WARNING: Couldn't flush system prefs: java.util.prefs.BackingStoreException: Couldn't get file lock.
2026-07-27 01:49:57,841 [ERROR] LogOutputStream:75 - [STDERR_REDIRECT] 
2026-07-27 01:50:27,839 [ERROR] LogOutputStream:75 - [STDERR_REDIRECT] Jul 27, 2026 1:50:27 AM java.util.prefs.FileSystemPreferences checkLockFile0ErrorCode
2026-07-27 01:50:27,839 [ERROR] LogOutputStream:75 - [STDERR_REDIRECT] WARNING: Could not lock System prefs. Unix error code 2.
2026-07-27 01:50:27,839 [ERROR] LogOutputStream:75 - [STDERR_REDIRECT] 
2026-07-27 01:50:27,839 [ERROR] LogOutputStream:75 - [STDERR_REDIRECT] Jul 27, 2026 1:50:27 AM java.util.prefs.FileSystemPreferences syncWorld
2026-07-27 01:50:27,839 [ERROR] LogOutputStream:75 - [STDERR_REDIRECT] WARNING: Couldn't flush system prefs: java.util.prefs.BackingStoreException: Couldn't get file lock.
2026-07-27 01:50:27,839 [ERROR] LogOutputStream:75 - [STDERR_REDIRECT] 
2026-07-27 01:50:57,840 [ERROR] LogOutputStream:75 - [STDERR_REDIRECT] Jul 27, 2026 1:50:57 AM java.util.prefs.FileSystemPreferences checkLockFile0ErrorCode
2026-07-27 01:50:57,840 [ERROR] LogOutputStream:75 - [STDERR_REDIRECT] WARNING: Could not lock System prefs. Unix error code 2.
2026-07-27 01:50:57,840 [ERROR] LogOutputStream:75 - [STDERR_REDIRECT] 
2026-07-27 01:50:57,840 [ERROR] LogOutputStream:75 - [STDERR_REDIRECT] Jul 27, 2026 1:50:57 AM java.util.prefs.FileSystemPreferences syncWorld
2026-07-27 01:50:57,840 [ERROR] LogOutputStream:75 - [STDERR_REDIRECT] WARNING: Couldn't flush system prefs: java.util.prefs.BackingStoreException: Couldn't get file lock.
2026-07-27 01:50:57,841 [ERROR] LogOutputStream:75 - [STDERR_REDIRECT] 
2026-07-27 01:51:27,840 [ERROR] LogOutputStream:75 - [STDERR_REDIRECT] Jul 27, 2026 1:51:27 AM java.util.prefs.FileSystemPreferences checkLockFile0ErrorCode
2026-07-27 01:51:27,840 [ERROR] LogOutputStream:75 - [STDERR_REDIRECT] WARNING: Could not lock System prefs. Unix error code 2.
2026-07-27 01:51:27,840 [ERROR] LogOutputStream:75 - [STDERR_REDIRECT] 
2026-07-27 01:51:27,840 [ERROR] LogOutputStream:75 - [STDERR_REDIRECT] Jul 27, 2026 1:51:27 AM java.util.prefs.FileSystemPreferences syncWorld
2026-07-27 01:51:27,840 [ERROR] LogOutputStream:75 - [STDERR_REDIRECT] WARNING: Couldn't flush system prefs: java.util.prefs.BackingStoreException: Couldn't get file lock.
2026-07-27 01:51:27,841 [ERROR] LogOutputStream:75 - [STDERR_REDIRECT] 
2026-07-27 01:51:57,840 [ERROR] LogOutputStream:75 - [STDERR_REDIRECT] Jul 27, 2026 1:51:57 AM java.util.prefs.FileSystemPreferences checkLockFile0ErrorCode
2026-07-27 01:51:57,840 [ERROR] LogOutputStream:75 - [STDERR_REDIRECT] WARNING: Could not lock System prefs. Unix error code 2.
2026-07-27 01:51:57,840 [ERROR] LogOutputStream:75 - [STDERR_REDIRECT] 
2026-07-27 01:51:57,840 [ERROR] LogOutputStream:75 - [STDERR_REDIRECT] Jul 27, 2026 1:51:57 AM java.util.prefs.FileSystemPreferences syncWorld
2026-07-27 01:51:57,840 [ERROR] LogOutputStream:75 - [STDERR_REDIRECT] WARNING: Couldn't flush system prefs: java.util.prefs.BackingStoreException: Couldn't get file lock.
2026-07-27 01:51:57,841 [ERROR] LogOutputStream:75 - [STDERR_REDIRECT] 
2026-07-27 01:52:27,840 [ERROR] LogOutputStream:75 - [STDERR_REDIRECT] Jul 27, 2026 1:52:27 AM java.util.prefs.FileSystemPreferences checkLockFile0ErrorCode
2026-07-27 01:52:27,840 [ERROR] LogOutputStream:75 - [STDERR_REDIRECT] WARNING: Could not lock System prefs. Unix error code 2.
2026-07-27 01:52:27,840 [ERROR] LogOutputStream:75 - [STDERR_REDIRECT] 
2026-07-27 01:52:27,841 [ERROR] LogOutputStream:75 - [STDERR_REDIRECT] Jul 27, 2026 1:52:27 AM java.util.prefs.FileSystemPreferences syncWorld
2026-07-27 01:52:27,841 [ERROR] LogOutputStream:75 - [STDERR_REDIRECT] WARNING: Couldn't flush system prefs: java.util.prefs.BackingStoreException: Couldn't get file lock.
2026-07-27 01:52:27,841 [ERROR] LogOutputStream:75 - [STDERR_REDIRECT] 
2026-07-27 01:52:57,840 [ERROR] LogOutputStream:75 - [STDERR_REDIRECT] Jul 27, 2026 1:52:57 AM java.util.prefs.FileSystemPreferences checkLockFile0ErrorCode
2026-07-27 01:52:57,840 [ERROR] LogOutputStream:75 - [STDERR_REDIRECT] WARNING: Could not lock System prefs. Unix error code 2.
2026-07-27 01:52:57,840 [ERROR] LogOutputStream:75 - [STDERR_REDIRECT] 
2026-07-27 01:52:57,841 [ERROR] LogOutputStream:75 - [STDERR_REDIRECT] Jul 27, 2026 1:52:57 AM java.util.prefs.FileSystemPreferences syncWorld
2026-07-27 01:52:57,841 [ERROR] LogOutputStream:75 - [STDERR_REDIRECT] WARNING: Couldn't flush system prefs: java.util.prefs.BackingStoreException: Couldn't get file lock.
2026-07-27 01:52:57,841 [ERROR] LogOutputStream:75 - [STDERR_REDIRECT] 
2026-07-27 01:53:27,840 [ERROR] LogOutputStream:75 - [STDERR_REDIRECT] Jul 27, 2026 1:53:27 AM java.util.prefs.FileSystemPreferences checkLockFile0ErrorCode
2026-07-27 01:53:27,840 [ERROR] LogOutputStream:75 - [STDERR_REDIRECT] WARNING: Could not lock System prefs. Unix error code 2.
2026-07-27 01:53:27,840 [ERROR] LogOutputStream:75 - [STDERR_REDIRECT] 
2026-07-27 01:53:27,840 [ERROR] LogOutputStream:75 - [STDERR_REDIRECT] Jul 27, 2026 1:53:27 AM java.util.prefs.FileSystemPreferences syncWorld
2026-07-27 01:53:27,840 [ERROR] LogOutputStream:75 - [STDERR_REDIRECT] WARNING: Couldn't flush system prefs: java.util.prefs.BackingStoreException: Couldn't get file lock.
2026-07-27 01:53:27,840 [ERROR] LogOutputStream:75 - [STDERR_REDIRECT] 
2026-07-27 01:53:57,841 [ERROR] LogOutputStream:75 - [STDERR_REDIRECT] Jul 27, 2026 1:53:57 AM java.util.prefs.FileSystemPreferences checkLockFile0ErrorCode
2026-07-27 01:53:57,841 [ERROR] LogOutputStream:75 - [STDERR_REDIRECT] WARNING: Could not lock System prefs. Unix error code 2.
2026-07-27 01:53:57,842 [ERROR] LogOutputStream:75 - [STDERR_REDIRECT] 
2026-07-27 01:53:57,842 [ERROR] LogOutputStream:75 - [STDERR_REDIRECT] Jul 27, 2026 1:53:57 AM java.util.prefs.FileSystemPreferences syncWorld
2026-07-27 01:53:57,842 [ERROR] LogOutputStream:75 - [STDERR_REDIRECT] WARNING: Couldn't flush system prefs: java.util.prefs.BackingStoreException: Couldn't get file lock.
2026-07-27 01:53:57,842 [ERROR] LogOutputStream:75 - [STDERR_REDIRECT] 
2026-07-27 01:54:27,842 [ERROR] LogOutputStream:75 - [STDERR_REDIRECT] Jul 27, 2026 1:54:27 AM java.util.prefs.FileSystemPreferences checkLockFile0ErrorCode
2026-07-27 01:54:27,842 [ERROR] LogOutputStream:75 - [STDERR_REDIRECT] WARNING: Could not lock System prefs. Unix error code 2.
2026-07-27 01:54:27,842 [ERROR] LogOutputStream:75 - [STDERR_REDIRECT] 
2026-07-27 01:54:27,842 [ERROR] LogOutputStream:75 - [STDERR_REDIRECT] Jul 27, 2026 1:54:27 AM java.util.prefs.FileSystemPreferences syncWorld
2026-07-27 01:54:27,843 [ERROR] LogOutputStream:75 - [STDERR_REDIRECT] WARNING: Couldn't flush system prefs: java.util.prefs.BackingStoreException: Couldn't get file lock.
2026-07-27 01:54:27,843 [ERROR] LogOutputStream:75 - [STDERR_REDIRECT] 
2026-07-27 01:54:57,842 [ERROR] LogOutputStream:75 - [STDERR_REDIRECT] Jul 27, 2026 1:54:57 AM java.util.prefs.FileSystemPreferences checkLockFile0ErrorCode
2026-07-27 01:54:57,842 [ERROR] LogOutputStream:75 - [STDERR_REDIRECT] WARNING: Could not lock System prefs. Unix error code 2.
2026-07-27 01:54:57,842 [ERROR] LogOutputStream:75 - [STDERR_REDIRECT] 
2026-07-27 01:54:57,843 [ERROR] LogOutputStream:75 - [STDERR_REDIRECT] Jul 27, 2026 1:54:57 AM java.util.prefs.FileSystemPreferences syncWorld
2026-07-27 01:54:57,843 [ERROR] LogOutputStream:75 - [STDERR_REDIRECT] WARNING: Couldn't flush system prefs: java.util.prefs.BackingStoreException: Couldn't get file lock.
2026-07-27 01:54:57,843 [ERROR] LogOutputStream:75 - [STDERR_REDIRECT] 
2026-07-27 01:55:27,842 [ERROR] LogOutputStream:75 - [STDERR_REDIRECT] Jul 27, 2026 1:55:27 AM java.util.prefs.FileSystemPreferences checkLockFile0ErrorCode
2026-07-27 01:55:27,843 [ERROR] LogOutputStream:75 - [STDERR_REDIRECT] WARNING: Could not lock System prefs. Unix error code 2.
2026-07-27 01:55:27,843 [ERROR] LogOutputStream:75 - [STDERR_REDIRECT] 
2026-07-27 01:55:27,843 [ERROR] LogOutputStream:75 - [STDERR_REDIRECT] Jul 27, 2026 1:55:27 AM java.util.prefs.FileSystemPreferences syncWorld
2026-07-27 01:55:27,843 [ERROR] LogOutputStream:75 - [STDERR_REDIRECT] WARNING: Couldn't flush system prefs: java.util.prefs.BackingStoreException: Couldn't get file lock.
2026-07-27 01:55:27,843 [ERROR] LogOutputStream:75 - [STDERR_REDIRECT] 
2026-07-27 01:55:57,843 [ERROR] LogOutputStream:75 - [STDERR_REDIRECT] Jul 27, 2026 1:55:57 AM java.util.prefs.FileSystemPreferences checkLockFile0ErrorCode
2026-07-27 01:55:57,843 [ERROR] LogOutputStream:75 - [STDERR_REDIRECT] WARNING: Could not lock System prefs. Unix error code 2.
2026-07-27 01:55:57,843 [ERROR] LogOutputStream:75 - [STDERR_REDIRECT] 
2026-07-27 01:55:57,843 [ERROR] LogOutputStream:75 - [STDERR_REDIRECT] Jul 27, 2026 1:55:57 AM java.util.prefs.FileSystemPreferences syncWorld
2026-07-27 01:55:57,844 [ERROR] LogOutputStream:75 - [STDERR_REDIRECT] WARNING: Couldn't flush system prefs: java.util.prefs.BackingStoreException: Couldn't get file lock.
2026-07-27 01:55:57,844 [ERROR] LogOutputStream:75 - [STDERR_REDIRECT] 
2026-07-27 01:56:27,841 [ERROR] LogOutputStream:75 - [STDERR_REDIRECT] Jul 27, 2026 1:56:27 AM java.util.prefs.FileSystemPreferences checkLockFile0ErrorCode
2026-07-27 01:56:27,841 [ERROR] LogOutputStream:75 - [STDERR_REDIRECT] WARNING: Could not lock System prefs. Unix error code 2.
2026-07-27 01:56:27,841 [ERROR] LogOutputStream:75 - [STDERR_REDIRECT] 
2026-07-27 01:56:27,842 [ERROR] LogOutputStream:75 - [STDERR_REDIRECT] Jul 27, 2026 1:56:27 AM java.util.prefs.FileSystemPreferences syncWorld
2026-07-27 01:56:27,842 [ERROR] LogOutputStream:75 - [STDERR_REDIRECT] WARNING: Couldn't flush system prefs: java.util.prefs.BackingStoreException: Couldn't get file lock.
2026-07-27 01:56:27,842 [ERROR] LogOutputStream:75 - [STDERR_REDIRECT] 
2026-07-27 01:56:57,841 [ERROR] LogOutputStream:75 - [STDERR_REDIRECT] Jul 27, 2026 1:56:57 AM java.util.prefs.FileSystemPreferences checkLockFile0ErrorCode
2026-07-27 01:56:57,841 [ERROR] LogOutputStream:75 - [STDERR_REDIRECT] WARNING: Could not lock System prefs. Unix error code 2.
2026-07-27 01:56:57,841 [ERROR] LogOutputStream:75 - [STDERR_REDIRECT] 
2026-07-27 01:56:57,842 [ERROR] LogOutputStream:75 - [STDERR_REDIRECT] Jul 27, 2026 1:56:57 AM java.util.prefs.FileSystemPreferences syncWorld
2026-07-27 01:56:57,842 [ERROR] LogOutputStream:75 - [STDERR_REDIRECT] WARNING: Couldn't flush system prefs: java.util.prefs.BackingStoreException: Couldn't get file lock.
2026-07-27 01:56:57,842 [ERROR] LogOutputStream:75 - [STDERR_REDIRECT] 
2026-07-27 01:57:27,842 [ERROR] LogOutputStream:75 - [STDERR_REDIRECT] Jul 27, 2026 1:57:27 AM java.util.prefs.FileSystemPreferences checkLockFile0ErrorCode
2026-07-27 01:57:27,843 [ERROR] LogOutputStream:75 - [STDERR_REDIRECT] WARNING: Could not lock System prefs. Unix error code 2.
2026-07-27 01:57:27,843 [ERROR] LogOutputStream:75 - [STDERR_REDIRECT] 
2026-07-27 01:57:27,844 [ERROR] LogOutputStream:75 - [STDERR_REDIRECT] Jul 27, 2026 1:57:27 AM java.util.prefs.FileSystemPreferences syncWorld
2026-07-27 01:57:27,844 [ERROR] LogOutputStream:75 - [STDERR_REDIRECT] WARNING: Couldn't flush system prefs: java.util.prefs.BackingStoreException: Couldn't get file lock.
2026-07-27 01:57:27,844 [ERROR] LogOutputStream:75 - [STDERR_REDIRECT] 
2026-07-27 01:57:57,842 [ERROR] LogOutputStream:75 - [STDERR_REDIRECT] Jul 27, 2026 1:57:57 AM java.util.prefs.FileSystemPreferences checkLockFile0ErrorCode
2026-07-27 01:57:57,842 [ERROR] LogOutputStream:75 - [STDERR_REDIRECT] WARNING: Could not lock System prefs. Unix error code 2.
2026-07-27 01:57:57,842 [ERROR] LogOutputStream:75 - [STDERR_REDIRECT] 
2026-07-27 01:57:57,843 [ERROR] LogOutputStream:75 - [STDERR_REDIRECT] Jul 27, 2026 1:57:57 AM java.util.prefs.FileSystemPreferences syncWorld
2026-07-27 01:57:57,843 [ERROR] LogOutputStream:75 - [STDERR_REDIRECT] WARNING: Couldn't flush system prefs: java.util.prefs.BackingStoreException: Couldn't get file lock.
2026-07-27 01:57:57,843 [ERROR] LogOutputStream:75 - [STDERR_REDIRECT] 
2026-07-27 01:58:27,843 [ERROR] LogOutputStream:75 - [STDERR_REDIRECT] Jul 27, 2026 1:58:27 AM java.util.prefs.FileSystemPreferences checkLockFile0ErrorCode
2026-07-27 01:58:27,843 [ERROR] LogOutputStream:75 - [STDERR_REDIRECT] WARNING: Could not lock System prefs. Unix error code 2.
2026-07-27 01:58:27,843 [ERROR] LogOutputStream:75 - [STDERR_REDIRECT] 
2026-07-27 01:58:27,843 [ERROR] LogOutputStream:75 - [STDERR_REDIRECT] Jul 27, 2026 1:58:27 AM java.util.prefs.FileSystemPreferences syncWorld
2026-07-27 01:58:27,843 [ERROR] LogOutputStream:75 - [STDERR_REDIRECT] WARNING: Couldn't flush system prefs: java.util.prefs.BackingStoreException: Couldn't get file lock.
2026-07-27 01:58:27,843 [ERROR] LogOutputStream:75 - [STDERR_REDIRECT] 
2026-07-27 01:58:57,843 [ERROR] LogOutputStream:75 - [STDERR_REDIRECT] Jul 27, 2026 1:58:57 AM java.util.prefs.FileSystemPreferences checkLockFile0ErrorCode
2026-07-27 01:58:57,843 [ERROR] LogOutputStream:75 - [STDERR_REDIRECT] WARNING: Could not lock System prefs. Unix error code 2.
2026-07-27 01:58:57,843 [ERROR] LogOutputStream:75 - [STDERR_REDIRECT] 
2026-07-27 01:58:57,843 [ERROR] LogOutputStream:75 - [STDERR_REDIRECT] Jul 27, 2026 1:58:57 AM java.util.prefs.FileSystemPreferences syncWorld
2026-07-27 01:58:57,843 [ERROR] LogOutputStream:75 - [STDERR_REDIRECT] WARNING: Couldn't flush system prefs: java.util.prefs.BackingStoreException: Couldn't get file lock.
2026-07-27 01:58:57,843 [ERROR] LogOutputStream:75 - [STDERR_REDIRECT] 
2026-07-27 01:59:27,843 [ERROR] LogOutputStream:75 - [STDERR_REDIRECT] Jul 27, 2026 1:59:27 AM java.util.prefs.FileSystemPreferences checkLockFile0ErrorCode
2026-07-27 01:59:27,843 [ERROR] LogOutputStream:75 - [STDERR_REDIRECT] WARNING: Could not lock System prefs. Unix error code 2.
2026-07-27 01:59:27,844 [ERROR] LogOutputStream:75 - [STDERR_REDIRECT] 
2026-07-27 01:59:27,844 [ERROR] LogOutputStream:75 - [STDERR_REDIRECT] Jul 27, 2026 1:59:27 AM java.util.prefs.FileSystemPreferences syncWorld
2026-07-27 01:59:27,844 [ERROR] LogOutputStream:75 - [STDERR_REDIRECT] WARNING: Couldn't flush system prefs: java.util.prefs.BackingStoreException: Couldn't get file lock.
2026-07-27 01:59:27,844 [ERROR] LogOutputStream:75 - [STDERR_REDIRECT] 
2026-07-27 01:59:57,844 [ERROR] LogOutputStream:75 - [STDERR_REDIRECT] Jul 27, 2026 1:59:57 AM java.util.prefs.FileSystemPreferences checkLockFile0ErrorCode
2026-07-27 01:59:57,844 [ERROR] LogOutputStream:75 - [STDERR_REDIRECT] WARNING: Could not lock System prefs. Unix error code 2.
2026-07-27 01:59:57,844 [ERROR] LogOutputStream:75 - [STDERR_REDIRECT] 
2026-07-27 01:59:57,844 [ERROR] LogOutputStream:75 - [STDERR_REDIRECT] Jul 27, 2026 1:59:57 AM java.util.prefs.FileSystemPreferences syncWorld
2026-07-27 01:59:57,845 [ERROR] LogOutputStream:75 - [STDERR_REDIRECT] WARNING: Couldn't flush system prefs: java.util.prefs.BackingStoreException: Couldn't get file lock.
2026-07-27 01:59:57,845 [ERROR] LogOutputStream:75 - [STDERR_REDIRECT] 
2026-07-27 02:00:27,843 [ERROR] LogOutputStream:75 - [STDERR_REDIRECT] Jul 27, 2026 2:00:27 AM java.util.prefs.FileSystemPreferences checkLockFile0ErrorCode
2026-07-27 02:00:27,843 [ERROR] LogOutputStream:75 - [STDERR_REDIRECT] WARNING: Could not lock System prefs. Unix error code 2.
2026-07-27 02:00:27,844 [ERROR] LogOutputStream:75 - [STDERR_REDIRECT] 
2026-07-27 02:00:27,844 [ERROR] LogOutputStream:75 - [STDERR_REDIRECT] Jul 27, 2026 2:00:27 AM java.util.prefs.FileSystemPreferences syncWorld
2026-07-27 02:00:27,844 [ERROR] LogOutputStream:75 - [STDERR_REDIRECT] WARNING: Couldn't flush system prefs: java.util.prefs.BackingStoreException: Couldn't get file lock.
2026-07-27 02:00:27,844 [ERROR] LogOutputStream:75 - [STDERR_REDIRECT] 
2026-07-27 02:00:57,845 [ERROR] LogOutputStream:75 - [STDERR_REDIRECT] Jul 27, 2026 2:00:57 AM java.util.prefs.FileSystemPreferences checkLockFile0ErrorCode
2026-07-27 02:00:57,845 [ERROR] LogOutputStream:75 - [STDERR_REDIRECT] WARNING: Could not lock System prefs. Unix error code 2.
2026-07-27 02:00:57,846 [ERROR] LogOutputStream:75 - [STDERR_REDIRECT] 
2026-07-27 02:00:57,846 [ERROR] LogOutputStream:75 - [STDERR_REDIRECT] Jul 27, 2026 2:00:57 AM java.util.prefs.FileSystemPreferences syncWorld
2026-07-27 02:00:57,846 [ERROR] LogOutputStream:75 - [STDERR_REDIRECT] WARNING: Couldn't flush system prefs: java.util.prefs.BackingStoreException: Couldn't get file lock.
2026-07-27 02:00:57,846 [ERROR] LogOutputStream:75 - [STDERR_REDIRECT] 
2026-07-27 02:01:27,844 [ERROR] LogOutputStream:75 - [STDERR_REDIRECT] Jul 27, 2026 2:01:27 AM java.util.prefs.FileSystemPreferences checkLockFile0ErrorCode
2026-07-27 02:01:27,844 [ERROR] LogOutputStream:75 - [STDERR_REDIRECT] WARNING: Could not lock System prefs. Unix error code 2.
2026-07-27 02:01:27,844 [ERROR] LogOutputStream:75 - [STDERR_REDIRECT] 
2026-07-27 02:01:27,845 [ERROR] LogOutputStream:75 - [STDERR_REDIRECT] Jul 27, 2026 2:01:27 AM java.util.prefs.FileSystemPreferences syncWorld
2026-07-27 02:01:27,845 [ERROR] LogOutputStream:75 - [STDERR_REDIRECT] WARNING: Couldn't flush system prefs: java.util.prefs.BackingStoreException: Couldn't get file lock.
2026-07-27 02:01:27,845 [ERROR] LogOutputStream:75 - [STDERR_REDIRECT] 
2026-07-27 02:01:57,845 [ERROR] LogOutputStream:75 - [STDERR_REDIRECT] Jul 27, 2026 2:01:57 AM java.util.prefs.FileSystemPreferences checkLockFile0ErrorCode
2026-07-27 02:01:57,845 [ERROR] LogOutputStream:75 - [STDERR_REDIRECT] WARNING: Could not lock System prefs. Unix error code 2.
2026-07-27 02:01:57,845 [ERROR] LogOutputStream:75 - [STDERR_REDIRECT] 
2026-07-27 02:01:57,846 [ERROR] LogOutputStream:75 - [STDERR_REDIRECT] Jul 27, 2026 2:01:57 AM java.util.prefs.FileSystemPreferences syncWorld
2026-07-27 02:01:57,846 [ERROR] LogOutputStream:75 - [STDERR_REDIRECT] WARNING: Couldn't flush system prefs: java.util.prefs.BackingStoreException: Couldn't get file lock.
2026-07-27 02:01:57,846 [ERROR] LogOutputStream:75 - [STDERR_REDIRECT] 
2026-07-27 02:02:27,845 [ERROR] LogOutputStream:75 - [STDERR_REDIRECT] Jul 27, 2026 2:02:27 AM java.util.prefs.FileSystemPreferences checkLockFile0ErrorCode
2026-07-27 02:02:27,845 [ERROR] LogOutputStream:75 - [STDERR_REDIRECT] WARNING: Could not lock System prefs. Unix error code 2.
2026-07-27 02:02:27,845 [ERROR] LogOutputStream:75 - [STDERR_REDIRECT] 
2026-07-27 02:02:27,846 [ERROR] LogOutputStream:75 - [STDERR_REDIRECT] Jul 27, 2026 2:02:27 AM java.util.prefs.FileSystemPreferences syncWorld
2026-07-27 02:02:27,846 [ERROR] LogOutputStream:75 - [STDERR_REDIRECT] WARNING: Couldn't flush system prefs: java.util.prefs.BackingStoreException: Couldn't get file lock.
2026-07-27 02:02:27,846 [ERROR] LogOutputStream:75 - [STDERR_REDIRECT] 
2026-07-27 02:02:57,846 [ERROR] LogOutputStream:75 - [STDERR_REDIRECT] Jul 27, 2026 2:02:57 AM java.util.prefs.FileSystemPreferences checkLockFile0ErrorCode
2026-07-27 02:02:57,846 [ERROR] LogOutputStream:75 - [STDERR_REDIRECT] WARNING: Could not lock System prefs. Unix error code 2.
2026-07-27 02:02:57,846 [ERROR] LogOutputStream:75 - [STDERR_REDIRECT] 
2026-07-27 02:02:57,846 [ERROR] LogOutputStream:75 - [STDERR_REDIRECT] Jul 27, 2026 2:02:57 AM java.util.prefs.FileSystemPreferences syncWorld
2026-07-27 02:02:57,847 [ERROR] LogOutputStream:75 - [STDERR_REDIRECT] WARNING: Couldn't flush system prefs: java.util.prefs.BackingStoreException: Couldn't get file lock.
2026-07-27 02:02:57,847 [ERROR] LogOutputStream:75 - [STDERR_REDIRECT] 
2026-07-27 02:03:25,893 [ERROR] LogOutputStream:75 - [STDERR_REDIRECT] 
2026-07-27 02:03:25,893 [ERROR] LogOutputStream:75 - [STDERR_REDIRECT] 
